-- MySQL dump 10.13  Distrib 8.3.0, for Win64 (x86_64)
--
-- Host: 127.0.0.1    Database: smarthealthhub
-- ------------------------------------------------------
-- Server version	8.3.0

/*!40101 SET @OLD_CHARACTER_SET_CLIENT=@@CHARACTER_SET_CLIENT */;
/*!40101 SET @OLD_CHARACTER_SET_RESULTS=@@CHARACTER_SET_RESULTS */;
/*!40101 SET @OLD_COLLATION_CONNECTION=@@COLLATION_CONNECTION */;
/*!50503 SET NAMES utf8mb4 */;
/*!40103 SET @OLD_TIME_ZONE=@@TIME_ZONE */;
/*!40103 SET TIME_ZONE='+00:00' */;
/*!40014 SET @OLD_UNIQUE_CHECKS=@@UNIQUE_CHECKS, UNIQUE_CHECKS=0 */;
/*!40014 SET @OLD_FOREIGN_KEY_CHECKS=@@FOREIGN_KEY_CHECKS, FOREIGN_KEY_CHECKS=0 */;
/*!40101 SET @OLD_SQL_MODE=@@SQL_MODE, SQL_MODE='NO_AUTO_VALUE_ON_ZERO' */;
/*!40111 SET @OLD_SQL_NOTES=@@SQL_NOTES, SQL_NOTES=0 */;

--
-- Table structure for table `article_categories`
--

DROP TABLE IF EXISTS `article_categories`;
/*!40101 SET @saved_cs_client     = @@character_set_client */;
/*!50503 SET character_set_client = utf8mb4 */;
CREATE TABLE `article_categories` (
  `id` bigint NOT NULL COMMENT '主键，雪花ID',
  `name` varchar(50) NOT NULL COMMENT '分类名称',
  `description` varchar(200) DEFAULT NULL COMMENT '分类描述',
  `sort_order` int NOT NULL DEFAULT '0' COMMENT '排序',
  `is_enabled` tinyint NOT NULL DEFAULT '1' COMMENT '是否启用：0 否 1 是',
  `created_at` datetime DEFAULT CURRENT_TIMESTAMP COMMENT '创建时间',
  `updated_at` datetime DEFAULT CURRENT_TIMESTAMP ON UPDATE CURRENT_TIMESTAMP COMMENT '更新时间',
  PRIMARY KEY (`id`)
) ENGINE=InnoDB DEFAULT CHARSET=utf8mb4 COLLATE=utf8mb4_0900_ai_ci COMMENT='文章分类表';
/*!40101 SET character_set_client = @saved_cs_client */;

--
-- Dumping data for table `article_categories`
--

LOCK TABLES `article_categories` WRITE;
/*!40000 ALTER TABLE `article_categories` DISABLE KEYS */;
INSERT INTO `article_categories` VALUES (1001,'健康饮食','关于营养搭配、健康饮食习惯等方面的文章',1,1,'2025-12-01 15:16:23','2025-12-01 22:03:02'),(1002,'运动健身0','介绍各类运动方式、健身计划等内容0',2,1,'2025-12-01 15:16:23','2025-12-01 22:03:03'),(1003,'心理健康','关注心理调节、情绪管理、压力缓解等主题',3,1,'2025-12-01 15:16:23','2025-12-01 15:16:23'),(1004,'疾病预防','常见疾病的预防知识和健康建议',4,1,'2025-12-01 15:16:23','2025-12-01 15:16:23'),(1005,'中医养生','传统中医理论、养生方法相关内容',5,1,'2025-12-01 15:16:23','2025-12-01 15:16:23'),(1006,'儿童健康','关注儿童成长发育、儿科疾病防治等',6,1,'2025-12-01 15:16:23','2025-12-01 15:16:23'),(1007,'老年保健','针对老年人的健康管理、慢性病护理等',7,1,'2025-12-01 15:16:23','2025-12-01 15:16:23'),(1008,'女性健康','妇科疾病、孕期保健、更年期调理等相关内容',8,1,'2025-12-01 15:16:23','2025-12-01 15:16:23');
/*!40000 ALTER TABLE `article_categories` ENABLE KEYS */;
UNLOCK TABLES;

--
-- Table structure for table `appointments`
--

DROP TABLE IF EXISTS `appointments`;
/*!40101 SET @saved_cs_client     = @@character_set_client */;
/*!50503 SET character_set_client = utf8mb4 */;
CREATE TABLE `appointments` (
  `id` bigint NOT NULL COMMENT '主键，雪花ID',
  `schedule_id` bigint NOT NULL COMMENT '医生排班ID，关联 doctor_schedules.id',
  `patient_id` bigint NOT NULL COMMENT '患者用户ID，关联 users.id',
  `status` tinyint NOT NULL DEFAULT '0' COMMENT '状态：0 待确认 1 已确认 2 已就诊 3 已取消',
  `description` varchar(500) DEFAULT NULL COMMENT '病情描述/备注',
  `registration_no` varchar(32) DEFAULT NULL COMMENT '挂号单号',
  `created_at` datetime DEFAULT CURRENT_TIMESTAMP COMMENT '创建时间',
  `updated_at` datetime DEFAULT CURRENT_TIMESTAMP ON UPDATE CURRENT_TIMESTAMP COMMENT '更新时间',
  PRIMARY KEY (`id`),
  KEY `idx_schedule_patient` (`schedule_id`,`patient_id`),
  KEY `idx_appointments_patient_id` (`patient_id`),
  KEY `idx_appointments_schedule_id` (`schedule_id`)
) ENGINE=InnoDB DEFAULT CHARSET=utf8mb4 COLLATE=utf8mb4_0900_ai_ci COMMENT='预约挂号表：关联医生排班与患者';
/*!40101 SET character_set_client = @saved_cs_client */;

--
-- Dumping data for table `appointments`
--

LOCK TABLES `appointments` WRITE;
/*!40000 ALTER TABLE `appointments` DISABLE KEYS */;
INSERT INTO `appointments` VALUES (10000000000000001,10001,1760116803804,0,'头痛伴有轻微发热','REG20251001001','2025-10-01 09:30:00','2025-10-01 09:30:00');
INSERT INTO `appointments` VALUES (10000000000000002,10002,10000000000000002,1,'高血压复诊','REG20251001002','2025-10-01 10:00:00','2025-10-01 10:00:00');
INSERT INTO `appointments` VALUES (10000000000000003,10001,10000000000000002,2,'年度常规体检','REG20251001003','2025-10-01 10:30:00','2025-10-01 10:30:00');
INSERT INTO `appointments` VALUES (10000000000000004,10002,10000000000000001,3,'季节性流感','REG20251001004','2025-10-01 11:00:00','2025-10-01 11:00:00');
INSERT INTO `appointments` VALUES (10000000000000005,10001,10000000000000001,0,'皮肤过敏','REG20251001005','2025-10-02 09:00:00','2025-10-02 09:00:00');
INSERT INTO `appointments` VALUES (10000000000000006,10002,10000000000000002,1,'糖尿病咨询','REG20251001006','2025-10-02 14:00:00','2025-10-02 14:00:00');
INSERT INTO `appointments` VALUES (10000000000000007,10001,10000000000000002,0,'视力模糊','REG20251001007','2025-10-03 09:30:00','2025-10-03 09:30:00');
INSERT INTO `appointments` VALUES (10000000000000008,10002,10000000000000001,1,'关节疼痛','REG20251001008','2025-10-03 15:00:00','2025-10-03 15:00:00');
INSERT INTO `appointments` VALUES (10000000000000009,10001,10000000000000001,2,'胃痛','REG20251001009','2025-10-04 10:00:00','2025-10-04 10:00:00');
INSERT INTO `appointments` VALUES (10000000000000010,10002,10000000000000002,0,'失眠','REG20251001010','2025-10-04 16:00:00','2025-10-04 16:00:00');
INSERT INTO `appointments` VALUES (10000000000000011,10001,10000000000000001,1,'听力下降','REG20251001011','2025-10-05 09:00:00','2025-10-05 09:00:00');
INSERT INTO `appointments` VALUES (10000000000000012,10002,10000000000000002,3,'牙痛','REG20251001012','2025-10-05 14:30:00','2025-10-05 14:30:00');
INSERT INTO `appointments` VALUES (10000000000000013,10001,10000000000000001,0,'胸闷','REG20251001013','2025-10-06 10:30:00','2025-10-06 10:30:00');
INSERT INTO `appointments` VALUES (10000000000000014,10002,10000000000000002,1,'背痛','REG20251001014','2025-10-06 15:30:00','2025-10-06 15:30:00');
INSERT INTO `appointments` VALUES (10000000000000015,10001,10000000000000001,2,'过敏性鼻炎','REG20251001015','2025-10-07 11:00:00','2025-10-07 11:00:00');
INSERT INTO `appointments` VALUES (10000000000000016,10003,1760116803804,0,'头晕','REG20251001016','2025-10-21 09:00:00','2025-10-21 09:00:00');
INSERT INTO `appointments` VALUES (10000000000000017,10004,1760116803804,1,'感冒','REG20251001017','2025-10-22 10:00:00','2025-10-22 10:00:00');
INSERT INTO `appointments` VALUES (10000000000000018,10005,1760116803804,0,'发烧','REG20251001018','2025-10-20 11:00:00','2025-10-20 11:00:00');
INSERT INTO `appointments` VALUES (10000000000000019,10006,1760116803804,2,'复诊','REG20251001019','2025-10-23 14:00:00','2025-10-23 14:00:00');
INSERT INTO `appointments` VALUES (10000000000000020,10007,1760116803804,0,'体检','REG20251001020','2025-10-24 09:30:00','2025-10-24 09:30:00');
INSERT INTO `appointments` VALUES (10000000000000021,10008,1760116803804,1,'牙痛','REG20251001021','2025-10-21 10:30:00','2025-10-21 10:30:00');
INSERT INTO `appointments` VALUES (10000000000000022,10009,1760116803804,0,'洗牙','REG20251001022','2025-10-23 15:00:00','2025-10-23 15:00:00');
INSERT INTO `appointments` VALUES (10000000000000023,10010,1760116803804,3,'拔牙','REG20251001023','2025-10-25 16:00:00','2025-10-25 16:00:00');
INSERT INTO `appointments` VALUES (10000000000000024,10011,1760116803804,0,'皮肤瘙痒','REG20251001024','2025-10-20 14:30:00','2025-10-20 14:30:00');
INSERT INTO `appointments` VALUES (10000000000000025,10012,1760116803804,1,'湿疹','REG20251001025','2025-10-21 09:30:00','2025-10-21 09:30:00');
INSERT INTO `appointments` VALUES (10000000000000026,10013,1760116803804,2,'过敏','REG20251001026','2025-10-22 15:30:00','2025-10-22 15:30:00');
INSERT INTO `appointments` VALUES (10000000000000027,10014,1760116803804,0,'胃痛','REG20251001027','2025-10-20 16:30:00','2025-10-20 16:30:00');
INSERT INTO `appointments` VALUES (10000000000000028,10015,1760116803804,1,'消化不良','REG20251001028','2025-10-23 11:00:00','2025-10-23 11:00:00');
INSERT INTO `appointments` VALUES (10000000000000029,10016,1760116803804,0,'肠炎','REG20251001029','2025-10-21 14:00:00','2025-10-21 14:00:00');
INSERT INTO `appointments` VALUES (10000000000000030,10017,1760116803804,2,'胃溃疡','REG20251001030','2025-10-24 10:00:00','2025-10-24 10:00:00');
INSERT INTO `appointments` VALUES (10000000000000031,10018,1760116803804,0,'心慌','REG20251001031','2025-10-20 09:00:00','2025-10-20 09:00:00');
INSERT INTO `appointments` VALUES (10000000000000032,10019,1760116803804,1,'高血压','REG20251001032','2025-10-22 10:30:00','2025-10-22 10:30:00');
INSERT INTO `appointments` VALUES (10000000000000033,10020,1760116803804,3,'冠心病','REG20251001033','2025-10-25 15:00:00','2025-10-25 15:00:00');
INSERT INTO `appointments` VALUES (10000000000000034,10001,1760116803804,0,'头痛','REG20251001034','2025-10-01 14:00:00','2025-10-01 14:00:00');
INSERT INTO `appointments` VALUES (10000000000000035,10002,1760116803804,1,'失眠','REG20251001035','2025-10-20 16:00:00','2025-10-20 16:00:00');
INSERT INTO `appointments` VALUES (10000000000000036,10003,1760116803804,2,'焦虑','REG20251001036','2025-10-21 11:00:00','2025-10-21 11:00:00');
INSERT INTO `appointments` VALUES (10000000000000037,10004,1760116803804,0,'抑郁','REG20251001037','2025-10-22 09:30:00','2025-10-22 09:30:00');
INSERT INTO `appointments` VALUES (10000000000000038,10005,1760116803804,1,'视力下降','REG20251001038','2025-10-20 15:30:00','2025-10-20 15:30:00');
INSERT INTO `appointments` VALUES (10000000000000039,10006,1760116803804,0,'青光眼','REG20251001039','2025-10-23 10:00:00','2025-10-23 10:00:00');
INSERT INTO `appointments` VALUES (10000000000000040,10007,1760116803804,2,'白内障','REG20251001040','2025-10-24 14:30:00','2025-10-24 14:30:00');
INSERT INTO `appointments` VALUES (10000000000000041,10008,1760116803804,0,'耳鸣','REG20251001041','2025-10-21 15:00:00','2025-10-21 15:00:00');
INSERT INTO `appointments` VALUES (10000000000000042,10009,1760116803804,1,'听力下降','REG20251001042','2025-10-23 16:00:00','2025-10-23 16:00:00');
INSERT INTO `appointments` VALUES (10000000000000043,10010,1760116803804,0,'鼻炎','REG20251001043','2025-10-25 09:00:00','2025-10-25 09:00:00');
INSERT INTO `appointments` VALUES (10000000000000044,10011,1760116803804,2,'咽炎','REG20251001044','2025-10-20 10:30:00','2025-10-20 10:30:00');
INSERT INTO `appointments` VALUES (10000000000000045,10012,1760116803804,0,'扁桃体炎','REG20251001045','2025-10-21 16:30:00','2025-10-21 16:30:00');
INSERT INTO `appointments` VALUES (10000000000000046,10013,1760116803804,1,'骨折','REG20251001046','2025-10-22 14:00:00','2025-10-22 14:00:00');
INSERT INTO `appointments` VALUES (10000000000000047,10014,1760116803804,0,'扭伤','REG20251001047','2025-10-20 11:30:00','2025-10-20 11:30:00');
INSERT INTO `appointments` VALUES (10000000000000048,10015,1760116803804,2,'腰痛','REG20251001048','2025-10-23 09:30:00','2025-10-23 09:30:00');
INSERT INTO `appointments` VALUES (10000000000000049,10016,1760116803804,0,'颈椎病','REG20251001049','2025-10-21 15:30:00','2025-10-21 15:30:00');
INSERT INTO `appointments` VALUES (10000000000000050,10017,1760116803804,1,'关节炎','REG20251001050','2025-10-24 16:00:00','2025-10-24 16:00:00');
/*!40000 ALTER TABLE `appointments` ENABLE KEYS */;
UNLOCK TABLES;

--
-- Table structure for table `article_category_relations`
--

DROP TABLE IF EXISTS `article_category_relations`;
/*!40101 SET @saved_cs_client     = @@character_set_client */;
/*!50503 SET character_set_client = utf8mb4 */;
CREATE TABLE `article_category_relations` (
  `id` bigint NOT NULL COMMENT '主键，雪花ID',
  `article_id` bigint NOT NULL COMMENT '文章ID',
  `category_id` bigint NOT NULL COMMENT '分类ID',
  `created_at` datetime DEFAULT CURRENT_TIMESTAMP COMMENT '创建时间',
  PRIMARY KEY (`id`),
  UNIQUE KEY `uk_article_category` (`article_id`,`category_id`),
  KEY `idx_acr_article_id` (`article_id`),
  KEY `idx_acr_category_id` (`category_id`)
) ENGINE=InnoDB DEFAULT CHARSET=utf8mb4 COLLATE=utf8mb4_0900_ai_ci COMMENT='文章分类关联表';
/*!40101 SET character_set_client = @saved_cs_client */;

--
-- Dumping data for table `article_category_relations`
--

LOCK TABLES `article_category_relations` WRITE;
/*!40000 ALTER TABLE `article_category_relations` DISABLE KEYS */;
INSERT INTO `article_category_relations` VALUES (10001,1,1001,'2025-12-01 15:16:23'),(10002,1,1004,'2025-12-01 15:16:23'),(10003,2,1002,'2025-12-01 15:16:23'),(10004,2,1001,'2025-12-01 15:16:23'),(10005,3,1003,'2025-12-01 15:16:23'),(10006,4,1005,'2025-12-01 15:16:23'),(10007,5,1004,'2025-12-01 15:16:23'),(10008,5,1001,'2025-12-01 15:16:23'),(10009,6,1006,'2025-12-01 15:16:23'),(10010,7,1007,'2025-12-01 15:16:23'),(10011,8,1008,'2025-12-01 15:16:23'),(10012,8,1004,'2025-12-01 15:16:23'),(10013,9,1002,'2025-12-01 15:16:23'),(10014,10,1003,'2025-12-01 15:16:23'),(10015,15,1001,'2025-12-01 15:16:23'),(10016,16,1005,'2025-12-01 15:16:23'),(10017,17,1004,'2025-12-01 15:16:23'),(10018,18,1002,'2025-12-01 15:16:23'),(10019,20,1003,'2025-12-01 15:16:23'),(10020,22,1006,'2025-12-01 15:16:23'),(10021,25,1007,'2025-12-01 15:16:23'),(10022,28,1008,'2025-12-01 15:16:23'),(10023,30,1001,'2025-12-01 15:16:23'),(10024,35,1004,'2025-12-01 15:16:23'),(10025,36,1005,'2025-12-01 15:16:23'),(10026,38,1002,'2025-12-01 15:16:23'),(10027,40,1003,'2025-12-01 15:16:23'),(10028,42,1006,'2025-12-01 15:16:23'),(10029,44,1007,'2025-12-01 15:16:23'),(1995445989200228353,46,1008,'2025-12-01 18:52:52'),(1995448371241230338,37,1002,'2025-12-01 19:02:20'),(1995448371241230339,37,1001,'2025-12-01 19:02:20'),(1995448371241230340,37,1003,'2025-12-01 19:02:20'),(1995448371241230341,37,1006,'2025-12-01 19:02:20'),(1995448371241230342,37,1007,'2025-12-01 19:02:20'),(1995448371304144898,37,1004,'2025-12-01 19:02:20'),(1995448371304144899,37,1005,'2025-12-01 19:02:20'),(1995486781968424961,11,1002,'2025-12-01 21:34:58'),(1995486782031339521,11,1004,'2025-12-01 21:34:58'),(1995486782031339522,11,1006,'2025-12-01 21:34:58'),(1995486782031339523,11,1008,'2025-12-01 21:34:58');
/*!40000 ALTER TABLE `article_category_relations` ENABLE KEYS */;
UNLOCK TABLES;

--
-- Table structure for table `carousel_items`
--

DROP TABLE IF EXISTS `carousel_items`;
/*!40101 SET @saved_cs_client     = @@character_set_client */;
/*!50503 SET character_set_client = utf8mb4 */;
CREATE TABLE `carousel_items` (
  `id` bigint NOT NULL COMMENT '主键，雪花 ID',
  `title` varchar(100) NOT NULL COMMENT '轮播图标题',
  `description` varchar(500) DEFAULT NULL COMMENT '轮播图描述',
  `image_url` varchar(255) NOT NULL COMMENT '图片URL',
  `target_type` tinyint NOT NULL COMMENT '跳转类型：0 无跳转 1 健康文章 2 健康视频 3 外部链接',
  `target_id` bigint DEFAULT NULL COMMENT '跳转目标ID（文章ID/视频ID）',
  `target_url` varchar(255) DEFAULT NULL COMMENT '跳转目标URL（外部链接）',
  `sort_order` int NOT NULL DEFAULT '0' COMMENT '排序字段，值越小越靠前',
  `status` tinyint NOT NULL DEFAULT '1' COMMENT '状态：0 隐藏 1 显示',
  `is_deleted` tinyint NOT NULL DEFAULT '0' COMMENT '逻辑删除：0 正常 1 已删',
  `created_at` datetime DEFAULT CURRENT_TIMESTAMP COMMENT '创建时间',
  `updated_at` datetime DEFAULT CURRENT_TIMESTAMP ON UPDATE CURRENT_TIMESTAMP COMMENT '更新时间',
  PRIMARY KEY (`id`),
  KEY `idx_carousel_items_status` (`status`),
  KEY `idx_carousel_items_sort` (`sort_order`)
) ENGINE=InnoDB DEFAULT CHARSET=utf8mb4 COLLATE=utf8mb4_0900_ai_ci COMMENT='轮播图表';
/*!40101 SET character_set_client = @saved_cs_client */;

--
-- Dumping data for table `carousel_items`
--

LOCK TABLES `carousel_items` WRITE;
/*!40000 ALTER TABLE `carousel_items` DISABLE KEYS */;
INSERT INTO `carousel_items` VALUES (10000000000000001,'健康生活从饮食开始','了解如何通过合理饮食保持健康','https://example.com/images/carousel1.jpg',1,10000000000000001,'',1,0,0,'2025-11-06 10:00:00','2025-11-06 13:15:03'),(10000000000000002,'运动健身小贴士','日常运动的正确方式和注意事项','https://example.com/images/carousel2.jpg',2,10000000000000001,NULL,2,1,0,'2025-11-06 10:00:00','2025-11-06 10:00:00'),(10000000000000003,'心理健康同样重要','关注心理健康，提升生活质量','https://example.com/images/carousel3.jpg',3,NULL,'https://example.com/mental-health',3,1,0,'2025-11-06 10:00:00','2025-11-06 10:00:00'),(10000000000000004,'定期体检不可少','定期体检是预防疾病的重要手段','https://example.com/images/carousel4.jpg',1,10000000000000002,NULL,4,1,0,'2025-11-06 10:00:00','2025-11-06 10:00:00'),(10000000000000005,'家庭急救常识','掌握基本急救技能，关键时刻能救命','https://example.com/images/carousel5.jpg',2,10000000000000002,NULL,5,1,0,'2025-11-06 10:00:00','2025-11-06 10:00:00'),(1986291986238726146,'测试','','/uploads/images/生成医疗健康管理系统首页轮播图.png',1,NULL,'',1,1,1,'2025-11-06 12:38:08','2025-11-06 13:10:27');
/*!40000 ALTER TABLE `carousel_items` ENABLE KEYS */;
UNLOCK TABLES;

--
-- Table structure for table `departments`
--

DROP TABLE IF EXISTS `departments`;
/*!40101 SET @saved_cs_client     = @@character_set_client */;
/*!50503 SET character_set_client = utf8mb4 */;
CREATE TABLE `departments` (
  `id` int NOT NULL AUTO_INCREMENT COMMENT '科室ID，自增主键',
  `name` varchar(64) NOT NULL COMMENT '科室名称',
  `description` text COMMENT '科室描述',
  `head_doctor_id` bigint DEFAULT NULL COMMENT '科室主任医生ID，关联users.id',
  `is_active` tinyint NOT NULL DEFAULT '1' COMMENT '科室状态：1 启用 0 停用',
  `created_at` datetime DEFAULT CURRENT_TIMESTAMP COMMENT '创建时间',
  `updated_at` datetime DEFAULT CURRENT_TIMESTAMP ON UPDATE CURRENT_TIMESTAMP COMMENT '更新时间',
  PRIMARY KEY (`id`),
  UNIQUE KEY `uk_department_name` (`name`),
  KEY `idx_department_head_doctor` (`head_doctor_id`)
) ENGINE=InnoDB AUTO_INCREMENT=11 DEFAULT CHARSET=utf8mb4 COLLATE=utf8mb4_0900_ai_ci COMMENT='科室信息表';
/*!40101 SET character_set_client = @saved_cs_client */;

--
-- Dumping data for table `departments`
--

LOCK TABLES `departments` WRITE;
/*!40000 ALTER TABLE `departments` DISABLE KEYS */;
INSERT INTO `departments` VALUES (1,'内镜诊疗科','专门从事内镜检查和治疗的科室',1001,1,'2025-10-20 15:35:56','2025-10-20 15:35:56'),(2,'微创诊疗科','专注于微创手术治疗的科室',1002,1,'2025-10-20 15:35:56','2025-10-20 15:35:56'),(3,'关节诊疗科','专门治疗关节疾病的科室',1003,1,'2025-10-20 15:35:56','2025-10-20 15:35:56'),(4,'消化诊疗科','治疗消化系统疾病的科室',1004,1,'2025-10-20 15:35:56','2025-10-20 15:35:56'),(5,'心血管诊疗科','专门治疗心血管疾病的科室',1005,1,'2025-10-20 15:35:56','2025-10-20 15:35:56'),(6,'神经诊疗科','治疗神经系统疾病的科室',1006,1,'2025-10-20 15:35:56','2025-10-20 15:35:56'),(7,'呼吸诊疗科','治疗呼吸系统疾病的科室',1007,1,'2025-10-20 15:35:56','2025-10-20 15:35:56'),(8,'儿科诊疗科','专门为儿童提供诊疗服务的科室',1008,1,'2025-10-20 15:35:56','2025-10-20 15:35:56'),(9,'妇产诊疗科','为女性提供妇科和产科服务的科室',1009,1,'2025-10-20 15:35:56','2025-10-20 15:35:56'),(10,'眼底诊疗科','专门治疗眼底疾病的科室',1760190067234,1,'2025-10-20 15:35:56','2025-12-01 19:09:09');
/*!40000 ALTER TABLE `departments` ENABLE KEYS */;
UNLOCK TABLES;

--
-- Table structure for table `doctor_profiles`
--

DROP TABLE IF EXISTS `doctor_profiles`;
/*!40101 SET @saved_cs_client     = @@character_set_client */;
/*!50503 SET character_set_client = utf8mb4 */;
CREATE TABLE `doctor_profiles` (
  `id` bigint NOT NULL COMMENT '主键，雪花 ID',
  `user_id` bigint NOT NULL COMMENT '关联 users.id，role=1',
  `dept_id` int NOT NULL COMMENT '科室 ID（建议另建字典表）',
  `title` varchar(32) NOT NULL COMMENT '职称：主任医师/副主任医师/主治医师/住院医师',
  `specialty` varchar(255) NOT NULL COMMENT '擅长病种/技术，逗号分隔',
  `qualification_no` varchar(32) NOT NULL COMMENT '医师执业证号，卫健委可查',
  `qualification_verified` tinyint DEFAULT '0' COMMENT '资质认证状态 0 未通过 1 已通过 2 审核中',
  `bio` text COMMENT '个人简介、履历',
  `work_shift` varchar(128) DEFAULT NULL COMMENT '门诊班次，如“周一上午 周三下午”',
  `office_room` varchar(16) DEFAULT NULL COMMENT '诊室编号',
  `is_deleted` tinyint DEFAULT '0' COMMENT '逻辑删除',
  `created_at` datetime DEFAULT CURRENT_TIMESTAMP COMMENT '建档时间',
  `updated_at` datetime DEFAULT CURRENT_TIMESTAMP ON UPDATE CURRENT_TIMESTAMP COMMENT '更新时间',
  PRIMARY KEY (`id`),
  UNIQUE KEY `uk_user_id` (`user_id`),
  UNIQUE KEY `uk_qualification_no` (`qualification_no`)
) ENGINE=InnoDB DEFAULT CHARSET=utf8mb4 COLLATE=utf8mb4_0900_ai_ci COMMENT='医生扩展信息，仅 role=1 拥有';
/*!40101 SET character_set_client = @saved_cs_client */;

--
-- Dumping data for table `doctor_profiles`
--

LOCK TABLES `doctor_profiles` WRITE;
/*!40000 ALTER TABLE `doctor_profiles` DISABLE KEYS */;
INSERT INTO `doctor_profiles` VALUES (50001,1001,1,'主任医师','内镜诊疗','DOC202500001',1,'从业经验丰富，擅长临床诊疗与学科建设。','周一上午','A001',0,'2023-03-01 00:00:00','2025-10-17 21:20:21'),(50002,1002,2,'副主任医师','微创诊疗','DOC202500002',1,'从业经验丰富，擅长临床诊疗与学科建设。','周二下午','A002',0,'2023-03-02 00:00:00','2025-10-17 21:20:21'),(50003,1003,3,'主治医师','关节诊疗','DOC202500003',1,'从业经验丰富，擅长临床诊疗与学科建设。','周三上午','A003',0,'2023-03-03 00:00:00','2025-10-17 21:20:21'),(50004,1004,4,'住院医师','消化诊疗','DOC202500004',1,'从业经验丰富，擅长临床诊疗与学科建设。','周四下午','A004',0,'2023-03-04 00:00:00','2025-10-17 21:20:21'),(50005,1005,5,'主任医师','心血管诊疗','DOC202500005',1,'从业经验丰富，擅长临床诊疗与学科建设。','周五上午','A005',0,'2023-03-05 00:00:00','2025-10-17 21:20:21'),(50006,1006,6,'副主任医师','神经诊疗','DOC202500006',1,'从业经验丰富，擅长临床诊疗与学科建设。','周一下午','A006',0,'2023-03-06 00:00:00','2025-10-17 21:20:21'),(50007,1007,7,'主治医师','呼吸诊疗','DOC202500007',1,'从业经验丰富，擅长临床诊疗与学科建设。','周二上午','A007',0,'2023-03-07 00:00:00','2025-10-17 21:20:21'),(50008,1008,8,'住院医师','儿科诊疗','DOC202500008',1,'从业经验丰富，擅长临床诊疗与学科建设。','周三下午','A008',0,'2023-03-08 00:00:00','2025-10-17 21:20:21'),(50009,1009,9,'主任医师','妇产诊疗','DOC202500009',1,'从业经验丰富，擅长临床诊疗与学科建设。','周四上午','A009',0,'2023-03-09 00:00:00','2025-10-17 21:20:21'),(50010,1010,10,'副主任医师','眼底诊疗','DOC202500010',1,'从业经验丰富，擅长临床诊疗与学科建设。','周五下午','A010',0,'2023-03-10 00:00:00','2025-10-17 21:20:21'),(50011,1011,1,'主治医师','内镜诊疗','DOC202500011',1,'从业经验丰富，擅长临床诊疗与学科建设。','周一上午','A011',0,'2023-03-11 00:00:00','2025-10-17 21:20:21'),(50012,1012,2,'住院医师','微创诊疗','DOC202500012',1,'从业经验丰富，擅长临床诊疗与学科建设。','周二下午','A012',0,'2023-03-12 00:00:00','2025-10-17 21:20:21'),(50013,1013,3,'主任医师','关节诊疗','DOC202500013',1,'从业经验丰富，擅长临床诊疗与学科建设。','周三上午','A013',0,'2023-03-13 00:00:00','2025-10-17 21:20:21'),(50014,1014,4,'副主任医师','消化诊疗','DOC202500014',1,'从业经验丰富，擅长临床诊疗与学科建设。','周四下午','A014',0,'2023-03-14 00:00:00','2025-10-17 21:20:21'),(50015,1015,5,'主治医师','心血管诊疗','DOC202500015',1,'从业经验丰富，擅长临床诊疗与学科建设。','周五上午','A015',0,'2023-03-15 00:00:00','2025-10-17 21:20:21'),(50016,1016,6,'住院医师','神经诊疗','DOC202500016',1,'从业经验丰富，擅长临床诊疗与学科建设。','周一下午','A016',0,'2023-03-16 00:00:00','2025-10-17 21:20:21'),(50017,1017,7,'主任医师','呼吸诊疗','DOC202500017',1,'从业经验丰富，擅长临床诊疗与学科建设。','周二上午','A017',0,'2023-03-17 00:00:00','2025-10-17 21:20:21'),(50018,1018,8,'副主任医师','儿科诊疗','DOC202500018',1,'从业经验丰富，擅长临床诊疗与学科建设。','周三下午','A018',0,'2023-03-18 00:00:00','2025-10-17 21:20:21'),(50019,1019,9,'主治医师','妇产诊疗','DOC202500019',1,'从业经验丰富，擅长临床诊疗与学科建设。','周四上午','A019',0,'2023-03-19 00:00:00','2025-10-17 21:20:21'),(50020,1020,10,'住院医师','眼底诊疗','DOC202500020',1,'从业经验丰富，擅长临床诊疗与学科建设。','周五下午','A020',0,'2023-03-20 00:00:00','2025-10-17 21:20:21'),(50021,1021,1,'主任医师','内镜诊疗','DOC202500021',1,'从业经验丰富，擅长临床诊疗与学科建设。','周一上午','A001',0,'2023-03-21 00:00:00','2025-10-17 21:20:21'),(50022,1022,2,'副主任医师','微创诊疗','DOC202500022',1,'从业经验丰富，擅长临床诊疗与学科建设。','周二下午','A002',0,'2023-03-22 00:00:00','2025-10-17 21:20:21'),(50023,1023,3,'主治医师','关节诊疗','DOC202500023',1,'从业经验丰富，擅长临床诊疗与学科建设。','周三上午','A003',0,'2023-03-23 00:00:00','2025-10-17 21:20:21'),(50024,1024,4,'住院医师','消化诊疗','DOC202500024',1,'从业经验丰富，擅长临床诊疗与学科建设。','周四下午','A004',0,'2023-03-24 00:00:00','2025-10-17 21:20:21'),(50025,1025,5,'主任医师','心血管诊疗','DOC202500025',1,'从业经验丰富，擅长临床诊疗与学科建设。','周五上午','A005',0,'2023-03-25 00:00:00','2025-10-17 21:20:21'),(50026,1026,6,'副主任医师','神经诊疗','DOC202500026',1,'从业经验丰富，擅长临床诊疗与学科建设。','周一下午','A006',0,'2023-03-26 00:00:00','2025-10-17 21:20:21'),(50027,1027,7,'主治医师','呼吸诊疗','DOC202500027',1,'从业经验丰富，擅长临床诊疗与学科建设。','周二上午','A007',0,'2023-03-27 00:00:00','2025-10-17 21:20:21'),(50028,1028,8,'住院医师','儿科诊疗','DOC202500028',1,'从业经验丰富，擅长临床诊疗与学科建设。','周三下午','A008',0,'2023-03-28 00:00:00','2025-10-17 21:20:21'),(50029,1029,9,'主任医师','妇产诊疗','DOC202500029',1,'从业经验丰富，擅长临床诊疗与学科建设。','周四上午','A009',0,'2023-03-01 00:00:00','2025-10-17 21:20:21'),(50030,1030,10,'副主任医师','眼底诊疗','DOC202500030',1,'从业经验丰富，擅长临床诊疗与学科建设。','周五下午','A010',0,'2023-03-02 00:00:00','2025-10-17 21:20:21'),(50031,1031,1,'主治医师','内镜诊疗','DOC202500031',1,'从业经验丰富，擅长临床诊疗与学科建设。','周一上午','A011',0,'2023-03-03 00:00:00','2025-10-17 21:20:21'),(50032,1032,2,'住院医师','微创诊疗','DOC202500032',1,'从业经验丰富，擅长临床诊疗与学科建设。','周二下午','A012',0,'2023-03-04 00:00:00','2025-10-17 21:20:21'),(50033,1033,3,'主任医师','关节诊疗','DOC202500033',0,'从业经验丰富，擅长临床诊疗与学科建设。','周三上午','A013',0,'2023-03-05 00:00:00','2025-10-18 01:27:05'),(50034,1034,4,'副主任医师','消化诊疗','DOC202500034',0,'从业经验丰富，擅长临床诊疗与学科建设。','周四下午','A014',0,'2023-03-06 00:00:00','2025-10-18 01:27:12'),(50035,1035,5,'主治医师','心血管诊疗','DOC202500035',0,'从业经验丰富，擅长临床诊疗与学科建设。','周五上午','A015',0,'2023-03-07 00:00:00','2025-10-18 01:27:27'),(50036,1036,6,'住院医师','神经诊疗','DOC202500036',0,'从业经验丰富，擅长临床诊疗与学科建设。','周一下午','A016',0,'2023-03-08 00:00:00','2025-10-18 01:28:48'),(50037,1037,7,'主任医师','呼吸诊疗','DOC202500037',0,'从业经验丰富，擅长临床诊疗与学科建设。','周二上午','A017',0,'2023-03-09 00:00:00','2025-10-18 01:36:22'),(50038,1038,8,'副主任医师','儿科诊疗','DOC202500038',1,'从业经验丰富，擅长临床诊疗与学科建设。','周三下午','A018',0,'2023-03-10 00:00:00','2025-10-18 20:01:59'),(50039,1039,9,'主治医师','妇产诊疗','DOC202500039',0,'从业经验丰富，擅长临床诊疗与学科建设。','周四上午','A019',0,'2023-03-11 00:00:00','2025-10-18 20:02:41'),(50040,1040,10,'住院医师','眼底诊疗','DOC202500040',1,'从业经验丰富，擅长临床诊疗与学科建设。','周五下午','A020',0,'2023-03-12 00:00:00','2025-10-18 20:03:32'),(50041,1041,1,'主任医师','内镜诊疗','DOC202500041',0,'从业经验丰富，擅长临床诊疗与学科建设。','周一上午','A001',0,'2023-03-13 00:00:00','2025-10-31 01:19:39'),(50042,1042,2,'副主任医师','微创诊疗','DOC202500042',2,'从业经验丰富，擅长临床诊疗与学科建设。','周二下午','A002',0,'2023-03-14 00:00:00','2025-10-17 21:20:27'),(50043,1043,3,'主治医师','关节诊疗','DOC202500043',2,'从业经验丰富，擅长临床诊疗与学科建设。','周三上午','A003',0,'2023-03-15 00:00:00','2025-10-17 21:20:27'),(50044,1044,4,'住院医师','消化诊疗','DOC202500044',2,'从业经验丰富，擅长临床诊疗与学科建设。','周四下午','A004',0,'2023-03-16 00:00:00','2025-10-17 21:20:27'),(50045,1045,5,'主任医师','心血管诊疗','DOC202500045',2,'从业经验丰富，擅长临床诊疗与学科建设。','周五上午','A005',0,'2023-03-17 00:00:00','2025-10-17 21:20:27'),(50046,1046,6,'副主任医师','神经诊疗','DOC202500046',2,'从业经验丰富，擅长临床诊疗与学科建设。','周一下午','A006',0,'2023-03-18 00:00:00','2025-10-17 21:20:27'),(50047,1047,7,'主治医师','呼吸诊疗','DOC202500047',2,'从业经验丰富，擅长临床诊疗与学科建设。','周二上午','A007',0,'2023-03-19 00:00:00','2025-10-17 21:20:27'),(50048,1048,8,'住院医师','儿科诊疗','DOC202500048',2,'从业经验丰富，擅长临床诊疗与学科建设。','周三下午','A008',0,'2023-03-20 00:00:00','2025-10-17 21:20:27'),(50049,1049,9,'主任医师','妇产诊疗','DOC202500049',1,'从业经验丰富，擅长临床诊疗与学科建设。','周四上午','A009',0,'2023-03-21 00:00:00','2025-10-17 21:20:21'),(50050,1050,10,'副主任医师','眼底诊疗','DOC202500050',1,'从业经验丰富，擅长临床诊疗与学科建设。','周五下午','A010',0,'2023-03-22 00:00:00','2025-10-17 21:20:21'),(50055,1760190067234,10,'主任医师','神经诊疗','DOC202500051',2,'从业经验丰富，擅长临床诊疗与学科建设。','周五下午','A011',0,'2025-10-16 23:20:18','2025-10-18 01:36:13');
/*!40000 ALTER TABLE `doctor_profiles` ENABLE KEYS */;
UNLOCK TABLES;

--
-- Table structure for table `doctor_schedules`
--

DROP TABLE IF EXISTS `doctor_schedules`;
/*!40101 SET @saved_cs_client     = @@character_set_client */;
/*!50503 SET character_set_client = utf8mb4 */;
CREATE TABLE `doctor_schedules` (
  `id` bigint NOT NULL COMMENT '主键，雪花 ID',
  `doctor_id` bigint NOT NULL COMMENT '医生 users.id，role=1',
  `dept_id` int NOT NULL COMMENT '科室 ID（冗余，方便查询）',
  `schedule_date` date NOT NULL COMMENT '排班日期',
  `shift_code` varchar(16) NOT NULL COMMENT '班次编码：AM 上午 PM 晚班 FULL 全天等',
  `room_no` varchar(16) DEFAULT NULL COMMENT '诊室编号，可与 doctor_profiles.office_room 不一致',
  `max_appoint` int NOT NULL DEFAULT '0' COMMENT '最大可预约号数',
  `used_appoint` int NOT NULL DEFAULT '0' COMMENT '已占号数',
  `extra_json` json DEFAULT NULL COMMENT '冗余扩展：价格、号源池ID、远程视频标识等',
  `status` tinyint NOT NULL DEFAULT '1' COMMENT '状态：1 启用 0 停用（临时停诊）',
  `is_deleted` tinyint DEFAULT '0' COMMENT '逻辑删除',
  `created_at` datetime DEFAULT CURRENT_TIMESTAMP COMMENT '创建时间',
  `updated_at` datetime DEFAULT CURRENT_TIMESTAMP ON UPDATE CURRENT_TIMESTAMP COMMENT '更新时间',
  PRIMARY KEY (`id`),
  UNIQUE KEY `uk_doctor_date_shift` (`doctor_id`,`schedule_date`,`shift_code`),
  KEY `idx_schedule_date` (`schedule_date`),
  KEY `idx_schedule_dept` (`dept_id`),
  KEY `idx_schedule_status` (`status`)
) ENGINE=InnoDB DEFAULT CHARSET=utf8mb4 COLLATE=utf8mb4_0900_ai_ci COMMENT='医生排班表';
/*!40101 SET character_set_client = @saved_cs_client */;

--
-- Dumping data for table `doctor_schedules`
--

LOCK TABLES `doctor_schedules` WRITE;
/*!40000 ALTER TABLE `doctor_schedules` DISABLE KEYS */;
INSERT INTO `doctor_schedules` VALUES (10001,1001,1,'2025-10-01','AM','A001',30,15,NULL,1,0,'2025-10-02 15:36:05','2025-10-20 22:51:01'),(10002,1001,1,'2025-10-20','PM','A001',25,12,NULL,1,0,'2025-10-20 15:36:05','2025-10-20 15:36:05'),(10003,1001,1,'2025-10-21','FULL','A001',40,30,NULL,1,0,'2025-10-20 15:36:05','2025-10-20 15:36:05'),(10004,1001,1,'2025-10-22','AM','A001',30,20,NULL,1,0,'2025-10-20 15:36:05','2025-10-20 15:36:05'),(10005,1041,1,'2025-10-20','AM','A001',25,10,NULL,1,0,'2025-10-20 15:36:05','2025-10-20 15:36:05'),(10006,1041,1,'2025-10-23','PM','A001',25,8,NULL,1,0,'2025-10-20 15:36:05','2025-10-20 15:36:05'),(10007,1041,1,'2025-10-24','FULL','A001',40,25,NULL,1,0,'2025-10-20 15:36:05','2025-10-20 15:36:05'),(10008,1043,1,'2025-10-21','AM','A003',20,15,NULL,1,0,'2025-10-20 15:36:05','2025-10-20 15:36:05'),(10009,1043,1,'2025-10-23','AM','A003',20,5,NULL,1,0,'2025-10-20 15:36:05','2025-10-20 15:36:05'),(10010,1043,1,'2025-10-25','PM','A003',25,18,NULL,1,0,'2025-10-20 15:36:05','2025-10-20 15:36:05'),(10011,1002,2,'2025-10-20','PM','A002',25,20,NULL,1,0,'2025-10-20 15:36:05','2025-10-20 15:36:05'),(10012,1002,2,'2025-10-21','AM','A002',30,15,NULL,1,0,'2025-10-20 15:36:05','2025-10-20 15:36:05'),(10013,1002,2,'2025-10-22','PM','A002',25,10,NULL,1,0,'2025-10-20 15:36:05','2025-10-20 15:36:05'),(10014,1012,2,'2025-10-20','PM','A012',20,15,NULL,1,0,'2025-10-20 15:36:05','2025-10-20 15:36:05'),(10015,1012,2,'2025-10-23','FULL','A012',35,20,NULL,1,0,'2025-10-20 15:36:05','2025-10-20 15:36:05'),(10016,1042,2,'2025-10-21','PM','A002',25,12,NULL,1,0,'2025-10-20 15:36:05','2025-10-20 15:36:05'),(10017,1042,2,'2025-10-24','AM','A002',30,25,NULL,1,0,'2025-10-20 15:36:05','2025-10-20 15:36:05'),(10018,1044,2,'2025-10-20','AM','A004',25,18,NULL,1,0,'2025-10-20 15:36:05','2025-10-20 15:36:05'),(10019,1044,2,'2025-10-22','AM','A004',25,10,NULL,1,0,'2025-10-20 15:36:05','2025-10-20 15:36:05'),(10020,1044,2,'2025-10-25','PM','A004',30,22,NULL,1,0,'2025-10-20 15:36:05','2025-10-20 15:36:05'),(10021,1003,3,'2025-10-20','AM','A003',20,15,NULL,1,0,'2025-10-20 15:36:05','2025-10-20 15:36:05'),(10022,1003,3,'2025-10-21','PM','A003',25,20,NULL,1,0,'2025-10-20 15:36:05','2025-10-20 15:36:05'),(10023,1003,3,'2025-10-23','FULL','A003',35,30,NULL,1,0,'2025-10-20 15:36:05','2025-10-20 15:36:05'),(10024,1013,3,'2025-10-20','AM','A013',25,12,NULL,1,0,'2025-10-20 15:36:05','2025-10-20 15:36:05'),(10025,1013,3,'2025-10-22','PM','A013',20,10,NULL,1,0,'2025-10-20 15:36:05','2025-10-20 15:36:05'),(10026,1023,3,'2025-10-21','AM','A003',20,8,NULL,1,0,'2025-10-20 15:36:05','2025-10-20 15:36:05'),(10027,1023,3,'2025-10-24','PM','A003',25,15,NULL,1,0,'2025-10-20 15:36:05','2025-10-20 15:36:05'),(10028,1033,3,'2025-10-20','PM','A013',20,5,NULL,1,0,'2025-10-20 15:36:05','2025-10-20 15:36:05'),(10029,1033,3,'2025-10-23','AM','A013',25,20,NULL,1,0,'2025-10-20 15:36:05','2025-10-20 15:36:05'),(10030,1043,3,'2025-10-22','PM','A003',20,12,NULL,1,0,'2025-10-20 15:36:05','2025-10-20 15:36:05'),(10031,1045,3,'2025-10-21','AM','A005',25,18,NULL,1,0,'2025-10-20 15:36:05','2025-10-20 15:36:05'),(10032,1045,3,'2025-10-24','PM','A005',20,10,NULL,1,0,'2025-10-20 15:36:05','2025-10-20 15:36:05'),(10033,1004,4,'2025-10-20','PM','A004',30,25,NULL,1,0,'2025-10-20 15:36:05','2025-10-20 15:36:05'),(10034,1004,4,'2025-10-22','AM','A004',25,20,NULL,1,0,'2025-10-20 15:36:05','2025-10-20 15:36:05'),(10035,1004,4,'2025-10-24','PM','A004',30,15,NULL,1,0,'2025-10-20 15:36:05','2025-10-20 15:36:05'),(10036,1014,4,'2025-10-21','FULL','A014',40,35,NULL,1,0,'2025-10-20 15:36:05','2025-10-20 15:36:05'),(10037,1024,4,'2025-10-20','AM','A004',25,10,NULL,1,0,'2025-10-20 15:36:05','2025-10-20 15:36:05'),(10038,1024,4,'2025-10-23','PM','A004',30,22,NULL,1,0,'2025-10-20 15:36:05','2025-10-20 15:36:05'),(10039,1034,4,'2025-10-22','AM','A014',20,5,NULL,1,0,'2025-10-20 15:36:05','2025-10-20 15:36:05'),(10040,1044,4,'2025-10-21','PM','A004',25,18,NULL,1,0,'2025-10-20 15:36:05','2025-10-20 15:36:05'),(10041,1005,5,'2025-10-21','AM','A005',25,20,NULL,1,0,'2025-10-20 15:36:05','2025-10-20 15:36:05'),(10042,1005,5,'2025-10-22','PM','A005',20,15,NULL,1,0,'2025-10-20 15:36:05','2025-10-20 15:36:05'),(10043,1005,5,'2025-10-25','FULL','A005',35,30,NULL,1,0,'2025-10-20 15:36:05','2025-10-20 15:36:05'),(10044,1015,5,'2025-10-20','AM','A015',20,10,NULL,1,0,'2025-10-20 15:36:05','2025-10-20 15:36:05'),(10045,1015,5,'2025-10-23','PM','A015',25,18,NULL,1,0,'2025-10-20 15:36:05','2025-10-20 15:36:05'),(10046,1025,5,'2025-10-21','PM','A005',20,8,NULL,1,0,'2025-10-20 15:36:05','2025-10-20 15:36:05'),(10047,1035,5,'2025-10-22','AM','A015',25,12,NULL,1,0,'2025-10-20 15:36:05','2025-10-20 15:36:05'),(10048,1045,5,'2025-10-20','PM','A005',20,15,NULL,1,0,'2025-10-20 15:36:05','2025-10-20 15:36:05'),(10049,1006,6,'2025-10-20','PM','A006',25,20,NULL,1,0,'2025-10-20 15:36:05','2025-10-20 15:36:05'),(10050,1006,6,'2025-10-22','AM','A006',30,15,NULL,1,0,'2025-10-20 15:36:05','2025-10-20 15:36:05'),(10051,1006,6,'2025-10-24','PM','A006',25,18,NULL,1,0,'2025-10-20 15:36:05','2025-10-20 15:36:05'),(10052,1016,6,'2025-10-21','AM','A016',20,10,NULL,1,0,'2025-10-20 15:36:05','2025-10-20 15:36:05'),(10053,1026,6,'2025-10-20','PM','A006',25,12,NULL,1,0,'2025-10-20 15:36:05','2025-10-20 15:36:05'),(10054,1026,6,'2025-10-23','FULL','A006',35,25,NULL,1,0,'2025-10-20 15:36:05','2025-10-20 15:36:05'),(10055,1036,6,'2025-10-22','AM','A016',20,8,NULL,1,0,'2025-10-20 15:36:05','2025-10-20 15:36:05'),(10056,1046,6,'2025-10-21','PM','A006',25,20,NULL,1,0,'2025-10-20 15:36:05','2025-10-20 15:36:05'),(10057,1046,6,'2025-10-24','AM','A006',30,22,NULL,1,0,'2025-10-20 15:36:05','2025-10-20 15:36:05'),(10058,1050,6,'2025-10-20','AM','A010',20,15,NULL,1,0,'2025-10-20 15:36:05','2025-10-20 15:36:05'),(10059,1007,7,'2025-10-21','AM','A007',25,20,NULL,1,0,'2025-10-20 15:36:05','2025-10-20 15:36:05'),(10060,1007,7,'2025-10-23','PM','A007',20,15,NULL,1,0,'2025-10-20 15:36:05','2025-10-20 15:36:05'),(10061,1007,7,'2025-10-25','AM','A007',25,18,NULL,1,0,'2025-10-20 15:36:05','2025-10-20 15:36:05'),(10062,1017,7,'2025-10-20','PM','A017',20,10,NULL,1,0,'2025-10-20 15:36:05','2025-10-20 15:36:05'),(10063,1027,7,'2025-10-22','AM','A007',25,12,NULL,1,0,'2025-10-20 15:36:05','2025-10-20 15:36:05'),(10064,1037,7,'2025-10-21','PM','A017',20,8,NULL,1,0,'2025-10-20 15:36:05','2025-10-20 15:36:05'),(10065,1047,7,'2025-10-20','AM','A007',25,20,NULL,1,0,'2025-10-20 15:36:05','2025-10-20 15:36:05'),(10066,1047,7,'2025-10-24','PM','A007',20,15,NULL,1,0,'2025-10-20 15:36:05','2025-10-20 15:36:05'),(10067,1008,8,'2025-10-21','PM','A008',30,25,NULL,1,0,'2025-10-20 15:36:05','2025-10-20 15:36:05'),(10068,1008,8,'2025-10-23','AM','A008',25,20,NULL,1,0,'2025-10-20 15:36:05','2025-10-20 15:36:05'),(10069,1008,8,'2025-10-25','PM','A008',30,18,NULL,1,0,'2025-10-20 15:36:05','2025-10-20 15:36:05'),(10070,1018,8,'2025-10-20','AM','A018',20,15,NULL,1,0,'2025-10-20 15:36:05','2025-10-20 15:36:05'),(10071,1028,8,'2025-10-22','PM','A008',25,12,NULL,1,0,'2025-10-20 15:36:05','2025-10-20 15:36:05'),(10072,1038,8,'2025-10-21','AM','A018',25,20,NULL,1,0,'2025-10-20 15:36:05','2025-10-20 15:36:05'),(10073,1040,8,'2025-10-23','PM','A020',20,10,NULL,1,0,'2025-10-20 15:36:05','2025-10-20 15:36:05'),(10074,1048,8,'2025-10-20','PM','A008',30,22,NULL,1,0,'2025-10-20 15:36:05','2025-10-20 15:36:05'),(10075,1048,8,'2025-10-24','AM','A008',25,18,NULL,1,0,'2025-10-20 15:36:05','2025-10-20 15:36:05'),(10076,1009,9,'2025-10-20','AM','A009',25,20,NULL,1,0,'2025-10-20 15:36:05','2025-10-20 15:36:05'),(10077,1009,9,'2025-10-22','PM','A009',20,15,NULL,1,0,'2025-10-20 15:36:05','2025-10-20 15:36:05'),(10078,1009,9,'2025-10-24','AM','A009',25,18,NULL,1,0,'2025-10-20 15:36:05','2025-10-20 15:36:05'),(10079,1019,9,'2025-10-21','PM','A019',20,12,NULL,1,0,'2025-10-20 15:36:05','2025-10-20 15:36:05'),(10080,1029,9,'2025-10-20','AM','A009',25,10,NULL,1,0,'2025-10-20 15:36:05','2025-10-20 15:36:05'),(10081,1039,9,'2025-10-23','PM','A019',20,8,NULL,1,0,'2025-10-20 15:36:05','2025-10-20 15:36:05'),(10082,1049,9,'2025-10-22','AM','A009',25,22,NULL,1,0,'2025-10-20 15:36:05','2025-10-20 15:36:05'),(10083,1010,10,'2025-10-20','PM','A010',20,15,NULL,1,0,'2025-10-20 15:36:05','2025-10-20 15:36:05'),(10084,1010,10,'2025-10-22','AM','A010',25,20,NULL,1,0,'2025-10-20 15:36:05','2025-10-20 15:36:05'),(10085,1010,10,'2025-10-24','PM','A010',20,12,NULL,1,0,'2025-10-20 15:36:05','2025-10-20 15:36:05'),(10086,1020,10,'2025-10-21','AM','A020',25,18,NULL,1,0,'2025-10-20 15:36:05','2025-10-20 15:36:05'),(10087,1030,10,'2025-10-20','PM','A010',20,10,NULL,1,0,'2025-10-20 15:36:05','2025-10-20 15:36:05'),(10088,1040,10,'2025-10-22','AM','A020',25,20,NULL,1,0,'2025-10-20 15:36:05','2025-10-20 15:36:05'),(10089,1050,10,'2025-10-21','PM','A010',20,15,NULL,1,0,'2025-10-20 15:36:05','2025-10-20 15:36:05'),(10090,1001,1,'2025-10-27','AM','A001',30,0,NULL,1,0,'2025-10-20 15:36:05','2025-10-20 15:36:05'),(10091,1001,1,'2025-10-28','PM','A001',25,0,NULL,1,0,'2025-10-20 15:36:05','2025-10-20 15:36:05'),(10092,1002,2,'2025-10-26','FULL','A002',40,0,NULL,1,0,'2025-10-20 15:36:05','2025-10-20 15:36:05'),(10093,1003,3,'2025-10-27','AM','A003',20,0,NULL,1,0,'2025-10-20 15:36:05','2025-10-20 15:36:05'),(10094,1004,4,'2025-10-28','PM','A004',30,0,NULL,1,0,'2025-10-20 15:36:05','2025-10-20 15:36:05'),(10095,1005,5,'2025-10-29','AM','A005',25,0,NULL,1,0,'2025-10-20 15:36:05','2025-10-20 15:36:05'),(10096,1001,1,'2025-10-19','AM','A001',30,25,NULL,0,0,'2025-10-18 10:00:00','2025-10-19 08:00:00'),(10097,1002,2,'2025-10-19','PM','A002',25,20,NULL,0,0,'2025-10-18 10:00:00','2025-10-19 09:00:00'),(1980921742179639297,1001,2,'2025-10-22','PM','A004',30,0,NULL,1,0,'2025-10-22 16:58:42','2025-10-22 16:58:42');
/*!40000 ALTER TABLE `doctor_schedules` ENABLE KEYS */;
UNLOCK TABLES;

--
-- Table structure for table `health_articles`
--

DROP TABLE IF EXISTS `health_articles`;
/*!40101 SET @saved_cs_client     = @@character_set_client */;
/*!50503 SET character_set_client = utf8mb4 */;
CREATE TABLE `health_articles` (
  `id` bigint NOT NULL COMMENT '主键，雪花 ID',
  `title` varchar(100) NOT NULL COMMENT '文章标题',
  `summary` varchar(500) DEFAULT NULL COMMENT '文章摘要',
  `content` text NOT NULL COMMENT '文章内容',
  `cover_image_url` varchar(255) DEFAULT NULL COMMENT '文章封面图片URL',
  `author_id` bigint NOT NULL COMMENT '作者ID，关联users.id，role=1（医生）',
  `author_name` varchar(32) NOT NULL COMMENT '作者姓名',
  `dept_id` int DEFAULT NULL COMMENT '科室ID',
  `dept_name` varchar(64) DEFAULT NULL COMMENT '科室名称',
  `view_count` int NOT NULL DEFAULT '0' COMMENT '浏览次数',
  `like_count` int NOT NULL DEFAULT '0' COMMENT '点赞次数',
  `is_top` tinyint NOT NULL DEFAULT '0' COMMENT '是否置顶：0 否 1 是',
  `status` tinyint NOT NULL DEFAULT '3' COMMENT '状态：0 草稿 1 已发布 2 已下架 3 审核中 4 未通过审核',
  `is_deleted` tinyint NOT NULL DEFAULT '0' COMMENT '逻辑删除：0 正常 1 已删',
  `created_at` datetime DEFAULT CURRENT_TIMESTAMP COMMENT '创建时间',
  `updated_at` datetime DEFAULT CURRENT_TIMESTAMP ON UPDATE CURRENT_TIMESTAMP COMMENT '更新时间',
  PRIMARY KEY (`id`),
  KEY `idx_article_author` (`author_id`),
  KEY `idx_article_dept` (`dept_id`),
  KEY `idx_article_status` (`status`),
  KEY `idx_article_is_top` (`is_top`)
) ENGINE=InnoDB DEFAULT CHARSET=utf8mb4 COLLATE=utf8mb4_0900_ai_ci COMMENT='健康文章表';
/*!40101 SET character_set_client = @saved_cs_client */;

--
-- Dumping data for table `health_articles`
--

LOCK TABLES `health_articles` WRITE;
/*!40000 ALTER TABLE `health_articles` DISABLE KEYS */;
INSERT INTO `health_articles` VALUES (1,'高血压防治指南','本文介绍了高血压的基本知识和防治方法','高血压是一种常见的心血管疾病...','https://example.com/images/hypertension.jpg',1001,'张医生',1,'内科',125,32,1,1,0,'2025-11-01 16:06:42','2025-11-01 16:06:42'),(2,'术后康复注意事项','手术后的康复对于治疗效果至关重要','术后康复是外科治疗的重要环节...','https://example.com/images/rehabilitation.jpg',1002,'李医生',2,'外科',98,28,0,1,0,'2025-11-01 16:06:42','2025-11-01 16:06:42'),(3,'孕期营养指导','科学合理的营养摄入有助于母婴健康','孕期营养对胎儿发育影响重大...','https://example.com/images/pregnancy.jpg',1003,'王医生',3,'妇产科',146,41,1,1,0,'2025-11-01 16:06:42','2025-11-01 16:06:42'),(4,'儿童疫苗接种须知','疫苗接种是预防传染病的有效手段','按时接种疫苗能够有效保护儿童健康...','https://example.com/images/vaccination.jpg',1004,'赵医生',4,'儿科',210,57,1,0,0,'2025-11-01 16:06:42','2025-11-04 22:23:43'),(5,'白内障手术新进展','现代白内障手术技术日趋成熟','随着医疗技术的发展，白内障手术成功率不断提高...','https://example.com/images/cataract.jpg',1005,'陈医生',5,'眼科',87,19,0,0,0,'2025-11-01 16:06:42','2025-11-04 22:23:43'),(6,'耳鸣的诊断与治疗','耳鸣是耳鼻喉科常见症状之一','耳鸣给患者带来很大困扰...','https://example.com/images/tinnitus.jpg',1006,'林医生',6,'耳鼻喉科',76,15,0,0,0,'2025-11-01 16:06:42','2025-11-04 22:23:43'),(7,'牙齿矫正的最佳时期','牙齿矫正在不同年龄段有不同的适应症','牙齿矫正不仅改善外观还能提升功能...','https://example.com/images/orthodontics.jpg',1007,'黄医生',7,'口腔科',189,45,1,0,0,'2025-11-01 16:06:42','2025-11-04 22:23:43'),(8,'湿疹的日常护理','湿疹是一种常见的慢性皮肤病','正确的日常护理能显著减轻湿疹症状...','https://example.com/images/eczema.jpg',1008,'周医生',8,'皮肤科',134,38,0,0,0,'2025-11-01 16:06:42','2025-11-04 22:23:43'),(9,'中医养生之道','中医强调预防为主，养生为先','顺应自然规律，调和阴阳平衡...','https://example.com/images/tcm.jpg',1009,'吴医生',9,'中医科',201,62,1,0,0,'2025-11-01 16:06:42','2025-11-04 22:23:43'),(10,'心肺复苏术普及','心肺复苏术是抢救心脏骤停患者的关键技术','掌握正确的CPR技术能大大提高抢救成功率...','https://example.com/images/cpr.jpg',1010,'郑医生',10,'急诊科',313,87,1,0,0,'2025-11-01 16:06:42','2025-11-04 22:23:43'),(11,'糖尿病饮食管理-----01','科学饮食是控制糖尿病的关键','糖尿病患者需要合理安排饮食结构...','/uploads/images/生成健康宣传图片.png',1011,'范冰',1,'内镜诊疗科',210,42,0,0,0,'2025-11-01 16:08:52','2025-12-01 21:34:58'),(12,'骨折后的康复训练','正确的康复训练有助于骨折愈合','骨折康复需要循序渐进的过程...','https://example.com/images/fracture.jpg',1012,'范冰',2,'外科',89,23,0,0,0,'2025-11-01 16:08:52','2025-11-04 22:23:43'),(13,'产前检查的重要性','定期产检有助于母婴健康','产前检查能及时发现异常情况...','https://example.com/images/prenatal.jpg',1013,'范冰',3,'妇产科',178,51,1,1,0,'2025-11-01 16:08:52','2025-11-04 22:23:22'),(14,'儿童常见病预防','预防胜于治疗，关注儿童健康','了解儿童常见病的预防措施...','https://example.com/images/child_disease.jpg',1014,'范冰',4,'儿科',203,58,0,1,0,'2025-11-01 16:08:52','2025-11-04 22:23:22'),(15,'青光眼的早期发现','青光眼早期诊断至关重要','青光眼是导致失明的主要疾病之一...','https://example.com/images/glaucoma.jpg',1015,'范冰',5,'眼科',67,18,0,1,0,'2025-11-01 16:08:52','2025-11-01 16:08:52'),(16,'慢性鼻炎的治疗','慢性鼻炎影响生活质量','慢性鼻炎需要长期规范治疗...','https://example.com/images/rhinitis.jpg',1016,'范冰',6,'耳鼻喉科',92,27,0,1,0,'2025-11-01 16:08:52','2025-11-01 16:08:52'),(17,'种植牙技术发展','种植牙是缺牙修复的理想选择','现代种植牙技术日趋成熟...','https://example.com/images/implant.jpg',1017,'范冰',7,'口腔科',121,35,0,1,0,'2025-11-01 16:08:52','2025-11-01 16:08:52'),(18,'银屑病治疗新方法','银屑病不再是不治之症','生物制剂为银屑病治疗带来新希望...','https://example.com/images/psoriasis.jpg',1018,'范冰',8,'皮肤科',143,41,0,1,0,'2025-11-01 16:08:52','2025-11-01 16:08:52'),(19,'针灸治疗颈椎病','针灸是中医特色疗法','针灸在治疗颈椎病方面有独特优势...','https://example.com/images/acupuncture.jpg',1019,'范冰',9,'中医科',167,49,1,1,0,'2025-11-01 16:08:52','2025-11-04 22:23:22'),(20,'创伤急救处理原则','正确的急救措施能挽救生命','掌握基本的创伤急救技能很重要...','https://example.com/images/trauma.jpg',1020,'范冰',10,'急诊科',234,68,0,1,0,'2025-11-01 16:08:52','2025-11-04 22:23:22'),(21,'胃炎的饮食调理','饮食调理有助于胃炎康复','胃炎患者需要注意饮食习惯...','https://example.com/images/gastritis.jpg',1021,'范冰',1,'内科',112,31,0,1,0,'2025-11-01 16:08:52','2025-11-04 22:23:22'),(22,'脑卒中预防指南','预防脑卒中从控制危险因素开始','脑卒中具有高发病率和高致残率...','https://example.com/images/stroke.jpg',1022,'范冰',1,'内科',189,53,1,1,0,'2025-11-01 16:08:52','2025-11-04 22:23:22'),(23,'关节镜手术优势','微创技术在骨科的应用','关节镜手术创伤小恢复快...','https://example.com/images/arthroscopy.jpg',1023,'范冰',2,'外科',78,22,0,1,0,'2025-11-01 16:08:52','2025-11-04 22:23:22'),(24,'妇科肿瘤早筛','早发现早治疗是关键','定期妇科检查意义重大...','https://example.com/images/gynecology_tumor.jpg',1024,'范冰',3,'妇产科',95,26,0,4,0,'2025-11-01 16:08:52','2025-11-04 22:23:43'),(25,'新生儿护理要点','新手爸妈必读指南','新生儿护理需要注意的细节...','https://example.com/images/newborn.jpg',1025,'范冰',4,'儿科',267,74,1,4,0,'2025-11-01 16:08:52','2025-11-04 22:23:43'),(26,'近视防控策略','青少年近视问题日益严重','综合防控是应对近视的有效手段...','https://example.com/images/myopia.jpg',1026,'范冰',5,'眼科',134,39,0,4,0,'2025-11-01 16:08:52','2025-11-04 22:23:43'),(27,'咽喉炎的中医治疗','中医在慢性咽炎治疗中的应用','中医治疗慢性咽炎有独特疗效...','https://example.com/images/pharyngitis.jpg',1027,'范冰',6,'耳鼻喉科',87,24,0,4,0,'2025-11-01 16:08:52','2025-11-04 22:23:43'),(28,'儿童龋齿预防','从小养成良好口腔卫生习惯','儿童龋齿预防需多方配合...','https://example.com/images/children_dental.jpg',1028,'范冰',7,'口腔科',159,43,0,4,0,'2025-11-01 16:08:52','2025-11-04 22:23:43'),(29,'荨麻疹的病因分析','寻找过敏原是治疗关键','荨麻疹的发病机制复杂...','https://example.com/images/urticaria.jpg',1029,'范冰',8,'皮肤科',122,33,0,4,0,'2025-11-01 16:08:52','2025-11-04 22:23:43'),(30,'推拿按摩保健作用','传统中医保健方法','推拿按摩在保健中的应用...','https://example.com/images/massage.jpg',1030,'范冰',9,'中医科',183,52,0,4,0,'2025-11-01 16:08:52','2025-11-04 22:39:20'),(31,'中毒急救处理','常见中毒的急救措施','掌握中毒急救知识很重要...','https://example.com/images/poisoning.jpg',1031,'范冰',10,'急诊科',91,25,0,3,0,'2025-11-01 16:08:52','2025-11-04 22:23:43'),(32,'甲状腺疾病防治','甲状腺疾病发病率逐年上升','关注甲状腺健康很重要...','https://example.com/images/thyroid.jpg',1032,'范冰',1,'内科',145,40,0,3,0,'2025-11-01 16:08:52','2025-11-04 22:23:43'),(33,'乳腺癌筛查指南','早筛早治提高生存率','乳腺癌筛查的方法和意义...','https://example.com/images/breast_cancer.jpg',1033,'范冰',2,'外科',201,56,1,3,0,'2025-11-01 16:08:52','2025-11-04 22:23:43'),(34,'儿童心理发展特点','关注儿童心理健康','儿童心理发展规律和特点...','https://example.com/images/child_psychology.jpg',1034,'范冰',4,'儿科',167,47,0,1,0,'2025-11-01 16:08:52','2025-11-01 16:08:52'),(35,'干眼症的治疗','现代生活方式导致干眼症高发','干眼症的治疗方法和预防...','https://example.com/images/dry_eye.jpg',1035,'范冰',5,'眼科',112,30,0,2,0,'2025-11-01 16:08:52','2025-11-04 22:23:43'),(36,'睡眠呼吸暂停综合征','夜间打鼾可能隐藏健康风险','睡眠呼吸暂停的危害和治疗...','https://example.com/images/sleep_apnea.jpg',1036,'范冰',6,'耳鼻喉科',98,28,0,2,0,'2025-11-01 16:08:52','2025-11-04 22:23:43'),(37,'牙周病的防治','牙周健康影响全身健康','牙周病的预防和治疗策略...','https://example.com/images/periodontal.jpg',1037,'范冰',7,'呼吸诊疗科',142,37,0,1,0,'2025-11-01 16:08:52','2025-12-01 19:02:20'),(38,'带状疱疹后遗神经痛','带状疱疹不容忽视的并发症','带状疱疹后遗神经痛的治疗...','https://example.com/images/shingles.jpg',1760190067234,'余涛',10,'眼底诊疗科',89,23,0,3,0,'2025-11-01 16:08:52','2025-12-01 19:09:15'),(39,'中药膏方进补','秋冬季节适宜膏方调养','膏方的配制和应用...','https://example.com/images/paste.jpg',1760190067234,'余涛',10,'眼底诊疗科',156,44,0,3,0,'2025-11-01 16:08:52','2025-12-01 19:09:15'),(40,'急性心肌梗死抢救','胸痛可能是心梗信号','急性心肌梗死的抢救流程...','https://example.com/images/heart_attack.jpg',1760190067234,'余涛',10,'眼底诊疗科',178,51,1,3,0,'2025-11-01 16:08:52','2025-12-01 19:09:15'),(41,'慢性肾病管理','慢性肾病需要长期管理','慢性肾病的治疗和生活指导...','https://example.com/images/kidney.jpg',1760190067234,'余涛',10,'眼底诊疗科',124,34,0,1,0,'2025-11-01 16:08:52','2025-12-01 19:09:15'),(42,'泌尿系结石防治','泌尿系结石的预防和治疗','泌尿系结石形成的原因和处理...','https://example.com/images/stone.jpg',1760190067234,'余涛',10,'眼底诊疗科',145,39,0,2,0,'2025-11-01 16:08:52','2025-12-01 19:09:15'),(43,'更年期保健指导','正确认识更年期','更年期女性的保健要点...','https://example.com/images/menopause.jpg',1760190067234,'余涛',10,'眼底诊疗科',167,46,0,2,0,'2025-11-01 16:08:52','2025-12-01 19:09:15'),(44,'儿童哮喘管理','规范治疗让哮喘儿童正常生活','儿童哮喘的长期管理策略...','https://example.com/images/child_asthma.jpg',1760190067234,'余涛',10,'眼底诊疗科',190,52,1,1,0,'2025-11-01 16:08:52','2025-12-01 19:09:15'),(45,'眼底病变筛查','眼底检查发现全身疾病','眼底检查的重要意义...','https://example.com/images/fundus.jpg',1760190067234,'余涛',10,'眼底诊疗科',78,21,0,1,0,'2025-11-01 16:08:52','2025-12-01 19:09:15'),(46,'声带息肉手术','声音嘶哑需及时就医','声带息肉的手术治疗...','https://example.com/images/polyp.jpg',1760190067234,'余涛',10,'眼底诊疗科',71,19,0,1,0,'2025-11-01 16:08:52','2025-12-01 19:09:15');
/*!40000 ALTER TABLE `health_articles` ENABLE KEYS */;
UNLOCK TABLES;

--
-- Table structure for table `health_video_comments`
--

DROP TABLE IF EXISTS `health_video_comments`;
/*!40101 SET @saved_cs_client     = @@character_set_client */;
/*!50503 SET character_set_client = utf8mb4 */;
CREATE TABLE `health_video_comments` (
  `id` bigint NOT NULL COMMENT '主键，雪花 ID',
  `video_id` bigint NOT NULL COMMENT '视频ID，关联health_videos.id',
  `user_id` bigint NOT NULL COMMENT '评论用户ID，关联users.id',
  `user_name` varchar(32) NOT NULL COMMENT '评论用户姓名',
  `user_avatar` varchar(255) DEFAULT NULL COMMENT '评论用户头像URL',
  `content` text NOT NULL COMMENT '评论内容',
  `like_count` int NOT NULL DEFAULT '0' COMMENT '点赞次数',
  `parent_id` bigint DEFAULT NULL COMMENT '父评论ID，用于回复功能',
  `reply_to_id` bigint DEFAULT NULL COMMENT '被回复用户ID',
  `reply_to_name` varchar(32) DEFAULT NULL COMMENT '被回复用户姓名',
  `status` tinyint NOT NULL DEFAULT '1' COMMENT '状态：0 隐藏 1 显示',
  `is_deleted` tinyint NOT NULL DEFAULT '0' COMMENT '逻辑删除：0 正常 1 已删',
  `created_at` datetime DEFAULT CURRENT_TIMESTAMP COMMENT '创建时间',
  `updated_at` datetime DEFAULT CURRENT_TIMESTAMP ON UPDATE CURRENT_TIMESTAMP COMMENT '更新时间',
  PRIMARY KEY (`id`),
  KEY `idx_comment_video_id` (`video_id`),
  KEY `idx_comment_user_id` (`user_id`),
  KEY `idx_comment_parent_id` (`parent_id`),
  KEY `idx_comment_status` (`status`)
) ENGINE=InnoDB DEFAULT CHARSET=utf8mb4 COLLATE=utf8mb4_0900_ai_ci COMMENT='健康视频评论表';
/*!40101 SET character_set_client = @saved_cs_client */;

--
-- Dumping data for table `health_video_comments`
--

LOCK TABLES `health_video_comments` WRITE;
/*!40000 ALTER TABLE `health_video_comments` DISABLE KEYS */;
INSERT INTO `health_video_comments` VALUES (1,1,1001,'张医生','https://avatar.example.com/doctor001.jpg','高血压是常见病，了解防治知识很重要。',25,NULL,NULL,NULL,1,0,'2025-01-15 10:30:00','2025-01-15 10:30:00'),(2,1,20001,'王芳','https://avatar.example.com/user001.jpg','医生讲得很详细，学到了很多实用的知识。',12,NULL,NULL,NULL,1,0,'2025-01-15 11:15:00','2025-01-15 11:15:00'),(3,1,20001,'王芳','https://avatar.example.com/user002.jpg','回复 @李明：确实，这个视频对预防高血压很有帮助。',8,2,20000,'李明',1,0,'2025-01-15 11:45:00','2025-01-15 11:45:00'),(4,1,1001,'张医生','https://avatar.example.com/doctor001.jpg','回复 @王芳：感谢您的认可，预防确实比治疗更重要。',15,3,20001,'王芳',1,0,'2025-01-15 12:30:00','2025-01-15 12:30:00'),(5,1,20002,'刘强','https://avatar.example.com/user003.jpg','高血压患者日常饮食需要注意哪些方面？',9,NULL,NULL,NULL,1,0,'2025-01-15 13:20:00','2025-01-15 13:20:00'),(6,1,1001,'张医生','https://avatar.example.com/doctor001.jpg','回复 @刘强：高血压患者应低盐低脂饮食，多吃蔬菜水果，避免高胆固醇食物。',18,5,20002,'刘强',1,0,'2025-01-15 14:10:00','2025-01-15 14:10:00'),(7,1,20003,'陈丽','https://avatar.example.com/user004.jpg','除了饮食，还有哪些方法可以预防高血压？',11,NULL,NULL,NULL,1,0,'2025-01-15 15:00:00','2025-01-15 15:00:00'),(8,1,1001,'张医生','https://avatar.example.com/doctor001.jpg','回复 @陈丽：适量运动、控制体重、戒烟限酒、保持心情愉快都有助于预防高血压。',14,7,20003,'陈丽',1,0,'2025-01-15 15:45:00','2025-01-15 15:45:00'),(9,1,20004,'赵军','https://avatar.example.com/user005.jpg','家族有高血压病史，我该如何预防？',7,NULL,NULL,NULL,1,0,'2025-01-15 16:30:00','2025-01-15 16:30:00'),(10,1,1001,'张医生','https://avatar.example.com/doctor001.jpg','回复 @赵军：有家族史的人更应注意定期监测血压，及早干预，预防效果更好。',10,9,20004,'赵军',1,0,'2025-01-15 17:15:00','2025-01-15 17:15:00'),(11,1,20005,'孙梅','https://avatar.example.com/user006.jpg','血压正常值是多少？',6,NULL,NULL,NULL,1,0,'2025-01-15 18:00:00','2025-01-15 18:00:00'),(12,1,1001,'张医生','https://avatar.example.com/doctor001.jpg','回复 @孙梅：正常血压应低于140/90mmHg，理想血压为120/80mmHg。',9,11,20005,'孙梅',1,0,'2025-01-15 18:45:00','2025-01-15 18:45:00'),(13,1,20006,'周华','https://avatar.example.com/user007.jpg','测血压的最佳时间是什么时候？',8,NULL,NULL,NULL,1,0,'2025-01-15 19:30:00','2025-01-15 19:30:00'),(14,1,1001,'张医生','https://avatar.example.com/doctor001.jpg','回复 @周华：建议在上午9-10点或下午4-5点测量，此时血压较为稳定。',11,13,20006,'周华',1,0,'2025-01-15 20:15:00','2025-01-15 20:15:00'),(15,1,20007,'吴敏','https://avatar.example.com/user008.jpg','谢谢医生的详细解答！',5,NULL,NULL,NULL,1,0,'2025-01-15 21:00:00','2025-01-15 21:00:00'),(16,2,1002,'李医生','https://avatar.example.com/doctor002.jpg','糖尿病患者请注意，合理饮食是控制血糖的关键。',32,NULL,NULL,NULL,1,0,'2025-01-16 11:30:00','2025-01-16 11:30:00'),(17,2,20008,'郑涛','https://avatar.example.com/user009.jpg','我家有糖尿病患者，这个视频非常实用，收藏了。',21,NULL,NULL,NULL,1,0,'2025-01-16 12:15:00','2025-01-16 12:15:00'),(18,2,20009,'冯霞','https://avatar.example.com/user010.jpg','回复 @郑涛：确实很实用，我也收藏了。',7,17,20008,'郑涛',1,0,'2025-01-16 12:45:00','2025-01-16 12:45:00'),(19,2,20010,'韩磊','https://avatar.example.com/user011.jpg','糖尿病患者可以吃水果吗？',14,NULL,NULL,NULL,1,0,'2025-01-16 13:30:00','2025-01-16 13:30:00'),(20,2,1002,'李医生','https://avatar.example.com/doctor002.jpg','回复 @韩磊：可以适量吃一些低糖水果，如苹果、梨等，但要控制量。',22,19,20010,'韩磊',1,0,'2025-01-16 14:20:00','2025-01-16 14:20:00'),(21,3,1003,'王医生','https://avatar.example.com/doctor003.jpg','儿童疫苗接种是保障孩子健康成长的重要措施。',45,NULL,NULL,NULL,1,0,'2025-01-17 09:45:00','2025-01-17 09:45:00'),(22,3,20011,'周华','https://avatar.example.com/user012.jpg','宝宝2个月了，应该接种哪些疫苗？',19,NULL,NULL,NULL,1,0,'2025-01-17 10:30:00','2025-01-17 10:30:00'),(23,3,1003,'王医生','https://avatar.example.com/doctor003.jpg','回复 @周华：2个月的宝宝应该接种乙肝疫苗第二针和脊髓灰质炎疫苗。',28,22,20011,'周华',1,0,'2025-01-17 11:15:00','2025-01-17 11:15:00'),(24,3,20012,'吴敏','https://avatar.example.com/user013.jpg','疫苗接种后需要注意什么？',16,NULL,NULL,NULL,1,0,'2025-01-17 12:00:00','2025-01-17 12:00:00'),(25,3,1003,'王医生','https://avatar.example.com/doctor003.jpg','回复 @吴敏：接种后要注意观察宝宝反应，24小时内不要洗澡，多喝水休息。',24,24,20012,'吴敏',1,0,'2025-01-17 12:45:00','2025-01-17 12:45:00'),(26,4,1004,'赵医生','https://avatar.example.com/doctor004.jpg','老年人骨质疏松是一个常见问题，需要引起重视。',28,NULL,NULL,NULL,1,0,'2025-01-18 14:30:00','2025-01-18 14:30:00'),(27,4,20013,'郑涛','https://avatar.example.com/user014.jpg','老年人补钙是越多越好吗？',13,NULL,NULL,NULL,1,0,'2025-01-18 15:15:00','2025-01-18 15:15:00'),(28,4,1004,'赵医生','https://avatar.example.com/doctor004.jpg','回复 @郑涛：不是的，补钙要适量，过量补钙可能引起肾结石等问题。',20,27,20013,'郑涛',1,0,'2025-01-18 16:00:00','2025-01-18 16:00:00'),(29,4,20014,'冯霞','https://avatar.example.com/user015.jpg','除了补钙，还有哪些方法可以预防骨质疏松？',17,NULL,NULL,NULL,1,0,'2025-01-18 16:45:00','2025-01-18 16:45:00'),(30,4,1004,'赵医生','https://avatar.example.com/doctor004.jpg','回复 @冯霞：适当运动、晒太阳、均衡饮食都有助于预防骨质疏松。',25,29,20014,'冯霞',1,0,'2025-01-18 17:30:00','2025-01-18 17:30:00'),(31,5,1005,'陈医生','https://avatar.example.com/doctor005.jpg','现代人心理压力大，学会调节情绪很重要。',38,NULL,NULL,NULL,1,0,'2025-01-19 16:00:00','2025-01-19 16:00:00'),(32,5,20015,'韩磊','https://avatar.example.com/user016.jpg','工作压力大，经常失眠怎么办？',22,NULL,NULL,NULL,1,0,'2025-01-19 16:45:00','2025-01-19 16:45:00'),(33,5,1005,'陈医生','https://avatar.example.com/doctor005.jpg','回复 @韩磊：建议规律作息，适量运动，睡前放松心情，必要时寻求专业帮助。',29,32,20015,'韩磊',1,0,'2025-01-19 17:30:00','2025-01-19 17:30:00'),(34,1,20016,'李伟','https://avatar.example.com/user017.jpg','血压高了一定要吃药吗？',10,NULL,NULL,NULL,1,0,'2025-01-20 10:00:00','2025-01-20 10:00:00'),(35,1,1001,'张医生','https://avatar.example.com/doctor001.jpg','回复 @李伟：轻度高血压可通过生活方式调整控制，中重度需要药物治疗，具体请咨询医生。',15,34,20016,'李伟',1,0,'2025-01-20 10:45:00','2025-01-20 10:45:00'),(36,1,20017,'王丽','https://avatar.example.com/user018.jpg','高血压可以治愈吗？',8,NULL,NULL,NULL,1,0,'2025-01-20 11:30:00','2025-01-20 11:30:00'),(37,1,1001,'张医生','https://avatar.example.com/doctor001.jpg','回复 @王丽：原发性高血压需要终身管理，继发性高血压去除病因后可能治愈。',12,36,20017,'王丽',1,0,'2025-01-20 12:15:00','2025-01-20 12:15:00'),(38,2,20018,'张强','https://avatar.example.com/user019.jpg','糖尿病患者能喝酒吗？',11,NULL,NULL,NULL,1,0,'2025-01-21 14:00:00','2025-01-21 14:00:00'),(39,2,1002,'李医生','https://avatar.example.com/doctor002.jpg','回复 @张强：糖尿病患者应尽量避免饮酒，酒精会影响血糖控制。',16,38,20018,'张强',1,0,'2025-01-21 14:45:00','2025-01-21 14:45:00'),(40,2,20019,'李娜','https://avatar.example.com/user020.jpg','糖尿病并发症有哪些？',13,NULL,NULL,NULL,1,0,'2025-01-21 15:30:00','2025-01-21 15:30:00'),(41,2,1002,'李医生','https://avatar.example.com/doctor002.jpg','回复 @李娜：主要包括心血管疾病、肾病、眼病、神经病变等，需定期检查。',18,40,20019,'李娜',1,0,'2025-01-21 16:15:00','2025-01-21 16:15:00'),(42,3,20020,'王军','https://avatar.example.com/user021.jpg','宝宝接种疫苗后发烧怎么办？',9,NULL,NULL,NULL,1,0,'2025-01-22 10:00:00','2025-01-22 10:00:00'),(43,3,1003,'王医生','https://avatar.example.com/doctor003.jpg','回复 @王军：轻微发热是正常反应，多喝水休息即可，高热请及时就医。',14,42,20020,'王军',1,0,'2025-01-22 10:45:00','2025-01-22 10:45:00'),(44,3,20021,'陈芳','https://avatar.example.com/user022.jpg','哪些情况下不能接种疫苗？',11,NULL,NULL,NULL,1,0,'2025-01-22 11:30:00','2025-01-22 11:30:00'),(45,3,1003,'王医生','https://avatar.example.com/doctor003.jpg','回复 @陈芳：急性发热、严重慢性疾病急性发作期、过敏体质等情况下暂缓接种。',17,44,20021,'陈芳',1,0,'2025-01-22 12:15:00','2025-01-22 12:15:00'),(46,4,20022,'刘涛','https://avatar.example.com/user023.jpg','骨质疏松有什么症状？',12,NULL,NULL,NULL,1,0,'2025-01-23 15:00:00','2025-01-23 15:00:00'),(47,4,1004,'赵医生','https://avatar.example.com/doctor004.jpg','回复 @刘涛：早期无明显症状，后期可出现腰背疼痛、身高变矮、驼背等。',19,46,20022,'刘涛',1,0,'2025-01-23 15:45:00','2025-01-23 15:45:00'),(48,4,20023,'张敏','https://avatar.example.com/user024.jpg','如何检查是否患有骨质疏松？',10,NULL,NULL,NULL,1,0,'2025-01-23 16:30:00','2025-01-23 16:30:00'),(49,4,1004,'赵医生','https://avatar.example.com/doctor004.jpg','回复 @张敏：通过骨密度检测可以诊断骨质疏松症。',15,48,20023,'张敏',1,0,'2025-01-23 17:15:00','2025-01-23 17:15:00'),(50,5,20024,'李强','https://avatar.example.com/user025.jpg','焦虑和抑郁有什么区别？',14,NULL,NULL,NULL,1,0,'2025-01-24 17:00:00','2025-01-24 17:00:00'),(51,5,1005,'陈医生','https://avatar.example.com/doctor005.jpg','回复 @李强：焦虑主要表现为担心害怕，抑郁主要表现为情绪低落，两者可同时存在。',21,50,20024,'李强',1,0,'2025-01-24 17:45:00','2025-01-24 17:45:00'),(52,1,20025,'王磊','https://avatar.example.com/user026.jpg','血压测量时需要注意什么？',7,NULL,NULL,NULL,1,0,'2025-01-25 09:00:00','2025-01-25 09:00:00'),(53,1,1001,'张医生','https://avatar.example.com/doctor001.jpg','回复 @王磊：测量前应静坐5-10分钟，手臂与心脏保持同一水平，不要说话。',13,52,20025,'王磊',1,0,'2025-01-25 09:45:00','2025-01-25 09:45:00'),(54,1,20026,'李霞','https://avatar.example.com/user027.jpg','高血压能运动吗？',9,NULL,NULL,NULL,1,0,'2025-01-25 10:30:00','2025-01-25 10:30:00'),(55,1,1001,'张医生','https://avatar.example.com/doctor001.jpg','回复 @李霞：可以适量运动，如散步、太极拳等，避免剧烈运动。',16,54,20026,'李霞',1,0,'2025-01-25 11:15:00','2025-01-25 11:15:00'),(56,2,20027,'张伟','https://avatar.example.com/user028.jpg','糖尿病患者如何监测血糖？',12,NULL,NULL,NULL,1,0,'2025-01-26 14:30:00','2025-01-26 14:30:00'),(57,2,1002,'李医生','https://avatar.example.com/doctor002.jpg','回复 @张伟：建议每天监测空腹和餐后血糖，根据病情调整监测频率。',18,56,20027,'张伟',1,0,'2025-01-26 15:15:00','2025-01-26 15:15:00'),(58,2,20028,'王芳','https://avatar.example.com/user029.jpg','胰岛素需要冷藏保存吗？',8,NULL,NULL,NULL,1,0,'2025-01-26 16:00:00','2025-01-26 16:00:00'),(59,2,1002,'李医生','https://avatar.example.com/doctor002.jpg','回复 @王芳：未开封的胰岛素需要冷藏，已开封的可在室温下保存。',14,58,20028,'王芳',1,0,'2025-01-26 16:45:00','2025-01-26 16:45:00'),(60,3,20029,'李军','https://avatar.example.com/user030.jpg','进口疫苗和国产疫苗有什么区别？',11,NULL,NULL,NULL,1,0,'2025-01-27 10:30:00','2025-01-27 10:30:00'),(61,3,1003,'王医生','https://avatar.example.com/doctor003.jpg','回复 @李军：两者在安全性和有效性上基本一致，可根据情况选择。',16,60,20029,'李军',1,0,'2025-01-27 11:15:00','2025-01-27 11:15:00'),(62,3,20030,'陈丽','https://avatar.example.com/user031.jpg','宝宝接种后哭闹怎么办？',9,NULL,NULL,NULL,1,0,'2025-01-27 12:00:00','2025-01-27 12:00:00'),(63,3,1003,'王医生','https://avatar.example.com/doctor003.jpg','回复 @陈丽：轻微哭闹是正常反应，可通过安抚、喂奶等方式缓解。',13,62,20030,'陈丽',1,0,'2025-01-27 12:45:00','2025-01-27 12:45:00'),(64,4,20031,'王强','https://avatar.example.com/user032.jpg','补钙的最佳时间是什么时候？',10,NULL,NULL,NULL,1,0,'2025-01-28 15:30:00','2025-01-28 15:30:00'),(65,4,1004,'赵医生','https://avatar.example.com/doctor004.jpg','回复 @王强：建议在饭后服用钙剂，有助于吸收。',15,64,20031,'王强',1,0,'2025-01-28 16:15:00','2025-01-28 16:15:00'),(66,4,20032,'李敏','https://avatar.example.com/user033.jpg','骨质疏松可以逆转吗？',12,NULL,NULL,NULL,1,0,'2025-01-28 17:00:00','2025-01-28 17:00:00'),(67,4,1004,'赵医生','https://avatar.example.com/doctor004.jpg','回复 @李敏：通过规范治疗，可以减缓骨量丢失，改善骨质量。',18,66,20032,'李敏',1,0,'2025-01-28 17:45:00','2025-01-28 17:45:00'),(68,5,20033,'张涛','https://avatar.example.com/user034.jpg','心理问题需要看医生吗？',13,NULL,NULL,NULL,1,0,'2025-01-29 18:00:00','2025-01-29 18:00:00'),(69,5,1005,'陈医生','https://avatar.example.com/doctor005.jpg','回复 @张涛：当影响到正常生活和工作时，应及时寻求专业帮助。',20,68,20033,'张涛',1,0,'2025-01-29 18:45:00','2025-01-29 18:45:00'),(70,1,20034,'王丽','https://avatar.example.com/user035.jpg','血压降下来后可以停药吗？',11,NULL,NULL,NULL,1,0,'2025-01-30 09:30:00','2025-01-30 09:30:00'),(71,1,1001,'张医生','https://avatar.example.com/doctor001.jpg','回复 @王丽：不能随意停药，需在医生指导下调整用药。',17,70,20034,'王丽',1,0,'2025-01-30 10:15:00','2025-01-30 10:15:00'),(72,1,20035,'李强','https://avatar.example.com/user036.jpg','高血压患者可以泡脚吗？',8,NULL,NULL,NULL,1,0,'2025-01-30 11:00:00','2025-01-30 11:00:00'),(73,1,1001,'张医生','https://avatar.example.com/doctor001.jpg','回复 @李强：可以温水泡脚，但水温不宜过高，时间不宜过长。',14,72,20035,'李强',1,0,'2025-01-30 11:45:00','2025-01-30 11:45:00'),(74,2,20036,'张敏','https://avatar.example.com/user037.jpg','糖尿病足如何预防？',10,NULL,NULL,NULL,1,0,'2025-01-31 15:00:00','2025-01-31 15:00:00'),(75,2,1002,'李医生','https://avatar.example.com/doctor002.jpg','回复 @张敏：保持足部清洁干燥，定期检查，选择合适的鞋袜。',15,74,20036,'张敏',1,0,'2025-01-31 15:45:00','2025-01-31 15:45:00'),(76,2,20037,'王军','https://avatar.example.com/user038.jpg','血糖控制目标是多少？',9,NULL,NULL,NULL,1,0,'2025-01-31 16:30:00','2025-01-31 16:30:00'),(77,2,1002,'李医生','https://avatar.example.com/doctor002.jpg','回复 @王军：一般空腹血糖控制在4.4-7.0mmol/L，餐后血糖<10.0mmol/L。',13,76,20037,'王军',1,0,'2025-01-31 17:15:00','2025-01-31 17:15:00'),(78,3,20038,'陈芳','https://avatar.example.com/user039.jpg','联合疫苗有什么优势？',11,NULL,NULL,NULL,1,0,'2025-02-01 10:00:00','2025-02-01 10:00:00'),(79,3,1003,'王医生','https://avatar.example.com/doctor003.jpg','回复 @陈芳：减少接种次数，提高接种依从性，降低不良反应风险。',16,78,20038,'陈芳',1,0,'2025-02-01 10:45:00','2025-02-01 10:45:00'),(80,3,20039,'李娜','https://avatar.example.com/user040.jpg','宝宝接种后可以洗澡吗？',8,NULL,NULL,NULL,1,0,'2025-02-01 11:30:00','2025-02-01 11:30:00'),(81,3,1003,'王医生','https://avatar.example.com/doctor003.jpg','回复 @李娜：接种24小时后可以洗澡，注意不要搓揉接种部位。',12,80,20039,'李娜',1,0,'2025-02-01 12:15:00','2025-02-01 12:15:00'),(82,4,20040,'刘涛','https://avatar.example.com/user041.jpg','维生素D对骨骼有什么作用？',9,NULL,NULL,NULL,1,0,'2025-02-02 16:00:00','2025-02-02 16:00:00'),(83,4,1004,'赵医生','https://avatar.example.com/doctor004.jpg','回复 @刘涛：维生素D促进钙吸收，维持骨骼健康，缺乏会导致骨质疏松。',14,82,20040,'刘涛',1,0,'2025-02-02 16:45:00','2025-02-02 16:45:00'),(84,5,20041,'张强','https://avatar.example.com/user042.jpg','如何帮助家人调节心理压力？',12,NULL,NULL,NULL,1,0,'2025-02-03 18:30:00','2025-02-03 18:30:00');
/*!40000 ALTER TABLE `health_video_comments` ENABLE KEYS */;
UNLOCK TABLES;

--
-- Table structure for table `health_videos`
--

DROP TABLE IF EXISTS `health_videos`;
/*!40101 SET @saved_cs_client     = @@character_set_client */;
/*!50503 SET character_set_client = utf8mb4 */;
CREATE TABLE `health_videos` (
  `id` bigint NOT NULL COMMENT '主键，雪花 ID',
  `title` varchar(100) NOT NULL COMMENT '视频标题',
  `description` text COMMENT '视频描述',
  `cover_image_url` varchar(255) DEFAULT NULL COMMENT '视频封面图片URL',
  `video_url` varchar(255) NOT NULL COMMENT '视频文件URL',
  `duration` int DEFAULT NULL COMMENT '视频时长（秒）',
  `author_id` bigint NOT NULL COMMENT '作者ID，关联users.id，role=1（医生）',
  `author_name` varchar(32) NOT NULL COMMENT '作者姓名',
  `view_count` int NOT NULL DEFAULT '0' COMMENT '观看次数',
  `like_count` int NOT NULL DEFAULT '0' COMMENT '点赞次数',
  `comment_count` int NOT NULL DEFAULT '0' COMMENT '评论数量',
  `is_top` tinyint NOT NULL DEFAULT '0' COMMENT '是否置顶：0 否 1 是',
  `status` tinyint NOT NULL DEFAULT '1' COMMENT '状态：0 草稿 1 已发布 2 已下架 3 审核中 4 未通过审核',
  `is_deleted` tinyint NOT NULL DEFAULT '0' COMMENT '逻辑删除：0 正常 1 已删',
  `created_at` datetime DEFAULT CURRENT_TIMESTAMP COMMENT '创建时间',
  `updated_at` datetime DEFAULT CURRENT_TIMESTAMP ON UPDATE CURRENT_TIMESTAMP COMMENT '更新时间',
  PRIMARY KEY (`id`),
  KEY `idx_video_author` (`author_id`),
  KEY `idx_video_status` (`status`),
  KEY `idx_video_is_top` (`is_top`)
) ENGINE=InnoDB DEFAULT CHARSET=utf8mb4 COLLATE=utf8mb4_0900_ai_ci COMMENT='健康科普视频表';
/*!40101 SET character_set_client = @saved_cs_client */;

--
-- Dumping data for table `health_videos`
--

LOCK TABLES `health_videos` WRITE;
/*!40000 ALTER TABLE `health_videos` DISABLE KEYS */;
INSERT INTO `health_videos` VALUES (1,'高血压防治指南','详细介绍高血压的成因、症状及日常防治方法','https://example.com/images/hypertension.jpg','https://example.com/videos/hypertension.mp4',360,1001,'张医生',1251,320,45,1,1,0,'2025-11-01 20:46:04','2025-11-01 20:46:04'),(2,'糖尿病饮食管理','科学饮食是控制糖尿病的关键，本视频介绍糖尿病患者的饮食原则','https://example.com/images/diabetes.jpg','https://example.com/videos/diabetes.mp4',420,1002,'李医生',980,210,32,0,1,0,'2025-11-01 20:46:04','2025-11-01 20:46:04'),(3,'儿童疫苗接种须知','疫苗接种是预防传染病的有效手段，介绍儿童疫苗接种时间表','https://example.com/images/vaccination.jpg','https://example.com/videos/vaccination.mp4',280,1003,'王医生',1560,410,67,1,1,0,'2025-11-01 20:46:04','2025-11-01 20:46:04'),(4,'孕期营养指导','科学合理的营养摄入有助于母婴健康','https://example.com/images/pregnancy.jpg','https://example.com/videos/pregnancy.mp4',390,1004,'赵医生',870,180,28,0,0,0,'2025-11-01 20:46:04','2025-11-04 13:35:08'),(5,'白内障手术新进展','现代白内障手术技术日趋成熟','https://example.com/images/cataract.jpg','https://example.com/videos/cataract.mp4',310,1005,'陈医生',620,120,19,0,0,0,'2025-11-01 20:46:04','2025-11-04 13:35:08'),(6,'骨折后的康复训练','正确的康复训练有助于骨折愈合','https://example.com/images/fracture.jpg','https://example.com/videos/fracture.mp4',450,1006,'林医生',780,150,24,0,0,0,'2025-11-01 20:46:04','2025-11-04 13:35:08'),(7,'中医养生之道','中医强调预防为主，养生为先','https://example.com/images/tcm.jpg','https://example.com/videos/tcm.mp4',520,1007,'黄医生',1120,290,41,1,3,0,'2025-11-01 20:46:04','2025-11-04 13:35:08'),(8,'皮肤过敏的识别与处理','常见皮肤过敏症状的识别和家庭处理方法','https://example.com/images/allergy.jpg','https://example.com/videos/allergy.mp4',260,1008,'周医生',930,170,33,0,1,0,'2025-11-01 20:46:04','2025-11-01 20:46:04'),(9,'口腔健康日常护理','正确的刷牙方法和口腔护理知识','https://example.com/images/oral.jpg','https://example.com/videos/oral.mp4',210,1009,'吴医生',1340,240,52,0,2,0,'2025-11-01 20:46:04','2025-11-04 13:35:08'),(10,'心肺复苏术普及','心肺复苏术是抢救心脏骤停患者的关键技术','https://example.com/images/cpr.jpg','https://example.com/videos/cpr.mp4',380,1010,'郑医生',2100,450,78,1,2,0,'2025-11-01 20:46:04','2025-11-04 13:35:08'),(11,'颈椎病预防与治疗','现代人常见颈椎问题的预防和治疗方法','https://example.com/images/cervical.jpg','https://example.com/videos/cervical.mp4',330,1011,'范冰',890,190,29,0,3,0,'2025-11-01 20:46:04','2025-11-04 13:35:08'),(12,'心理健康的重要性','关注心理健康，预防心理疾病','https://example.com/images/mental.jpg','https://example.com/videos/mental.mp4',470,1012,'范冰',721,140,21,0,4,0,'2025-11-01 20:46:04','2025-11-04 21:10:24'),(13,'老年人防跌倒指南','老年人跌倒预防措施和应急处理','https://example.com/images/fall.jpg','https://example.com/videos/fall.mp4',290,1013,'范冰',1050,220,38,1,2,0,'2025-11-01 20:46:04','2025-11-04 13:35:08'),(14,'家庭常备药品管理','家庭药箱的配置和药品管理要点','/uploads/images/生成健康宣传图片 (1).png','https://example.com/videos/medicine.mp4',240,1014,'范冰',689,110,18,0,1,0,'2025-11-04 20:46:04','2025-12-01 21:35:50'),(15,'季节性流感预防','流感高发季节的预防措施','https://example.com/images/flu.jpg','https://example.com/videos/flu.mp4',220,1015,'范冰',1420,310,49,0,1,0,'2025-11-01 20:46:04','2025-11-01 20:46:04'),(16,'合理使用抗生素','抗生素的正确使用方法，避免滥用','https://example.com/images/antibiotic.jpg','https://example.com/videos/antibiotic.mp4',350,1016,'范冰',960,180,31,0,1,0,'2025-11-01 20:46:04','2025-11-01 20:46:04'),(17,'体检项目选择指南','不同年龄段人群的体检项目推荐','https://example.com/images/examination.jpg','https://example.com/videos/examination.mp4',410,1760190067234,'余涛',791,130,23,0,1,0,'2025-11-01 20:46:04','2025-12-01 21:12:07'),(18,'慢性胃炎的调理','慢性胃炎患者的饮食和生活习惯调整','https://example.com/images/gastritis.jpg','https://example.com/videos/gastritis.mp4',320,1760190067234,'余涛',843,160,26,0,4,0,'2025-11-04 20:46:04','2025-12-01 19:25:57'),(19,'青少年近视防控','青少年近视的成因和防控策略','https://example.com/images/myopia.jpg','https://example.com/videos/myopia.mp4',370,1760190067234,'余涛',1292,270,44,1,1,0,'2025-11-04 20:46:04','2025-12-01 21:12:00'),(20,'痛风饮食注意事项','痛风患者的饮食禁忌和营养搭配','https://example.com/images/gout.jpg','https://example.com/videos/gout.mp4',280,1760190067234,'余涛',653,120,17,0,4,0,'2025-11-04 20:46:04','2025-12-01 19:25:57'),(21,'乳腺癌早期筛查','乳腺癌的早期发现和筛查方法','https://example.com/images/breast.jpg','https://example.com/videos/breast.mp4',440,1760190067234,'余涛',920,200,35,0,4,0,'2025-11-04 20:46:04','2025-12-01 19:25:57'),(22,'失眠的自我调节','改善睡眠质量的非药物方法','https://example.com/images/insomnia.jpg','https://example.com/videos/insomnia.mp4',310,1760190067234,'余涛',1030,230,39,1,4,0,'2025-11-01 20:46:04','2025-12-01 19:25:57'),(23,'脂肪肝的逆转方法','脂肪肝的成因和生活方式干预','https://example.com/images/fatty_liver.jpg','https://example.com/videos/fatty_liver.mp4',360,1760190067234,'余涛',760,150,25,0,1,0,'2025-11-01 20:46:04','2025-12-01 19:25:57'),(24,'运动损伤的紧急处理','常见运动损伤的应急处理方法','https://example.com/images/sports.jpg','https://example.com/videos/sports.mp4',270,1760190067234,'余涛',890,170,30,0,1,0,'2025-11-01 20:46:04','2025-12-01 19:25:57');
/*!40000 ALTER TABLE `health_videos` ENABLE KEYS */;
UNLOCK TABLES;

--
-- Table structure for table `medical_records`
--

DROP TABLE IF EXISTS `medical_records`;
/*!40101 SET @saved_cs_client     = @@character_set_client */;
/*!50503 SET character_set_client = utf8mb4 */;
CREATE TABLE `medical_records` (
  `id` bigint NOT NULL COMMENT '主键，雪花 ID',
  `user_id` bigint NOT NULL COMMENT '关联 users.id，role=2（患者）',
  `doctor_id` bigint NOT NULL COMMENT '关联 users.id，role=1（医生）',
  `user_name` varchar(32) NOT NULL COMMENT '患者姓名',
  `doctor_name` varchar(32) NOT NULL COMMENT '医生姓名',
  `symptoms` text NOT NULL COMMENT '就诊时的症状描述',
  `diagnosis` text NOT NULL COMMENT '诊断结果',
  `treatment_plan` text NOT NULL COMMENT '治疗方案',
  `prescription` text COMMENT '处方信息',
  `notes` text COMMENT '医生备注',
  `visit_date` datetime NOT NULL DEFAULT CURRENT_TIMESTAMP COMMENT '就诊日期',
  `completed_date` datetime DEFAULT NULL COMMENT '完成日期（治疗结束时间）',
  `status` tinyint NOT NULL DEFAULT '0' COMMENT '状态：0 治疗中 1 已完成 2 已归档',
  `created_at` datetime DEFAULT CURRENT_TIMESTAMP COMMENT '创建时间',
  `updated_at` datetime DEFAULT CURRENT_TIMESTAMP ON UPDATE CURRENT_TIMESTAMP COMMENT '更新时间',
  PRIMARY KEY (`id`),
  KEY `idx_medical_records_user_id` (`user_id`),
  KEY `idx_medical_records_doctor_id` (`doctor_id`),
  KEY `idx_medical_records_visit_date` (`visit_date`),
  KEY `idx_medical_records_status` (`status`)
) ENGINE=InnoDB DEFAULT CHARSET=utf8mb4 COLLATE=utf8mb4_0900_ai_ci COMMENT='患者病例历史表';
/*!40101 SET character_set_client = @saved_cs_client */;

--
-- Dumping data for table `medical_records`
--

LOCK TABLES `medical_records` WRITE;
/*!40000 ALTER TABLE `medical_records` DISABLE KEYS */;
INSERT INTO `medical_records` VALUES (1,1760116803804,1760190067234,'张三','李医生','咳嗽、发热3天','上呼吸道感染','口服抗生素，多喝水休息','阿莫西林胶囊 500mg，每日3次，连服7天','患者精神状态良好','2023-03-01 09:30:00','2023-03-05 10:00:00',1,'2023-03-01 09:30:00','2025-12-05 14:58:15'),(2,1760116803804,1760190067234,'李四','李医生','胃痛、反酸2周','胃炎','服用胃药，调整饮食','奥美拉唑 20mg，每日1次，早餐前服用','建议定期复查','2023-03-02 14:00:00','2023-03-08 15:00:00',2,'2023-03-02 14:00:00','2025-12-05 14:58:15'),(3,1760116803804,1760190067234,'王五','王医生','头痛、头晕1周','高血压','服用降压药，定期监测血压','氨氯地平 5mg，每日1次','患者需低盐饮食','2023-03-03 10:00:00',NULL,0,'2023-03-03 10:00:00','2025-12-05 14:58:15'),(4,1760116803804,1760190067234,'赵六','张医生','皮疹、瘙痒3天','过敏性皮炎','外用抗过敏药膏','氢化可的松软膏，每日2次，涂抹患处','避免接触过敏原','2023-03-04 11:00:00','2023-03-10 12:00:00',1,'2023-03-04 11:00:00','2025-12-05 14:58:15'),(5,1760116803804,1760190067234,'钱七','王医生','胸闷、气短2天','心律不齐','心电图检查，服用调节心律药物','美托洛尔 25mg，每日2次','建议住院观察','2023-03-05 15:30:00',NULL,0,'2023-03-05 15:30:00','2025-12-05 14:58:15'),(6,1760116803804,1760190067234,'孙八','李医生','关节疼痛1周','风湿性关节炎','服用消炎止痛药','布洛芬 200mg，每日3次，饭后服用','注意保暖，适当运动','2023-03-06 09:00:00','2023-03-12 10:00:00',2,'2023-03-06 09:00:00','2025-12-05 14:58:15'),(7,1760116803804,1760190067234,'周九','张医生','咽痛、吞咽困难2天','急性咽炎','含片治疗，多喝温水','西瓜霜润喉片，每隔2小时含服1片','避免辛辣刺激食物','2023-03-07 13:00:00','2023-03-11 14:00:00',1,'2023-03-07 13:00:00','2025-12-05 14:58:15'),(8,1760116803804,1760190067234,'吴十','王医生','腹痛、腹泻1天','急性肠胃炎','清淡饮食，补充电解质','蒙脱石散，每日3次，饭前服用','如有加重立即复诊','2023-03-08 16:00:00',NULL,0,'2023-03-08 16:00:00','2025-12-05 14:58:15');
/*!40000 ALTER TABLE `medical_records` ENABLE KEYS */;
UNLOCK TABLES;

--
-- Table structure for table `user_profiles`
--

DROP TABLE IF EXISTS `user_profiles`;
/*!40101 SET @saved_cs_client     = @@character_set_client */;
/*!50503 SET character_set_client = utf8mb4 */;
CREATE TABLE `user_profiles` (
  `id` bigint NOT NULL COMMENT '主键，雪花 ID',
  `user_id` bigint NOT NULL COMMENT '关联 users.id，role=2',
  `id_card` char(18) NOT NULL COMMENT '身份证号，业务唯一',
  `blood_type` enum('A','B','AB','O','RH-') DEFAULT NULL COMMENT '血型',
  `allergy_history` text COMMENT '过敏史，自由文本',
  `chronic_disease` text COMMENT '慢性病史',
  `current_symptoms` text NOT NULL COMMENT '当前主诉/症状',
  `current_plan` text NOT NULL COMMENT '正在执行的治疗方案',
  `next_step` text NOT NULL COMMENT '下一步建议（检查/复诊/手术等）',
  `address` json DEFAULT NULL COMMENT '常住地址快照 {"省":"xx","市":"xx","区":"xx","detail":"路号"}',
  `id_card_verified` tinyint DEFAULT '0' COMMENT '实名认证状态 0 未通过 1 已通过 2 审核中（医疗必填）',
  `emergency_name` varchar(32) DEFAULT NULL COMMENT '紧急联系人姓名',
  `emergency_phone` varchar(16) DEFAULT NULL COMMENT '紧急联系人电话',
  `created_at` datetime DEFAULT CURRENT_TIMESTAMP COMMENT '建档时间',
  `updated_at` datetime DEFAULT CURRENT_TIMESTAMP ON UPDATE CURRENT_TIMESTAMP COMMENT '最后更新',
  PRIMARY KEY (`id`),
  UNIQUE KEY `uk_user_id` (`user_id`),
  UNIQUE KEY `ux_user_id_card` (`id_card`),
  KEY `idx_verified` (`id_card_verified`)
) ENGINE=InnoDB DEFAULT CHARSET=utf8mb4 COLLATE=utf8mb4_0900_ai_ci COMMENT='患者健康档案，仅 role=2 拥有';
/*!40101 SET character_set_client = @saved_cs_client */;

--
-- Dumping data for table `user_profiles`
--

LOCK TABLES `user_profiles` WRITE;
/*!40000 ALTER TABLE `user_profiles` DISABLE KEYS */;
INSERT INTO `user_profiles` VALUES (60001,20001,'110101198501011011','A','无特殊过敏','无','头晕乏力，偶有咳嗽','口服对症药物，观察一周','一周后复诊，如加重则提前就诊','{\"区\": \"西湖\", \"市\": \"杭州\", \"省\": \"浙江\", \"detail\": \"学院路101号\"}',0,'李亲属','13090000001','2023-06-15 00:00:00','2025-10-18 15:16:43'),(60002,20002,'110101198501011022','A','无特殊过敏','无','头晕乏力，偶有咳嗽','口服对症药物，观察一周','一周后复诊，如加重则提前就诊','{\"区\": \"西湖\", \"市\": \"杭州\", \"省\": \"浙江\", \"detail\": \"学院路102号\"}',0,'王亲属','13090000002','2023-06-15 00:00:00','2023-06-15 00:00:00'),(60003,20003,'110101198501011033','A','无特殊过敏','无','头晕乏力，偶有咳嗽','口服对症药物，观察一周','一周后复诊，如加重则提前就诊','{\"区\": \"西湖\", \"市\": \"杭州\", \"省\": \"浙江\", \"detail\": \"学院路103号\"}',1,'赵亲属','13090000003','2023-06-15 00:00:00','2023-06-15 00:00:00'),(60004,20004,'110101198501011044','A','无特殊过敏','无','头晕乏力，偶有咳嗽','口服对症药物，观察一周','一周后复诊，如加重则提前就诊','{\"区\": \"西湖\", \"市\": \"杭州\", \"省\": \"浙江\", \"detail\": \"学院路104号\"}',0,'刘亲属','13090000004','2023-06-15 00:00:00','2023-06-15 00:00:00'),(60005,20005,'110101198501011055','A','无特殊过敏','无','头晕乏力，偶有咳嗽','口服对症药物，观察一周','一周后复诊，如加重则提前就诊','{\"区\": \"西湖\", \"市\": \"杭州\", \"省\": \"浙江\", \"detail\": \"学院路105号\"}',0,'陈亲属','13090000005','2023-06-15 00:00:00','2023-06-15 00:00:00'),(60006,20006,'110101198501011066','A','无特殊过敏','无','头晕乏力，偶有咳嗽','口服对症药物，观察一周','一周后复诊，如加重则提前就诊','{\"区\": \"西湖\", \"市\": \"杭州\", \"省\": \"浙江\", \"detail\": \"学院路106号\"}',1,'杨亲属','13090000006','2023-06-15 00:00:00','2023-06-15 00:00:00'),(60007,20007,'110101198501011077','A','无特殊过敏','无','头晕乏力，偶有咳嗽','口服对症药物，观察一周','一周后复诊，如加重则提前就诊','{\"区\": \"西湖\", \"市\": \"杭州\", \"省\": \"浙江\", \"detail\": \"学院路107号\"}',0,'黄亲属','13090000007','2023-06-15 00:00:00','2023-06-15 00:00:00'),(60008,20008,'110101198501011088','A','无特殊过敏','无','头晕乏力，偶有咳嗽','口服对症药物，观察一周','一周后复诊，如加重则提前就诊','{\"区\": \"西湖\", \"市\": \"杭州\", \"省\": \"浙江\", \"detail\": \"学院路108号\"}',1,'吴亲属','13090000008','2023-06-14 00:00:00','2025-10-18 20:00:41'),(60009,20009,'110101198501011099','A','无特殊过敏','无','头晕乏力，偶有咳嗽','口服对症药物，观察一周','一周后复诊，如加重则提前就诊','{\"区\": \"西湖\", \"市\": \"杭州\", \"省\": \"浙江\", \"detail\": \"学院路109号\"}',0,'周亲属','13090000009','2023-06-14 00:00:00','2025-10-18 20:01:13'),(60010,20010,'11010119850101110X','A','无特殊过敏','无','头晕乏力，偶有咳嗽','口服对症药物，观察一周','一周后复诊，如加重则提前就诊','{\"区\": \"西湖\", \"市\": \"杭州\", \"省\": \"浙江\", \"detail\": \"学院路110号\"}',1,'张亲属','13090000010','2023-06-14 00:00:00','2025-10-31 01:19:45'),(60011,20011,'110101198501011111','A','无特殊过敏','无','头晕乏力，偶有咳嗽','口服对症药物，观察一周','一周后复诊，如加重则提前就诊','{\"区\": \"西湖\", \"市\": \"杭州\", \"省\": \"浙江\", \"detail\": \"学院路111号\"}',2,'李亲属','13090000011','2023-06-14 00:00:00','2025-10-18 16:39:17'),(60012,20012,'110101198501011122','A','无特殊过敏','无','头晕乏力，偶有咳嗽','口服对症药物，观察一周','一周后复诊，如加重则提前就诊','{\"区\": \"西湖\", \"市\": \"杭州\", \"省\": \"浙江\", \"detail\": \"学院路112号\"}',2,'王亲属','13090000012','2023-06-15 00:00:00','2025-10-17 23:06:53'),(60013,20013,'110101198501011133','A','无特殊过敏','无','头晕乏力，偶有咳嗽','口服对症药物，观察一周','一周后复诊，如加重则提前就诊','{\"区\": \"西湖\", \"市\": \"杭州\", \"省\": \"浙江\", \"detail\": \"学院路113号\"}',2,'赵亲属','13090000013','2023-06-15 00:00:00','2025-10-17 23:06:53'),(60014,20014,'110101198501011144','A','无特殊过敏','无','头晕乏力，偶有咳嗽','口服对症药物，观察一周','一周后复诊，如加重则提前就诊','{\"区\": \"西湖\", \"市\": \"杭州\", \"省\": \"浙江\", \"detail\": \"学院路114号\"}',2,'刘亲属','13090000014','2023-06-15 00:00:00','2025-10-17 23:06:53'),(60015,20015,'110101198501011155','A','无特殊过敏','无','头晕乏力，偶有咳嗽','口服对症药物，观察一周','一周后复诊，如加重则提前就诊','{\"区\": \"西湖\", \"市\": \"杭州\", \"省\": \"浙江\", \"detail\": \"学院路115号\"}',2,'陈亲属','13090000015','2023-06-15 00:00:00','2025-10-17 23:06:53'),(60016,20016,'110101198501011166','A','无特殊过敏','无','头晕乏力，偶有咳嗽','口服对症药物，观察一周','一周后复诊，如加重则提前就诊','{\"区\": \"西湖\", \"市\": \"杭州\", \"省\": \"浙江\", \"detail\": \"学院路116号\"}',2,'杨亲属','13090000016','2023-06-15 00:00:00','2025-10-17 23:06:53'),(60017,20017,'110101198501011177','A','无特殊过敏','无','头晕乏力，偶有咳嗽','口服对症药物，观察一周','一周后复诊，如加重则提前就诊','{\"区\": \"西湖\", \"市\": \"杭州\", \"省\": \"浙江\", \"detail\": \"学院路117号\"}',2,'黄亲属','13090000017','2023-06-15 00:00:00','2025-10-17 23:06:53'),(60018,20018,'110101198501011188','A','无特殊过敏','无','头晕乏力，偶有咳嗽','口服对症药物，观察一周','一周后复诊，如加重则提前就诊','{\"区\": \"西湖\", \"市\": \"杭州\", \"省\": \"浙江\", \"detail\": \"学院路118号\"}',2,'吴亲属','13090000018','2023-06-15 00:00:00','2025-10-17 23:06:53'),(60019,20019,'110101198501011199','A','无特殊过敏','无','头晕乏力，偶有咳嗽','口服对症药物，观察一周','一周后复诊，如加重则提前就诊','{\"区\": \"西湖\", \"市\": \"杭州\", \"省\": \"浙江\", \"detail\": \"学院路119号\"}',2,'周亲属','13090000019','2023-06-15 00:00:00','2025-10-17 23:06:53'),(60020,20020,'11010119850101120X','A','无特殊过敏','无','头晕乏力，偶有咳嗽','口服对症药物，观察一周','一周后复诊，如加重则提前就诊','{\"区\": \"西湖\", \"市\": \"杭州\", \"省\": \"浙江\", \"detail\": \"学院路120号\"}',2,'张亲属','13090000020','2023-06-15 00:00:00','2025-10-17 23:06:53'),(60021,20021,'110101198501011211','A','无特殊过敏','无','头晕乏力，偶有咳嗽','口服对症药物，观察一周','一周后复诊，如加重则提前就诊','{\"区\": \"西湖\", \"市\": \"杭州\", \"省\": \"浙江\", \"detail\": \"学院路121号\"}',2,'李亲属','13090000021','2023-06-15 00:00:00','2025-10-17 23:06:53'),(60022,20022,'110101198501011222','A','无特殊过敏','无','头晕乏力，偶有咳嗽','口服对症药物，观察一周','一周后复诊，如加重则提前就诊','{\"区\": \"西湖\", \"市\": \"杭州\", \"省\": \"浙江\", \"detail\": \"学院路122号\"}',2,'王亲属','13090000022','2023-06-15 00:00:00','2025-10-17 23:06:53'),(60023,20023,'110101198501011233','A','无特殊过敏','无','头晕乏力，偶有咳嗽','口服对症药物，观察一周','一周后复诊，如加重则提前就诊','{\"区\": \"西湖\", \"市\": \"杭州\", \"省\": \"浙江\", \"detail\": \"学院路123号\"}',2,'赵亲属','13090000023','2023-06-15 00:00:00','2025-10-17 23:06:53'),(60024,20024,'110101198501011244','A','无特殊过敏','无','头晕乏力，偶有咳嗽','口服对症药物，观察一周','一周后复诊，如加重则提前就诊','{\"区\": \"西湖\", \"市\": \"杭州\", \"省\": \"浙江\", \"detail\": \"学院路124号\"}',1,'刘亲属','13090000024','2023-06-15 00:00:00','2023-06-15 00:00:00'),(60025,20025,'110101198501011255','A','无特殊过敏','无','头晕乏力，偶有咳嗽','口服对症药物，观察一周','一周后复诊，如加重则提前就诊','{\"区\": \"西湖\", \"市\": \"杭州\", \"省\": \"浙江\", \"detail\": \"学院路125号\"}',0,'陈亲属','13090000025','2023-06-15 00:00:00','2023-06-15 00:00:00'),(60026,20026,'110101198501011266','A','无特殊过敏','无','头晕乏力，偶有咳嗽','口服对症药物，观察一周','一周后复诊，如加重则提前就诊','{\"区\": \"西湖\", \"市\": \"杭州\", \"省\": \"浙江\", \"detail\": \"学院路126号\"}',0,'杨亲属','13090000026','2023-06-15 00:00:00','2023-06-15 00:00:00'),(60027,20027,'110101198501011277','A','无特殊过敏','无','头晕乏力，偶有咳嗽','口服对症药物，观察一周','一周后复诊，如加重则提前就诊','{\"区\": \"西湖\", \"市\": \"杭州\", \"省\": \"浙江\", \"detail\": \"学院路127号\"}',1,'黄亲属','13090000027','2023-06-15 00:00:00','2023-06-15 00:00:00'),(60028,20028,'110101198501011288','A','无特殊过敏','无','头晕乏力，偶有咳嗽','口服对症药物，观察一周','一周后复诊，如加重则提前就诊','{\"区\": \"西湖\", \"市\": \"杭州\", \"省\": \"浙江\", \"detail\": \"学院路128号\"}',0,'吴亲属','13090000028','2023-06-15 00:00:00','2023-06-15 00:00:00'),(60029,20029,'110101198501011299','A','无特殊过敏','无','头晕乏力，偶有咳嗽','口服对症药物，观察一周','一周后复诊，如加重则提前就诊','{\"区\": \"西湖\", \"市\": \"杭州\", \"省\": \"浙江\", \"detail\": \"学院路129号\"}',0,'周亲属','13090000029','2023-06-15 00:00:00','2023-06-15 00:00:00'),(60030,20030,'11010119850101130X','A','无特殊过敏','无','头晕乏力，偶有咳嗽','口服对症药物，观察一周','一周后复诊，如加重则提前就诊','{\"区\": \"西湖\", \"市\": \"杭州\", \"省\": \"浙江\", \"detail\": \"学院路130号\"}',1,'张亲属','13090000030','2023-06-15 00:00:00','2023-06-15 00:00:00'),(60031,20031,'110101198501011311','A','无特殊过敏','无','头晕乏力，偶有咳嗽','口服对症药物，观察一周','一周后复诊，如加重则提前就诊','{\"区\": \"西湖\", \"市\": \"杭州\", \"省\": \"浙江\", \"detail\": \"学院路131号\"}',0,'李亲属','13090000031','2023-06-15 00:00:00','2023-06-15 00:00:00'),(60032,20032,'110101198501011322','A','无特殊过敏','无','头晕乏力，偶有咳嗽','口服对症药物，观察一周','一周后复诊，如加重则提前就诊','{\"区\": \"西湖\", \"市\": \"杭州\", \"省\": \"浙江\", \"detail\": \"学院路132号\"}',0,'王亲属','13090000032','2023-06-15 00:00:00','2023-06-15 00:00:00'),(60033,20033,'110101198501011333','A','无特殊过敏','无','头晕乏力，偶有咳嗽','口服对症药物，观察一周','一周后复诊，如加重则提前就诊','{\"区\": \"西湖\", \"市\": \"杭州\", \"省\": \"浙江\", \"detail\": \"学院路133号\"}',1,'赵亲属','13090000033','2023-06-15 00:00:00','2023-06-15 00:00:00'),(60034,20034,'110101198501011344','A','无特殊过敏','无','头晕乏力，偶有咳嗽','口服对症药物，观察一周','一周后复诊，如加重则提前就诊','{\"区\": \"西湖\", \"市\": \"杭州\", \"省\": \"浙江\", \"detail\": \"学院路134号\"}',0,'刘亲属','13090000034','2023-06-15 00:00:00','2023-06-15 00:00:00'),(60035,20035,'110101198501011355','A','无特殊过敏','无','头晕乏力，偶有咳嗽','口服对症药物，观察一周','一周后复诊，如加重则提前就诊','{\"区\": \"西湖\", \"市\": \"杭州\", \"省\": \"浙江\", \"detail\": \"学院路135号\"}',0,'陈亲属','13090000035','2023-06-15 00:00:00','2023-06-15 00:00:00'),(60036,20036,'110101198501011366','A','无特殊过敏','无','头晕乏力，偶有咳嗽','口服对症药物，观察一周','一周后复诊，如加重则提前就诊','{\"区\": \"西湖\", \"市\": \"杭州\", \"省\": \"浙江\", \"detail\": \"学院路136号\"}',1,'杨亲属','13090000036','2023-06-15 00:00:00','2023-06-15 00:00:00'),(60037,20037,'110101198501011377','A','无特殊过敏','无','头晕乏力，偶有咳嗽','口服对症药物，观察一周','一周后复诊，如加重则提前就诊','{\"区\": \"西湖\", \"市\": \"杭州\", \"省\": \"浙江\", \"detail\": \"学院路137号\"}',0,'黄亲属','13090000037','2023-06-15 00:00:00','2023-06-15 00:00:00'),(60038,20038,'110101198501011388','A','无特殊过敏','无','头晕乏力，偶有咳嗽','口服对症药物，观察一周','一周后复诊，如加重则提前就诊','{\"区\": \"西湖\", \"市\": \"杭州\", \"省\": \"浙江\", \"detail\": \"学院路138号\"}',0,'吴亲属','13090000038','2023-06-15 00:00:00','2023-06-15 00:00:00'),(60039,20039,'110101198501011399','A','无特殊过敏','无','头晕乏力，偶有咳嗽','口服对症药物，观察一周','一周后复诊，如加重则提前就诊','{\"区\": \"西湖\", \"市\": \"杭州\", \"省\": \"浙江\", \"detail\": \"学院路139号\"}',1,'周亲属','13090000039','2023-06-15 00:00:00','2023-06-15 00:00:00'),(60040,20040,'11010119850101140X','A','无特殊过敏','无','头晕乏力，偶有咳嗽','口服对症药物，观察一周','一周后复诊，如加重则提前就诊','{\"区\": \"西湖\", \"市\": \"杭州\", \"省\": \"浙江\", \"detail\": \"学院路140号\"}',0,'张亲属','13090000040','2023-06-15 00:00:00','2023-06-15 00:00:00'),(60041,20041,'110101198501011411','A','无特殊过敏','无','头晕乏力，偶有咳嗽','口服对症药物，观察一周','一周后复诊，如加重则提前就诊','{\"区\": \"西湖\", \"市\": \"杭州\", \"省\": \"浙江\", \"detail\": \"学院路141号\"}',0,'李亲属','13090000041','2023-06-15 00:00:00','2023-06-15 00:00:00'),(60042,20042,'110101198501011422','A','无特殊过敏','无','头晕乏力，偶有咳嗽','口服对症药物，观察一周','一周后复诊，如加重则提前就诊','{\"区\": \"西湖\", \"市\": \"杭州\", \"省\": \"浙江\", \"detail\": \"学院路142号\"}',1,'王亲属','13090000042','2023-06-15 00:00:00','2023-06-15 00:00:00'),(60043,20043,'110101198501011433','A','无特殊过敏','无','头晕乏力，偶有咳嗽','口服对症药物，观察一周','一周后复诊，如加重则提前就诊','{\"区\": \"西湖\", \"市\": \"杭州\", \"省\": \"浙江\", \"detail\": \"学院路143号\"}',0,'赵亲属','13090000043','2023-06-15 00:00:00','2023-06-15 00:00:00'),(60044,20044,'110101198501011444','A','无特殊过敏','无','头晕乏力，偶有咳嗽','口服对症药物，观察一周','一周后复诊，如加重则提前就诊','{\"区\": \"西湖\", \"市\": \"杭州\", \"省\": \"浙江\", \"detail\": \"学院路144号\"}',0,'刘亲属','13090000044','2023-06-15 00:00:00','2023-06-15 00:00:00'),(60045,20045,'110101198501011455','A','无特殊过敏','无','头晕乏力，偶有咳嗽','口服对症药物，观察一周','一周后复诊，如加重则提前就诊','{\"区\": \"西湖\", \"市\": \"杭州\", \"省\": \"浙江\", \"detail\": \"学院路145号\"}',1,'陈亲属','13090000045','2023-06-15 00:00:00','2023-06-15 00:00:00'),(60046,20046,'110101198501011466','A','无特殊过敏','无','头晕乏力，偶有咳嗽','口服对症药物，观察一周','一周后复诊，如加重则提前就诊','{\"区\": \"西湖\", \"市\": \"杭州\", \"省\": \"浙江\", \"detail\": \"学院路146号\"}',0,'杨亲属','13090000046','2023-06-15 00:00:00','2023-06-15 00:00:00'),(60047,20047,'110101198501011477','A','无特殊过敏','无','头晕乏力，偶有咳嗽','口服对症药物，观察一周','一周后复诊，如加重则提前就诊','{\"区\": \"西湖\", \"市\": \"杭州\", \"省\": \"浙江\", \"detail\": \"学院路147号\"}',0,'黄亲属','13090000047','2023-06-15 00:00:00','2023-06-15 00:00:00'),(60048,20048,'110101198501011488','A','无特殊过敏','无','头晕乏力，偶有咳嗽','口服对症药物，观察一周','一周后复诊，如加重则提前就诊','{\"区\": \"西湖\", \"市\": \"杭州\", \"省\": \"浙江\", \"detail\": \"学院路148号\"}',1,'吴亲属','13090000048','2023-06-15 00:00:00','2023-06-15 00:00:00'),(60049,20049,'110101198501011499','A','无特殊过敏','无','头晕乏力，偶有咳嗽','口服对症药物，观察一周','一周后复诊，如加重则提前就诊','{\"区\": \"西湖\", \"市\": \"杭州\", \"省\": \"浙江\", \"detail\": \"学院路149号\"}',0,'周亲属','13090000049','2023-06-15 00:00:00','2023-06-15 00:00:00'),(60050,20050,'11010119850101150X','A','无特殊过敏','无','头晕乏力，偶有咳嗽','口服对症药物，观察一周','一周后复诊，如加重则提前就诊','{\"区\": \"西湖\", \"市\": \"杭州\", \"省\": \"浙江\", \"detail\": \"学院路150号\"}',0,'张亲属','13090000050','2023-06-15 00:00:00','2023-06-15 00:00:00'),(60051,20051,'110101198501011511','A','无特殊过敏','无','头晕乏力，偶有咳嗽','口服对症药物，观察一周','一周后复诊，如加重则提前就诊','{\"区\": \"西湖\", \"市\": \"杭州\", \"省\": \"浙江\", \"detail\": \"学院路151号\"}',1,'李亲属','13090000051','2023-06-15 00:00:00','2023-06-15 00:00:00'),(60052,20052,'110101198501011522','A','无特殊过敏','无','头晕乏力，偶有咳嗽','口服对症药物，观察一周','一周后复诊，如加重则提前就诊','{\"区\": \"西湖\", \"市\": \"杭州\", \"省\": \"浙江\", \"detail\": \"学院路152号\"}',0,'王亲属','13090000052','2023-06-15 00:00:00','2023-06-15 00:00:00'),(60053,20053,'110101198501011533','A','无特殊过敏','无','头晕乏力，偶有咳嗽','口服对症药物，观察一周','一周后复诊，如加重则提前就诊','{\"区\": \"西湖\", \"市\": \"杭州\", \"省\": \"浙江\", \"detail\": \"学院路153号\"}',0,'赵亲属','13090000053','2023-06-15 00:00:00','2023-06-15 00:00:00'),(60054,20054,'110101198501011544','A','无特殊过敏','无','头晕乏力，偶有咳嗽','口服对症药物，观察一周','一周后复诊，如加重则提前就诊','{\"区\": \"西湖\", \"市\": \"杭州\", \"省\": \"浙江\", \"detail\": \"学院路154号\"}',1,'刘亲属','13090000054','2023-06-15 00:00:00','2023-06-15 00:00:00'),(60055,20055,'110101198501011555','A','无特殊过敏','无','头晕乏力，偶有咳嗽','口服对症药物，观察一周','一周后复诊，如加重则提前就诊','{\"区\": \"西湖\", \"市\": \"杭州\", \"省\": \"浙江\", \"detail\": \"学院路155号\"}',0,'陈亲属','13090000055','2023-06-15 00:00:00','2023-06-15 00:00:00'),(60056,20056,'110101198501011566','A','无特殊过敏','无','头晕乏力，偶有咳嗽','口服对症药物，观察一周','一周后复诊，如加重则提前就诊','{\"区\": \"西湖\", \"市\": \"杭州\", \"省\": \"浙江\", \"detail\": \"学院路156号\"}',0,'杨亲属','13090000056','2023-06-15 00:00:00','2023-06-15 00:00:00'),(60057,20057,'110101198501011577','A','无特殊过敏','无','头晕乏力，偶有咳嗽','口服对症药物，观察一周','一周后复诊，如加重则提前就诊','{\"区\": \"西湖\", \"市\": \"杭州\", \"省\": \"浙江\", \"detail\": \"学院路157号\"}',1,'黄亲属','13090000057','2023-06-15 00:00:00','2023-06-15 00:00:00'),(60058,20058,'110101198501011588','A','无特殊过敏','无','头晕乏力，偶有咳嗽','口服对症药物，观察一周','一周后复诊，如加重则提前就诊','{\"区\": \"西湖\", \"市\": \"杭州\", \"省\": \"浙江\", \"detail\": \"学院路158号\"}',0,'吴亲属','13090000058','2023-06-15 00:00:00','2023-06-15 00:00:00'),(60059,20059,'110101198501011599','A','无特殊过敏','无','头晕乏力，偶有咳嗽','口服对症药物，观察一周','一周后复诊，如加重则提前就诊','{\"区\": \"西湖\", \"市\": \"杭州\", \"省\": \"浙江\", \"detail\": \"学院路159号\"}',0,'周亲属','13090000059','2023-06-15 00:00:00','2023-06-15 00:00:00'),(60060,20060,'11010119850101160X','A','无特殊过敏','无','头晕乏力，偶有咳嗽','口服对症药物，观察一周','一周后复诊，如加重则提前就诊','{\"区\": \"西湖\", \"市\": \"杭州\", \"省\": \"浙江\", \"detail\": \"学院路160号\"}',1,'张亲属','13090000060','2023-06-15 00:00:00','2023-06-15 00:00:00'),(60061,20061,'110101198501011611','A','无特殊过敏','无','头晕乏力，偶有咳嗽','口服对症药物，观察一周','一周后复诊，如加重则提前就诊','{\"区\": \"西湖\", \"市\": \"杭州\", \"省\": \"浙江\", \"detail\": \"学院路161号\"}',0,'李亲属','13090000061','2023-06-15 00:00:00','2023-06-15 00:00:00'),(60062,20062,'110101198501011622','A','无特殊过敏','无','头晕乏力，偶有咳嗽','口服对症药物，观察一周','一周后复诊，如加重则提前就诊','{\"区\": \"西湖\", \"市\": \"杭州\", \"省\": \"浙江\", \"detail\": \"学院路162号\"}',0,'王亲属','13090000062','2023-06-15 00:00:00','2023-06-15 00:00:00'),(60063,20063,'110101198501011633','A','无特殊过敏','无','头晕乏力，偶有咳嗽','口服对症药物，观察一周','一周后复诊，如加重则提前就诊','{\"区\": \"西湖\", \"市\": \"杭州\", \"省\": \"浙江\", \"detail\": \"学院路163号\"}',1,'赵亲属','13090000063','2023-06-15 00:00:00','2023-06-15 00:00:00'),(60064,20064,'110101198501011644','A','无特殊过敏','无','头晕乏力，偶有咳嗽','口服对症药物，观察一周','一周后复诊，如加重则提前就诊','{\"区\": \"西湖\", \"市\": \"杭州\", \"省\": \"浙江\", \"detail\": \"学院路164号\"}',0,'刘亲属','13090000064','2023-06-15 00:00:00','2023-06-15 00:00:00'),(60065,20065,'110101198501011655','A','无特殊过敏','无','头晕乏力，偶有咳嗽','口服对症药物，观察一周','一周后复诊，如加重则提前就诊','{\"区\": \"西湖\", \"市\": \"杭州\", \"省\": \"浙江\", \"detail\": \"学院路165号\"}',0,'陈亲属','13090000065','2023-06-15 00:00:00','2023-06-15 00:00:00'),(60066,20066,'110101198501011666','A','无特殊过敏','无','头晕乏力，偶有咳嗽','口服对症药物，观察一周','一周后复诊，如加重则提前就诊','{\"区\": \"西湖\", \"市\": \"杭州\", \"省\": \"浙江\", \"detail\": \"学院路166号\"}',1,'杨亲属','13090000066','2023-06-15 00:00:00','2023-06-15 00:00:00'),(60067,20067,'110101198501011677','A','无特殊过敏','无','头晕乏力，偶有咳嗽','口服对症药物，观察一周','一周后复诊，如加重则提前就诊','{\"区\": \"西湖\", \"市\": \"杭州\", \"省\": \"浙江\", \"detail\": \"学院路167号\"}',0,'黄亲属','13090000067','2023-06-15 00:00:00','2023-06-15 00:00:00'),(60068,20068,'110101198501011688','A','无特殊过敏','无','头晕乏力，偶有咳嗽','口服对症药物，观察一周','一周后复诊，如加重则提前就诊','{\"区\": \"西湖\", \"市\": \"杭州\", \"省\": \"浙江\", \"detail\": \"学院路168号\"}',0,'吴亲属','13090000068','2023-06-15 00:00:00','2023-06-15 00:00:00'),(60069,20069,'110101198501011699','A','无特殊过敏','无','头晕乏力，偶有咳嗽','口服对症药物，观察一周','一周后复诊，如加重则提前就诊','{\"区\": \"西湖\", \"市\": \"杭州\", \"省\": \"浙江\", \"detail\": \"学院路169号\"}',1,'周亲属','13090000069','2023-06-15 00:00:00','2023-06-15 00:00:00'),(60070,20070,'11010119850101170X','A','无特殊过敏','无','头晕乏力，偶有咳嗽','口服对症药物，观察一周','一周后复诊，如加重则提前就诊','{\"区\": \"西湖\", \"市\": \"杭州\", \"省\": \"浙江\", \"detail\": \"学院路170号\"}',0,'张亲属','13090000070','2023-06-15 00:00:00','2023-06-15 00:00:00'),(60071,20071,'110101198501011711','A','无特殊过敏','无','头晕乏力，偶有咳嗽','口服对症药物，观察一周','一周后复诊，如加重则提前就诊','{\"区\": \"西湖\", \"市\": \"杭州\", \"省\": \"浙江\", \"detail\": \"学院路171号\"}',0,'李亲属','13090000071','2023-06-15 00:00:00','2023-06-15 00:00:00'),(60072,20072,'110101198501011722','A','无特殊过敏','无','头晕乏力，偶有咳嗽','口服对症药物，观察一周','一周后复诊，如加重则提前就诊','{\"区\": \"西湖\", \"市\": \"杭州\", \"省\": \"浙江\", \"detail\": \"学院路172号\"}',1,'王亲属','13090000072','2023-06-15 00:00:00','2023-06-15 00:00:00'),(60073,20073,'110101198501011733','A','无特殊过敏','无','头晕乏力，偶有咳嗽','口服对症药物，观察一周','一周后复诊，如加重则提前就诊','{\"区\": \"西湖\", \"市\": \"杭州\", \"省\": \"浙江\", \"detail\": \"学院路173号\"}',0,'赵亲属','13090000073','2023-06-15 00:00:00','2023-06-15 00:00:00'),(60074,20074,'110101198501011744','A','无特殊过敏','无','头晕乏力，偶有咳嗽','口服对症药物，观察一周','一周后复诊，如加重则提前就诊','{\"区\": \"西湖\", \"市\": \"杭州\", \"省\": \"浙江\", \"detail\": \"学院路174号\"}',0,'刘亲属','13090000074','2023-06-15 00:00:00','2023-06-15 00:00:00'),(60075,20075,'110101198501011755','A','无特殊过敏','无','头晕乏力，偶有咳嗽','口服对症药物，观察一周','一周后复诊，如加重则提前就诊','{\"区\": \"西湖\", \"市\": \"杭州\", \"省\": \"浙江\", \"detail\": \"学院路175号\"}',1,'陈亲属','13090000075','2023-06-15 00:00:00','2023-06-15 00:00:00'),(60076,20076,'110101198501011766','A','无特殊过敏','无','头晕乏力，偶有咳嗽','口服对症药物，观察一周','一周后复诊，如加重则提前就诊','{\"区\": \"西湖\", \"市\": \"杭州\", \"省\": \"浙江\", \"detail\": \"学院路176号\"}',0,'杨亲属','13090000076','2023-06-15 00:00:00','2023-06-15 00:00:00'),(60077,20077,'110101198501011777','A','无特殊过敏','无','头晕乏力，偶有咳嗽','口服对症药物，观察一周','一周后复诊，如加重则提前就诊','{\"区\": \"西湖\", \"市\": \"杭州\", \"省\": \"浙江\", \"detail\": \"学院路177号\"}',0,'黄亲属','13090000077','2023-06-15 00:00:00','2023-06-15 00:00:00'),(60078,20078,'110101198501011788','A','无特殊过敏','无','头晕乏力，偶有咳嗽','口服对症药物，观察一周','一周后复诊，如加重则提前就诊','{\"区\": \"西湖\", \"市\": \"杭州\", \"省\": \"浙江\", \"detail\": \"学院路178号\"}',1,'吴亲属','13090000078','2023-06-15 00:00:00','2023-06-15 00:00:00'),(60079,20079,'110101198501011799','A','无特殊过敏','无','头晕乏力，偶有咳嗽','口服对症药物，观察一周','一周后复诊，如加重则提前就诊','{\"区\": \"西湖\", \"市\": \"杭州\", \"省\": \"浙江\", \"detail\": \"学院路179号\"}',0,'周亲属','13090000079','2023-06-15 00:00:00','2023-06-15 00:00:00'),(60080,20080,'11010119850101180X','A','无特殊过敏','无','头晕乏力，偶有咳嗽','口服对症药物，观察一周','一周后复诊，如加重则提前就诊','{\"区\": \"西湖\", \"市\": \"杭州\", \"省\": \"浙江\", \"detail\": \"学院路180号\"}',0,'张亲属','13090000080','2023-06-15 00:00:00','2023-06-15 00:00:00'),(60081,20081,'110101198501011811','A','无特殊过敏','无','头晕乏力，偶有咳嗽','口服对症药物，观察一周','一周后复诊，如加重则提前就诊','{\"区\": \"西湖\", \"市\": \"杭州\", \"省\": \"浙江\", \"detail\": \"学院路181号\"}',1,'李亲属','13090000081','2023-06-15 00:00:00','2023-06-15 00:00:00'),(60082,20082,'110101198501011822','A','无特殊过敏','无','头晕乏力，偶有咳嗽','口服对症药物，观察一周','一周后复诊，如加重则提前就诊','{\"区\": \"西湖\", \"市\": \"杭州\", \"省\": \"浙江\", \"detail\": \"学院路182号\"}',0,'王亲属','13090000082','2023-06-15 00:00:00','2023-06-15 00:00:00'),(60083,20083,'110101198501011833','A','无特殊过敏','无','头晕乏力，偶有咳嗽','口服对症药物，观察一周','一周后复诊，如加重则提前就诊','{\"区\": \"西湖\", \"市\": \"杭州\", \"省\": \"浙江\", \"detail\": \"学院路183号\"}',0,'赵亲属','13090000083','2023-06-15 00:00:00','2023-06-15 00:00:00'),(60084,20084,'110101198501011844','A','无特殊过敏','无','头晕乏力，偶有咳嗽','口服对症药物，观察一周','一周后复诊，如加重则提前就诊','{\"区\": \"西湖\", \"市\": \"杭州\", \"省\": \"浙江\", \"detail\": \"学院路184号\"}',1,'刘亲属','13090000084','2023-06-15 00:00:00','2023-06-15 00:00:00'),(60085,20085,'110101198501011855','A','无特殊过敏','无','头晕乏力，偶有咳嗽','口服对症药物，观察一周','一周后复诊，如加重则提前就诊','{\"区\": \"西湖\", \"市\": \"杭州\", \"省\": \"浙江\", \"detail\": \"学院路185号\"}',0,'陈亲属','13090000085','2023-06-15 00:00:00','2023-06-15 00:00:00'),(60086,20086,'110101198501011866','A','无特殊过敏','无','头晕乏力，偶有咳嗽','口服对症药物，观察一周','一周后复诊，如加重则提前就诊','{\"区\": \"西湖\", \"市\": \"杭州\", \"省\": \"浙江\", \"detail\": \"学院路186号\"}',0,'杨亲属','13090000086','2023-06-15 00:00:00','2023-06-15 00:00:00'),(60087,20087,'110101198501011877','A','无特殊过敏','无','头晕乏力，偶有咳嗽','口服对症药物，观察一周','一周后复诊，如加重则提前就诊','{\"区\": \"西湖\", \"市\": \"杭州\", \"省\": \"浙江\", \"detail\": \"学院路187号\"}',1,'黄亲属','13090000087','2023-06-15 00:00:00','2023-06-15 00:00:00'),(60088,20088,'110101198501011888','A','无特殊过敏','无','头晕乏力，偶有咳嗽','口服对症药物，观察一周','一周后复诊，如加重则提前就诊','{\"区\": \"西湖\", \"市\": \"杭州\", \"省\": \"浙江\", \"detail\": \"学院路188号\"}',0,'吴亲属','13090000088','2023-06-15 00:00:00','2023-06-15 00:00:00'),(60089,20089,'110101198501011899','A','无特殊过敏','无','头晕乏力，偶有咳嗽','口服对症药物，观察一周','一周后复诊，如加重则提前就诊','{\"区\": \"西湖\", \"市\": \"杭州\", \"省\": \"浙江\", \"detail\": \"学院路189号\"}',0,'周亲属','13090000089','2023-06-15 00:00:00','2023-06-15 00:00:00'),(60090,20090,'11010119850101190X','A','无特殊过敏','无','头晕乏力，偶有咳嗽','口服对症药物，观察一周','一周后复诊，如加重则提前就诊','{\"区\": \"西湖\", \"市\": \"杭州\", \"省\": \"浙江\", \"detail\": \"学院路190号\"}',1,'张亲属','13090000090','2023-06-15 00:00:00','2023-06-15 00:00:00'),(60091,20091,'110101198501011911','A','无特殊过敏','无','头晕乏力，偶有咳嗽','口服对症药物，观察一周','一周后复诊，如加重则提前就诊','{\"区\": \"西湖\", \"市\": \"杭州\", \"省\": \"浙江\", \"detail\": \"学院路191号\"}',0,'李亲属','13090000091','2023-06-15 00:00:00','2023-06-15 00:00:00'),(60092,20092,'110101198501011922','A','无特殊过敏','无','头晕乏力，偶有咳嗽','口服对症药物，观察一周','一周后复诊，如加重则提前就诊','{\"区\": \"西湖\", \"市\": \"杭州\", \"省\": \"浙江\", \"detail\": \"学院路192号\"}',0,'王亲属','13090000092','2023-06-15 00:00:00','2023-06-15 00:00:00'),(60093,20093,'110101198501011933','A','无特殊过敏','无','头晕乏力，偶有咳嗽','口服对症药物，观察一周','一周后复诊，如加重则提前就诊','{\"区\": \"西湖\", \"市\": \"杭州\", \"省\": \"浙江\", \"detail\": \"学院路193号\"}',1,'赵亲属','13090000093','2023-06-15 00:00:00','2023-06-15 00:00:00'),(60094,20094,'110101198501011944','A','无特殊过敏','无','头晕乏力，偶有咳嗽','口服对症药物，观察一周','一周后复诊，如加重则提前就诊','{\"区\": \"西湖\", \"市\": \"杭州\", \"省\": \"浙江\", \"detail\": \"学院路194号\"}',0,'刘亲属','13090000094','2023-06-15 00:00:00','2023-06-15 00:00:00'),(60095,20095,'110101198501011955','A','无特殊过敏','无','头晕乏力，偶有咳嗽','口服对症药物，观察一周','一周后复诊，如加重则提前就诊','{\"区\": \"西湖\", \"市\": \"杭州\", \"省\": \"浙江\", \"detail\": \"学院路195号\"}',0,'陈亲属','13090000095','2023-06-15 00:00:00','2023-06-15 00:00:00'),(60096,20096,'110101198501011966','A','无特殊过敏','无','头晕乏力，偶有咳嗽','口服对症药物，观察一周','一周后复诊，如加重则提前就诊','{\"区\": \"西湖\", \"市\": \"杭州\", \"省\": \"浙江\", \"detail\": \"学院路196号\"}',1,'杨亲属','13090000096','2023-06-15 00:00:00','2023-06-15 00:00:00'),(60097,20097,'110101198501011977','A','无特殊过敏','无','头晕乏力，偶有咳嗽','口服对症药物，观察一周','一周后复诊，如加重则提前就诊','{\"区\": \"西湖\", \"市\": \"杭州\", \"省\": \"浙江\", \"detail\": \"学院路197号\"}',0,'黄亲属','13090000097','2023-06-15 00:00:00','2023-06-15 00:00:00'),(60098,20098,'110101198501011988','A','无特殊过敏','无','头晕乏力，偶有咳嗽','口服对症药物，观察一周','一周后复诊，如加重则提前就诊','{\"区\": \"西湖\", \"市\": \"杭州\", \"省\": \"浙江\", \"detail\": \"学院路198号\"}',0,'吴亲属','13090000098','2023-06-15 00:00:00','2023-06-15 00:00:00'),(60099,20099,'110101198501011999','A','无特殊过敏','无','头晕乏力，偶有咳嗽','口服对症药物，观察一周','一周后复诊，如加重则提前就诊','{\"区\": \"西湖\", \"市\": \"杭州\", \"省\": \"浙江\", \"detail\": \"学院路199号\"}',1,'周亲属','13090000099','2023-06-15 00:00:00','2023-06-15 00:00:00'),(60100,20100,'11010119850101200X','A','无特殊过敏','无','头晕乏力，偶有咳嗽','口服对症药物，观察一周','一周后复诊，如加重则提前就诊','{\"区\": \"西湖\", \"市\": \"杭州\", \"省\": \"浙江\", \"detail\": \"学院路200号\"}',0,'张亲属','13090000100','2023-06-15 00:00:00','2023-06-15 00:00:00'),(60101,20101,'110101198502011011','B','无特殊过敏','无','头晕乏力，偶有咳嗽','口服对症药物，观察一周','一周后复诊，如加重则提前就诊','{\"区\": \"工业园\", \"市\": \"苏州\", \"省\": \"江苏\", \"detail\": \"学院路101号\"}',0,'李亲属','13090000001','2023-06-15 00:00:00','2023-06-15 00:00:00'),(60102,20102,'110101198502011022','B','无特殊过敏','无','头晕乏力，偶有咳嗽','口服对症药物，观察一周','一周后复诊，如加重则提前就诊','{\"区\": \"工业园\", \"市\": \"苏州\", \"省\": \"江苏\", \"detail\": \"学院路102号\"}',0,'王亲属','13090000002','2023-06-15 00:00:00','2023-06-15 00:00:00'),(60103,20103,'110101198502011033','B','无特殊过敏','无','头晕乏力，偶有咳嗽','口服对症药物，观察一周','一周后复诊，如加重则提前就诊','{\"区\": \"工业园\", \"市\": \"苏州\", \"省\": \"江苏\", \"detail\": \"学院路103号\"}',1,'赵亲属','13090000003','2023-06-15 00:00:00','2023-06-15 00:00:00'),(60104,20104,'110101198502011044','B','无特殊过敏','无','头晕乏力，偶有咳嗽','口服对症药物，观察一周','一周后复诊，如加重则提前就诊','{\"区\": \"工业园\", \"市\": \"苏州\", \"省\": \"江苏\", \"detail\": \"学院路104号\"}',0,'刘亲属','13090000004','2023-06-15 00:00:00','2023-06-15 00:00:00'),(60105,20105,'110101198502011055','B','无特殊过敏','无','头晕乏力，偶有咳嗽','口服对症药物，观察一周','一周后复诊，如加重则提前就诊','{\"区\": \"工业园\", \"市\": \"苏州\", \"省\": \"江苏\", \"detail\": \"学院路105号\"}',0,'陈亲属','13090000005','2023-06-15 00:00:00','2023-06-15 00:00:00'),(60106,20106,'110101198502011066','B','无特殊过敏','无','头晕乏力，偶有咳嗽','口服对症药物，观察一周','一周后复诊，如加重则提前就诊','{\"区\": \"工业园\", \"市\": \"苏州\", \"省\": \"江苏\", \"detail\": \"学院路106号\"}',1,'杨亲属','13090000006','2023-06-15 00:00:00','2023-06-15 00:00:00'),(60107,20107,'110101198502011077','B','无特殊过敏','无','头晕乏力，偶有咳嗽','口服对症药物，观察一周','一周后复诊，如加重则提前就诊','{\"区\": \"工业园\", \"市\": \"苏州\", \"省\": \"江苏\", \"detail\": \"学院路107号\"}',0,'黄亲属','13090000007','2023-06-15 00:00:00','2023-06-15 00:00:00'),(60108,20108,'110101198502011088','B','无特殊过敏','无','头晕乏力，偶有咳嗽','口服对症药物，观察一周','一周后复诊，如加重则提前就诊','{\"区\": \"工业园\", \"市\": \"苏州\", \"省\": \"江苏\", \"detail\": \"学院路108号\"}',0,'吴亲属','13090000008','2023-06-15 00:00:00','2023-06-15 00:00:00'),(60109,20109,'110101198502011099','B','无特殊过敏','无','头晕乏力，偶有咳嗽','口服对症药物，观察一周','一周后复诊，如加重则提前就诊','{\"区\": \"工业园\", \"市\": \"苏州\", \"省\": \"江苏\", \"detail\": \"学院路109号\"}',1,'周亲属','13090000009','2023-06-15 00:00:00','2023-06-15 00:00:00'),(60110,20110,'11010119850201110X','B','无特殊过敏','无','头晕乏力，偶有咳嗽','口服对症药物，观察一周','一周后复诊，如加重则提前就诊','{\"区\": \"工业园\", \"市\": \"苏州\", \"省\": \"江苏\", \"detail\": \"学院路110号\"}',0,'张亲属','13090000010','2023-06-15 00:00:00','2023-06-15 00:00:00'),(60111,20111,'110101198502011111','B','无特殊过敏','无','头晕乏力，偶有咳嗽','口服对症药物，观察一周','一周后复诊，如加重则提前就诊','{\"区\": \"工业园\", \"市\": \"苏州\", \"省\": \"江苏\", \"detail\": \"学院路111号\"}',0,'李亲属','13090000011','2023-06-15 00:00:00','2023-06-15 00:00:00'),(60112,20112,'110101198502011122','B','无特殊过敏','无','头晕乏力，偶有咳嗽','口服对症药物，观察一周','一周后复诊，如加重则提前就诊','{\"区\": \"工业园\", \"市\": \"苏州\", \"省\": \"江苏\", \"detail\": \"学院路112号\"}',1,'王亲属','13090000012','2023-06-15 00:00:00','2023-06-15 00:00:00'),(60113,20113,'110101198502011133','B','无特殊过敏','无','头晕乏力，偶有咳嗽','口服对症药物，观察一周','一周后复诊，如加重则提前就诊','{\"区\": \"工业园\", \"市\": \"苏州\", \"省\": \"江苏\", \"detail\": \"学院路113号\"}',0,'赵亲属','13090000013','2023-06-15 00:00:00','2023-06-15 00:00:00'),(60114,20114,'110101198502011144','B','无特殊过敏','无','头晕乏力，偶有咳嗽','口服对症药物，观察一周','一周后复诊，如加重则提前就诊','{\"区\": \"工业园\", \"市\": \"苏州\", \"省\": \"江苏\", \"detail\": \"学院路114号\"}',0,'刘亲属','13090000014','2023-06-15 00:00:00','2023-06-15 00:00:00'),(60115,20115,'110101198502011155','B','无特殊过敏','无','头晕乏力，偶有咳嗽','口服对症药物，观察一周','一周后复诊，如加重则提前就诊','{\"区\": \"工业园\", \"市\": \"苏州\", \"省\": \"江苏\", \"detail\": \"学院路115号\"}',1,'陈亲属','13090000015','2023-06-15 00:00:00','2023-06-15 00:00:00'),(60116,20116,'110101198502011166','B','无特殊过敏','无','头晕乏力，偶有咳嗽','口服对症药物，观察一周','一周后复诊，如加重则提前就诊','{\"区\": \"工业园\", \"市\": \"苏州\", \"省\": \"江苏\", \"detail\": \"学院路116号\"}',0,'杨亲属','13090000016','2023-06-15 00:00:00','2023-06-15 00:00:00'),(60117,20117,'110101198502011177','B','无特殊过敏','无','头晕乏力，偶有咳嗽','口服对症药物，观察一周','一周后复诊，如加重则提前就诊','{\"区\": \"工业园\", \"市\": \"苏州\", \"省\": \"江苏\", \"detail\": \"学院路117号\"}',0,'黄亲属','13090000017','2023-06-15 00:00:00','2023-06-15 00:00:00'),(60118,20118,'110101198502011188','B','无特殊过敏','无','头晕乏力，偶有咳嗽','口服对症药物，观察一周','一周后复诊，如加重则提前就诊','{\"区\": \"工业园\", \"市\": \"苏州\", \"省\": \"江苏\", \"detail\": \"学院路118号\"}',1,'吴亲属','13090000018','2023-06-15 00:00:00','2023-06-15 00:00:00'),(60119,20119,'110101198502011199','B','无特殊过敏','无','头晕乏力，偶有咳嗽','口服对症药物，观察一周','一周后复诊，如加重则提前就诊','{\"区\": \"工业园\", \"市\": \"苏州\", \"省\": \"江苏\", \"detail\": \"学院路119号\"}',0,'周亲属','13090000019','2023-06-15 00:00:00','2023-06-15 00:00:00'),(60120,20120,'11010119850201120X','B','无特殊过敏','无','头晕乏力，偶有咳嗽','口服对症药物，观察一周','一周后复诊，如加重则提前就诊','{\"区\": \"工业园\", \"市\": \"苏州\", \"省\": \"江苏\", \"detail\": \"学院路120号\"}',0,'张亲属','13090000020','2023-06-15 00:00:00','2023-06-15 00:00:00'),(60121,20121,'110101198502011211','B','无特殊过敏','无','头晕乏力，偶有咳嗽','口服对症药物，观察一周','一周后复诊，如加重则提前就诊','{\"区\": \"工业园\", \"市\": \"苏州\", \"省\": \"江苏\", \"detail\": \"学院路121号\"}',1,'李亲属','13090000021','2023-06-15 00:00:00','2023-06-15 00:00:00'),(60122,20122,'110101198502011222','B','无特殊过敏','无','头晕乏力，偶有咳嗽','口服对症药物，观察一周','一周后复诊，如加重则提前就诊','{\"区\": \"工业园\", \"市\": \"苏州\", \"省\": \"江苏\", \"detail\": \"学院路122号\"}',0,'王亲属','13090000022','2023-06-15 00:00:00','2023-06-15 00:00:00'),(60123,20123,'110101198502011233','B','无特殊过敏','无','头晕乏力，偶有咳嗽','口服对症药物，观察一周','一周后复诊，如加重则提前就诊','{\"区\": \"工业园\", \"市\": \"苏州\", \"省\": \"江苏\", \"detail\": \"学院路123号\"}',0,'赵亲属','13090000023','2023-06-15 00:00:00','2023-06-15 00:00:00'),(60124,20124,'110101198502011244','B','无特殊过敏','无','头晕乏力，偶有咳嗽','口服对症药物，观察一周','一周后复诊，如加重则提前就诊','{\"区\": \"工业园\", \"市\": \"苏州\", \"省\": \"江苏\", \"detail\": \"学院路124号\"}',1,'刘亲属','13090000024','2023-06-15 00:00:00','2023-06-15 00:00:00'),(60125,20125,'110101198502011255','B','无特殊过敏','无','头晕乏力，偶有咳嗽','口服对症药物，观察一周','一周后复诊，如加重则提前就诊','{\"区\": \"工业园\", \"市\": \"苏州\", \"省\": \"江苏\", \"detail\": \"学院路125号\"}',0,'陈亲属','13090000025','2023-06-15 00:00:00','2023-06-15 00:00:00'),(60126,20126,'110101198502011266','B','无特殊过敏','无','头晕乏力，偶有咳嗽','口服对症药物，观察一周','一周后复诊，如加重则提前就诊','{\"区\": \"工业园\", \"市\": \"苏州\", \"省\": \"江苏\", \"detail\": \"学院路126号\"}',0,'杨亲属','13090000026','2023-06-15 00:00:00','2023-06-15 00:00:00'),(60127,20127,'110101198502011277','B','无特殊过敏','无','头晕乏力，偶有咳嗽','口服对症药物，观察一周','一周后复诊，如加重则提前就诊','{\"区\": \"工业园\", \"市\": \"苏州\", \"省\": \"江苏\", \"detail\": \"学院路127号\"}',1,'黄亲属','13090000027','2023-06-15 00:00:00','2023-06-15 00:00:00'),(60128,20128,'110101198502011288','B','无特殊过敏','无','头晕乏力，偶有咳嗽','口服对症药物，观察一周','一周后复诊，如加重则提前就诊','{\"区\": \"工业园\", \"市\": \"苏州\", \"省\": \"江苏\", \"detail\": \"学院路128号\"}',0,'吴亲属','13090000028','2023-06-15 00:00:00','2023-06-15 00:00:00'),(60129,20129,'110101198502011299','B','无特殊过敏','无','头晕乏力，偶有咳嗽','口服对症药物，观察一周','一周后复诊，如加重则提前就诊','{\"区\": \"工业园\", \"市\": \"苏州\", \"省\": \"江苏\", \"detail\": \"学院路129号\"}',0,'周亲属','13090000029','2023-06-15 00:00:00','2023-06-15 00:00:00'),(60130,20130,'11010119850201130X','B','无特殊过敏','无','头晕乏力，偶有咳嗽','口服对症药物，观察一周','一周后复诊，如加重则提前就诊','{\"区\": \"工业园\", \"市\": \"苏州\", \"省\": \"江苏\", \"detail\": \"学院路130号\"}',1,'张亲属','13090000030','2023-06-15 00:00:00','2023-06-15 00:00:00'),(60131,20131,'110101198502011311','B','无特殊过敏','无','头晕乏力，偶有咳嗽','口服对症药物，观察一周','一周后复诊，如加重则提前就诊','{\"区\": \"工业园\", \"市\": \"苏州\", \"省\": \"江苏\", \"detail\": \"学院路131号\"}',0,'李亲属','13090000031','2023-06-15 00:00:00','2023-06-15 00:00:00'),(60132,20132,'110101198502011322','B','无特殊过敏','无','头晕乏力，偶有咳嗽','口服对症药物，观察一周','一周后复诊，如加重则提前就诊','{\"区\": \"工业园\", \"市\": \"苏州\", \"省\": \"江苏\", \"detail\": \"学院路132号\"}',0,'王亲属','13090000032','2023-06-15 00:00:00','2023-06-15 00:00:00'),(60133,20133,'110101198502011333','B','无特殊过敏','无','头晕乏力，偶有咳嗽','口服对症药物，观察一周','一周后复诊，如加重则提前就诊','{\"区\": \"工业园\", \"市\": \"苏州\", \"省\": \"江苏\", \"detail\": \"学院路133号\"}',1,'赵亲属','13090000033','2023-06-15 00:00:00','2023-06-15 00:00:00'),(60134,20134,'110101198502011344','B','无特殊过敏','无','头晕乏力，偶有咳嗽','口服对症药物，观察一周','一周后复诊，如加重则提前就诊','{\"区\": \"工业园\", \"市\": \"苏州\", \"省\": \"江苏\", \"detail\": \"学院路134号\"}',0,'刘亲属','13090000034','2023-06-15 00:00:00','2023-06-15 00:00:00'),(60135,20135,'110101198502011355','B','无特殊过敏','无','头晕乏力，偶有咳嗽','口服对症药物，观察一周','一周后复诊，如加重则提前就诊','{\"区\": \"工业园\", \"市\": \"苏州\", \"省\": \"江苏\", \"detail\": \"学院路135号\"}',0,'陈亲属','13090000035','2023-06-15 00:00:00','2023-06-15 00:00:00'),(60136,20136,'110101198502011366','B','无特殊过敏','无','头晕乏力，偶有咳嗽','口服对症药物，观察一周','一周后复诊，如加重则提前就诊','{\"区\": \"工业园\", \"市\": \"苏州\", \"省\": \"江苏\", \"detail\": \"学院路136号\"}',1,'杨亲属','13090000036','2023-06-15 00:00:00','2023-06-15 00:00:00'),(60137,20137,'110101198502011377','B','无特殊过敏','无','头晕乏力，偶有咳嗽','口服对症药物，观察一周','一周后复诊，如加重则提前就诊','{\"区\": \"工业园\", \"市\": \"苏州\", \"省\": \"江苏\", \"detail\": \"学院路137号\"}',0,'黄亲属','13090000037','2023-06-15 00:00:00','2023-06-15 00:00:00'),(60138,20138,'110101198502011388','B','无特殊过敏','无','头晕乏力，偶有咳嗽','口服对症药物，观察一周','一周后复诊，如加重则提前就诊','{\"区\": \"工业园\", \"市\": \"苏州\", \"省\": \"江苏\", \"detail\": \"学院路138号\"}',0,'吴亲属','13090000038','2023-06-15 00:00:00','2023-06-15 00:00:00'),(60139,20139,'110101198502011399','B','无特殊过敏','无','头晕乏力，偶有咳嗽','口服对症药物，观察一周','一周后复诊，如加重则提前就诊','{\"区\": \"工业园\", \"市\": \"苏州\", \"省\": \"江苏\", \"detail\": \"学院路139号\"}',1,'周亲属','13090000039','2023-06-15 00:00:00','2023-06-15 00:00:00'),(60140,20140,'11010119850201140X','B','无特殊过敏','无','头晕乏力，偶有咳嗽','口服对症药物，观察一周','一周后复诊，如加重则提前就诊','{\"区\": \"工业园\", \"市\": \"苏州\", \"省\": \"江苏\", \"detail\": \"学院路140号\"}',0,'张亲属','13090000040','2023-06-15 00:00:00','2023-06-15 00:00:00'),(60141,20141,'110101198502011411','B','无特殊过敏','无','头晕乏力，偶有咳嗽','口服对症药物，观察一周','一周后复诊，如加重则提前就诊','{\"区\": \"工业园\", \"市\": \"苏州\", \"省\": \"江苏\", \"detail\": \"学院路141号\"}',0,'李亲属','13090000041','2023-06-15 00:00:00','2023-06-15 00:00:00'),(60142,20142,'110101198502011422','B','无特殊过敏','无','头晕乏力，偶有咳嗽','口服对症药物，观察一周','一周后复诊，如加重则提前就诊','{\"区\": \"工业园\", \"市\": \"苏州\", \"省\": \"江苏\", \"detail\": \"学院路142号\"}',1,'王亲属','13090000042','2023-06-15 00:00:00','2023-06-15 00:00:00'),(60143,20143,'110101198502011433','B','无特殊过敏','无','头晕乏力，偶有咳嗽','口服对症药物，观察一周','一周后复诊，如加重则提前就诊','{\"区\": \"工业园\", \"市\": \"苏州\", \"省\": \"江苏\", \"detail\": \"学院路143号\"}',0,'赵亲属','13090000043','2023-06-15 00:00:00','2023-06-15 00:00:00'),(60144,20144,'110101198502011444','B','无特殊过敏','无','头晕乏力，偶有咳嗽','口服对症药物，观察一周','一周后复诊，如加重则提前就诊','{\"区\": \"工业园\", \"市\": \"苏州\", \"省\": \"江苏\", \"detail\": \"学院路144号\"}',0,'刘亲属','13090000044','2023-06-15 00:00:00','2023-06-15 00:00:00'),(60145,20145,'110101198502011455','B','无特殊过敏','无','头晕乏力，偶有咳嗽','口服对症药物，观察一周','一周后复诊，如加重则提前就诊','{\"区\": \"工业园\", \"市\": \"苏州\", \"省\": \"江苏\", \"detail\": \"学院路145号\"}',1,'陈亲属','13090000045','2023-06-15 00:00:00','2023-06-15 00:00:00'),(60146,20146,'110101198502011466','B','无特殊过敏','无','头晕乏力，偶有咳嗽','口服对症药物，观察一周','一周后复诊，如加重则提前就诊','{\"区\": \"工业园\", \"市\": \"苏州\", \"省\": \"江苏\", \"detail\": \"学院路146号\"}',0,'杨亲属','13090000046','2023-06-15 00:00:00','2023-06-15 00:00:00'),(60147,20147,'110101198502011477','B','无特殊过敏','无','头晕乏力，偶有咳嗽','口服对症药物，观察一周','一周后复诊，如加重则提前就诊','{\"区\": \"工业园\", \"市\": \"苏州\", \"省\": \"江苏\", \"detail\": \"学院路147号\"}',0,'黄亲属','13090000047','2023-06-15 00:00:00','2023-06-15 00:00:00'),(60148,20148,'110101198502011488','B','无特殊过敏','无','头晕乏力，偶有咳嗽','口服对症药物，观察一周','一周后复诊，如加重则提前就诊','{\"区\": \"工业园\", \"市\": \"苏州\", \"省\": \"江苏\", \"detail\": \"学院路148号\"}',1,'吴亲属','13090000048','2023-06-15 00:00:00','2023-06-15 00:00:00'),(60149,20149,'110101198502011499','B','无特殊过敏','无','头晕乏力，偶有咳嗽','口服对症药物，观察一周','一周后复诊，如加重则提前就诊','{\"区\": \"工业园\", \"市\": \"苏州\", \"省\": \"江苏\", \"detail\": \"学院路149号\"}',0,'周亲属','13090000049','2023-06-15 00:00:00','2023-06-15 00:00:00'),(60150,20150,'11010119850201150X','B','无特殊过敏','无','头晕乏力，偶有咳嗽','口服对症药物，观察一周','一周后复诊，如加重则提前就诊','{\"区\": \"工业园\", \"市\": \"苏州\", \"省\": \"江苏\", \"detail\": \"学院路150号\"}',0,'张亲属','13090000050','2023-06-15 00:00:00','2023-06-15 00:00:00'),(60151,20151,'110101198502011511','B','无特殊过敏','无','头晕乏力，偶有咳嗽','口服对症药物，观察一周','一周后复诊，如加重则提前就诊','{\"区\": \"工业园\", \"市\": \"苏州\", \"省\": \"江苏\", \"detail\": \"学院路151号\"}',1,'李亲属','13090000051','2023-06-15 00:00:00','2023-06-15 00:00:00'),(60152,20152,'110101198502011522','B','无特殊过敏','无','头晕乏力，偶有咳嗽','口服对症药物，观察一周','一周后复诊，如加重则提前就诊','{\"区\": \"工业园\", \"市\": \"苏州\", \"省\": \"江苏\", \"detail\": \"学院路152号\"}',0,'王亲属','13090000052','2023-06-15 00:00:00','2023-06-15 00:00:00'),(60153,20153,'110101198502011533','B','无特殊过敏','无','头晕乏力，偶有咳嗽','口服对症药物，观察一周','一周后复诊，如加重则提前就诊','{\"区\": \"工业园\", \"市\": \"苏州\", \"省\": \"江苏\", \"detail\": \"学院路153号\"}',0,'赵亲属','13090000053','2023-06-15 00:00:00','2023-06-15 00:00:00'),(60154,20154,'110101198502011544','B','无特殊过敏','无','头晕乏力，偶有咳嗽','口服对症药物，观察一周','一周后复诊，如加重则提前就诊','{\"区\": \"工业园\", \"市\": \"苏州\", \"省\": \"江苏\", \"detail\": \"学院路154号\"}',1,'刘亲属','13090000054','2023-06-15 00:00:00','2023-06-15 00:00:00'),(60155,20155,'110101198502011555','B','无特殊过敏','无','头晕乏力，偶有咳嗽','口服对症药物，观察一周','一周后复诊，如加重则提前就诊','{\"区\": \"工业园\", \"市\": \"苏州\", \"省\": \"江苏\", \"detail\": \"学院路155号\"}',0,'陈亲属','13090000055','2023-06-15 00:00:00','2023-06-15 00:00:00'),(60156,20156,'110101198502011566','B','无特殊过敏','无','头晕乏力，偶有咳嗽','口服对症药物，观察一周','一周后复诊，如加重则提前就诊','{\"区\": \"工业园\", \"市\": \"苏州\", \"省\": \"江苏\", \"detail\": \"学院路156号\"}',0,'杨亲属','13090000056','2023-06-15 00:00:00','2023-06-15 00:00:00'),(60157,20157,'110101198502011577','B','无特殊过敏','无','头晕乏力，偶有咳嗽','口服对症药物，观察一周','一周后复诊，如加重则提前就诊','{\"区\": \"工业园\", \"市\": \"苏州\", \"省\": \"江苏\", \"detail\": \"学院路157号\"}',1,'黄亲属','13090000057','2023-06-15 00:00:00','2023-06-15 00:00:00'),(60158,20158,'110101198502011588','B','无特殊过敏','无','头晕乏力，偶有咳嗽','口服对症药物，观察一周','一周后复诊，如加重则提前就诊','{\"区\": \"工业园\", \"市\": \"苏州\", \"省\": \"江苏\", \"detail\": \"学院路158号\"}',0,'吴亲属','13090000058','2023-06-15 00:00:00','2023-06-15 00:00:00'),(60159,20159,'110101198502011599','B','无特殊过敏','无','头晕乏力，偶有咳嗽','口服对症药物，观察一周','一周后复诊，如加重则提前就诊','{\"区\": \"工业园\", \"市\": \"苏州\", \"省\": \"江苏\", \"detail\": \"学院路159号\"}',0,'周亲属','13090000059','2023-06-15 00:00:00','2023-06-15 00:00:00'),(60160,20160,'11010119850201160X','B','无特殊过敏','无','头晕乏力，偶有咳嗽','口服对症药物，观察一周','一周后复诊，如加重则提前就诊','{\"区\": \"工业园\", \"市\": \"苏州\", \"省\": \"江苏\", \"detail\": \"学院路160号\"}',1,'张亲属','13090000060','2023-06-15 00:00:00','2023-06-15 00:00:00'),(60161,20161,'110101198502011611','B','无特殊过敏','无','头晕乏力，偶有咳嗽','口服对症药物，观察一周','一周后复诊，如加重则提前就诊','{\"区\": \"工业园\", \"市\": \"苏州\", \"省\": \"江苏\", \"detail\": \"学院路161号\"}',0,'李亲属','13090000061','2023-06-15 00:00:00','2023-06-15 00:00:00'),(60162,20162,'110101198502011622','B','无特殊过敏','无','头晕乏力，偶有咳嗽','口服对症药物，观察一周','一周后复诊，如加重则提前就诊','{\"区\": \"工业园\", \"市\": \"苏州\", \"省\": \"江苏\", \"detail\": \"学院路162号\"}',0,'王亲属','13090000062','2023-06-15 00:00:00','2023-06-15 00:00:00'),(60163,20163,'110101198502011633','B','无特殊过敏','无','头晕乏力，偶有咳嗽','口服对症药物，观察一周','一周后复诊，如加重则提前就诊','{\"区\": \"工业园\", \"市\": \"苏州\", \"省\": \"江苏\", \"detail\": \"学院路163号\"}',1,'赵亲属','13090000063','2023-06-15 00:00:00','2023-06-15 00:00:00'),(60164,20164,'110101198502011644','B','无特殊过敏','无','头晕乏力，偶有咳嗽','口服对症药物，观察一周','一周后复诊，如加重则提前就诊','{\"区\": \"工业园\", \"市\": \"苏州\", \"省\": \"江苏\", \"detail\": \"学院路164号\"}',0,'刘亲属','13090000064','2023-06-15 00:00:00','2023-06-15 00:00:00'),(60165,20165,'110101198502011655','B','无特殊过敏','无','头晕乏力，偶有咳嗽','口服对症药物，观察一周','一周后复诊，如加重则提前就诊','{\"区\": \"工业园\", \"市\": \"苏州\", \"省\": \"江苏\", \"detail\": \"学院路165号\"}',0,'陈亲属','13090000065','2023-06-15 00:00:00','2023-06-15 00:00:00'),(60166,20166,'110101198502011666','B','无特殊过敏','无','头晕乏力，偶有咳嗽','口服对症药物，观察一周','一周后复诊，如加重则提前就诊','{\"区\": \"工业园\", \"市\": \"苏州\", \"省\": \"江苏\", \"detail\": \"学院路166号\"}',1,'杨亲属','13090000066','2023-06-15 00:00:00','2023-06-15 00:00:00'),(60167,20167,'110101198502011677','B','无特殊过敏','无','头晕乏力，偶有咳嗽','口服对症药物，观察一周','一周后复诊，如加重则提前就诊','{\"区\": \"工业园\", \"市\": \"苏州\", \"省\": \"江苏\", \"detail\": \"学院路167号\"}',0,'黄亲属','13090000067','2023-06-15 00:00:00','2023-06-15 00:00:00'),(60168,20168,'110101198502011688','B','无特殊过敏','无','头晕乏力，偶有咳嗽','口服对症药物，观察一周','一周后复诊，如加重则提前就诊','{\"区\": \"工业园\", \"市\": \"苏州\", \"省\": \"江苏\", \"detail\": \"学院路168号\"}',0,'吴亲属','13090000068','2023-06-15 00:00:00','2023-06-15 00:00:00'),(60169,20169,'110101198502011699','B','无特殊过敏','无','头晕乏力，偶有咳嗽','口服对症药物，观察一周','一周后复诊，如加重则提前就诊','{\"区\": \"工业园\", \"市\": \"苏州\", \"省\": \"江苏\", \"detail\": \"学院路169号\"}',1,'周亲属','13090000069','2023-06-15 00:00:00','2023-06-15 00:00:00'),(60170,20170,'11010119850201170X','B','无特殊过敏','无','头晕乏力，偶有咳嗽','口服对症药物，观察一周','一周后复诊，如加重则提前就诊','{\"区\": \"工业园\", \"市\": \"苏州\", \"省\": \"江苏\", \"detail\": \"学院路170号\"}',0,'张亲属','13090000070','2023-06-15 00:00:00','2023-06-15 00:00:00'),(60171,20171,'110101198502011711','B','无特殊过敏','无','头晕乏力，偶有咳嗽','口服对症药物，观察一周','一周后复诊，如加重则提前就诊','{\"区\": \"工业园\", \"市\": \"苏州\", \"省\": \"江苏\", \"detail\": \"学院路171号\"}',0,'李亲属','13090000071','2023-06-15 00:00:00','2023-06-15 00:00:00'),(60172,20172,'110101198502011722','B','无特殊过敏','无','头晕乏力，偶有咳嗽','口服对症药物，观察一周','一周后复诊，如加重则提前就诊','{\"区\": \"工业园\", \"市\": \"苏州\", \"省\": \"江苏\", \"detail\": \"学院路172号\"}',1,'王亲属','13090000072','2023-06-15 00:00:00','2023-06-15 00:00:00'),(60173,20173,'110101198502011733','B','无特殊过敏','无','头晕乏力，偶有咳嗽','口服对症药物，观察一周','一周后复诊，如加重则提前就诊','{\"区\": \"工业园\", \"市\": \"苏州\", \"省\": \"江苏\", \"detail\": \"学院路173号\"}',0,'赵亲属','13090000073','2023-06-15 00:00:00','2023-06-15 00:00:00'),(60174,20174,'110101198502011744','B','无特殊过敏','无','头晕乏力，偶有咳嗽','口服对症药物，观察一周','一周后复诊，如加重则提前就诊','{\"区\": \"工业园\", \"市\": \"苏州\", \"省\": \"江苏\", \"detail\": \"学院路174号\"}',0,'刘亲属','13090000074','2023-06-15 00:00:00','2023-06-15 00:00:00'),(60175,20175,'110101198502011755','B','无特殊过敏','无','头晕乏力，偶有咳嗽','口服对症药物，观察一周','一周后复诊，如加重则提前就诊','{\"区\": \"工业园\", \"市\": \"苏州\", \"省\": \"江苏\", \"detail\": \"学院路175号\"}',1,'陈亲属','13090000075','2023-06-15 00:00:00','2023-06-15 00:00:00'),(60176,20176,'110101198502011766','B','无特殊过敏','无','头晕乏力，偶有咳嗽','口服对症药物，观察一周','一周后复诊，如加重则提前就诊','{\"区\": \"工业园\", \"市\": \"苏州\", \"省\": \"江苏\", \"detail\": \"学院路176号\"}',0,'杨亲属','13090000076','2023-06-15 00:00:00','2023-06-15 00:00:00'),(60177,20177,'110101198502011777','B','无特殊过敏','无','头晕乏力，偶有咳嗽','口服对症药物，观察一周','一周后复诊，如加重则提前就诊','{\"区\": \"工业园\", \"市\": \"苏州\", \"省\": \"江苏\", \"detail\": \"学院路177号\"}',0,'黄亲属','13090000077','2023-06-15 00:00:00','2023-06-15 00:00:00'),(60178,20178,'110101198502011788','B','无特殊过敏','无','头晕乏力，偶有咳嗽','口服对症药物，观察一周','一周后复诊，如加重则提前就诊','{\"区\": \"工业园\", \"市\": \"苏州\", \"省\": \"江苏\", \"detail\": \"学院路178号\"}',1,'吴亲属','13090000078','2023-06-15 00:00:00','2023-06-15 00:00:00'),(60179,20179,'110101198502011799','B','无特殊过敏','无','头晕乏力，偶有咳嗽','口服对症药物，观察一周','一周后复诊，如加重则提前就诊','{\"区\": \"工业园\", \"市\": \"苏州\", \"省\": \"江苏\", \"detail\": \"学院路179号\"}',0,'周亲属','13090000079','2023-06-15 00:00:00','2023-06-15 00:00:00'),(60180,20180,'11010119850201180X','B','无特殊过敏','无','头晕乏力，偶有咳嗽','口服对症药物，观察一周','一周后复诊，如加重则提前就诊','{\"区\": \"工业园\", \"市\": \"苏州\", \"省\": \"江苏\", \"detail\": \"学院路180号\"}',0,'张亲属','13090000080','2023-06-15 00:00:00','2023-06-15 00:00:00'),(60181,20181,'110101198502011811','B','无特殊过敏','无','头晕乏力，偶有咳嗽','口服对症药物，观察一周','一周后复诊，如加重则提前就诊','{\"区\": \"工业园\", \"市\": \"苏州\", \"省\": \"江苏\", \"detail\": \"学院路181号\"}',1,'李亲属','13090000081','2023-06-15 00:00:00','2023-06-15 00:00:00'),(60182,20182,'110101198502011822','B','无特殊过敏','无','头晕乏力，偶有咳嗽','口服对症药物，观察一周','一周后复诊，如加重则提前就诊','{\"区\": \"工业园\", \"市\": \"苏州\", \"省\": \"江苏\", \"detail\": \"学院路182号\"}',0,'王亲属','13090000082','2023-06-15 00:00:00','2023-06-15 00:00:00'),(60183,20183,'110101198502011833','B','无特殊过敏','无','头晕乏力，偶有咳嗽','口服对症药物，观察一周','一周后复诊，如加重则提前就诊','{\"区\": \"工业园\", \"市\": \"苏州\", \"省\": \"江苏\", \"detail\": \"学院路183号\"}',0,'赵亲属','13090000083','2023-06-15 00:00:00','2023-06-15 00:00:00'),(60184,20184,'110101198502011844','B','无特殊过敏','无','头晕乏力，偶有咳嗽','口服对症药物，观察一周','一周后复诊，如加重则提前就诊','{\"区\": \"工业园\", \"市\": \"苏州\", \"省\": \"江苏\", \"detail\": \"学院路184号\"}',1,'刘亲属','13090000084','2023-06-15 00:00:00','2023-06-15 00:00:00'),(60185,20185,'110101198502011855','B','无特殊过敏','无','头晕乏力，偶有咳嗽','口服对症药物，观察一周','一周后复诊，如加重则提前就诊','{\"区\": \"工业园\", \"市\": \"苏州\", \"省\": \"江苏\", \"detail\": \"学院路185号\"}',0,'陈亲属','13090000085','2023-06-15 00:00:00','2023-06-15 00:00:00'),(60186,20186,'110101198502011866','B','无特殊过敏','无','头晕乏力，偶有咳嗽','口服对症药物，观察一周','一周后复诊，如加重则提前就诊','{\"区\": \"工业园\", \"市\": \"苏州\", \"省\": \"江苏\", \"detail\": \"学院路186号\"}',0,'杨亲属','13090000086','2023-06-15 00:00:00','2023-06-15 00:00:00'),(60187,20187,'110101198502011877','B','无特殊过敏','无','头晕乏力，偶有咳嗽','口服对症药物，观察一周','一周后复诊，如加重则提前就诊','{\"区\": \"工业园\", \"市\": \"苏州\", \"省\": \"江苏\", \"detail\": \"学院路187号\"}',1,'黄亲属','13090000087','2023-06-15 00:00:00','2023-06-15 00:00:00'),(60188,20188,'110101198502011888','B','无特殊过敏','无','头晕乏力，偶有咳嗽','口服对症药物，观察一周','一周后复诊，如加重则提前就诊','{\"区\": \"工业园\", \"市\": \"苏州\", \"省\": \"江苏\", \"detail\": \"学院路188号\"}',0,'吴亲属','13090000088','2023-06-15 00:00:00','2023-06-15 00:00:00'),(60189,20189,'110101198502011899','B','无特殊过敏','无','头晕乏力，偶有咳嗽','口服对症药物，观察一周','一周后复诊，如加重则提前就诊','{\"区\": \"工业园\", \"市\": \"苏州\", \"省\": \"江苏\", \"detail\": \"学院路189号\"}',0,'周亲属','13090000089','2023-06-15 00:00:00','2023-06-15 00:00:00'),(60190,20190,'11010119850201190X','B','无特殊过敏','无','头晕乏力，偶有咳嗽','口服对症药物，观察一周','一周后复诊，如加重则提前就诊','{\"区\": \"工业园\", \"市\": \"苏州\", \"省\": \"江苏\", \"detail\": \"学院路190号\"}',1,'张亲属','13090000090','2023-05-15 00:00:00','2025-10-18 15:28:00'),(60191,20191,'110101198502011911','B','无特殊过敏','无','头晕乏力，偶有咳嗽','口服对症药物，观察一周','一周后复诊，如加重则提前就诊','{\"区\": \"工业园\", \"市\": \"苏州\", \"省\": \"江苏\", \"detail\": \"学院路191号\"}',0,'李亲属','13090000091','2023-05-15 00:00:00','2025-10-18 15:28:00'),(60192,20192,'110101198502011922','B','无特殊过敏','无','头晕乏力，偶有咳嗽','口服对症药物，观察一周','一周后复诊，如加重则提前就诊','{\"区\": \"工业园\", \"市\": \"苏州\", \"省\": \"江苏\", \"detail\": \"学院路192号\"}',0,'王亲属','13090000092','2023-05-15 00:00:00','2025-10-18 15:28:00'),(60193,20193,'110101198502011933','B','无特殊过敏','无','头晕乏力，偶有咳嗽','口服对症药物，观察一周','一周后复诊，如加重则提前就诊','{\"区\": \"工业园\", \"市\": \"苏州\", \"省\": \"江苏\", \"detail\": \"学院路193号\"}',1,'赵亲属','13090000093','2023-05-15 00:00:00','2025-10-18 15:28:00'),(60194,20194,'110101198502011944','B','无特殊过敏','无','头晕乏力，偶有咳嗽','口服对症药物，观察一周','一周后复诊，如加重则提前就诊','{\"区\": \"工业园\", \"市\": \"苏州\", \"省\": \"江苏\", \"detail\": \"学院路194号\"}',0,'刘亲属','13090000094','2023-05-15 00:00:00','2025-10-18 15:28:00'),(60195,20195,'110101198502011955','B','无特殊过敏','无','头晕乏力，偶有咳嗽','口服对症药物，观察一周','一周后复诊，如加重则提前就诊','{\"区\": \"工业园\", \"市\": \"苏州\", \"省\": \"江苏\", \"detail\": \"学院路195号\"}',0,'陈亲属','13090000095','2023-05-15 00:00:00','2025-10-18 15:28:00'),(60196,20196,'110101198502011966','B','无特殊过敏','无','头晕乏力，偶有咳嗽','口服对症药物，观察一周','一周后复诊，如加重则提前就诊','{\"区\": \"工业园\", \"市\": \"苏州\", \"省\": \"江苏\", \"detail\": \"学院路196号\"}',1,'杨亲属','13090000096','2023-05-15 00:00:00','2025-10-18 15:28:00'),(60197,20197,'110101198502011977','B','无特殊过敏','无','头晕乏力，偶有咳嗽','口服对症药物，观察一周','一周后复诊，如加重则提前就诊','{\"区\": \"工业园\", \"市\": \"苏州\", \"省\": \"江苏\", \"detail\": \"学院路197号\"}',0,'黄亲属','13090000097','2023-05-15 00:00:00','2025-10-18 15:28:00'),(60198,20198,'110101198502011988','B','无特殊过敏','无','头晕乏力，偶有咳嗽','口服对症药物，观察一周','一周后复诊，如加重则提前就诊','{\"区\": \"工业园\", \"市\": \"苏州\", \"省\": \"江苏\", \"detail\": \"学院路198号\"}',0,'吴亲属','13090000098','2023-05-15 00:00:00','2025-10-18 15:28:00'),(60199,20199,'110101198502011999','B','无特殊过敏','无','头晕乏力，偶有咳嗽','口服对症药物，观察一周','一周后复诊，如加重则提前就诊','{\"区\": \"工业园\", \"市\": \"苏州\", \"省\": \"江苏\", \"detail\": \"学院路199号\"}',1,'周亲属','13090000099','2023-05-15 00:00:00','2025-10-18 15:28:00'),(60200,20200,'11010119850201200X','B','无特殊过敏','无','头晕乏力，偶有咳嗽','口服对症药物，观察一周','一周后复诊，如加重则提前就诊','{\"区\": \"工业园\", \"市\": \"苏州\", \"省\": \"江苏\", \"detail\": \"学院路200号\"}',0,'张亲属','13090000100','2023-05-15 00:00:00','2025-10-18 15:28:00'),(60201,20201,'110101198503011011','AB','无特殊过敏','无','头晕乏力，偶有咳嗽','口服对症药物，观察一周','一周后复诊，如加重则提前就诊','{\"区\": \"天河\", \"市\": \"广州\", \"省\": \"广东\", \"detail\": \"学院路101号\"}',0,'李亲属','13090000001','2023-05-15 00:00:00','2025-10-18 15:28:00'),(60202,20202,'110101198503011022','AB','无特殊过敏','无','头晕乏力，偶有咳嗽','口服对症药物，观察一周','一周后复诊，如加重则提前就诊','{\"区\": \"天河\", \"市\": \"广州\", \"省\": \"广东\", \"detail\": \"学院路102号\"}',0,'王亲属','13090000002','2023-05-15 00:00:00','2025-10-18 15:28:00'),(60203,20203,'110101198503011033','AB','无特殊过敏','无','头晕乏力，偶有咳嗽','口服对症药物，观察一周','一周后复诊，如加重则提前就诊','{\"区\": \"天河\", \"市\": \"广州\", \"省\": \"广东\", \"detail\": \"学院路103号\"}',1,'赵亲属','13090000003','2023-05-15 00:00:00','2025-10-18 15:28:00'),(60204,20204,'110101198503011044','AB','无特殊过敏','无','头晕乏力，偶有咳嗽','口服对症药物，观察一周','一周后复诊，如加重则提前就诊','{\"区\": \"天河\", \"市\": \"广州\", \"省\": \"广东\", \"detail\": \"学院路104号\"}',0,'刘亲属','13090000004','2023-05-15 00:00:00','2025-10-18 15:28:00'),(60205,20205,'110101198503011055','AB','无特殊过敏','无','头晕乏力，偶有咳嗽','口服对症药物，观察一周','一周后复诊，如加重则提前就诊','{\"区\": \"天河\", \"市\": \"广州\", \"省\": \"广东\", \"detail\": \"学院路105号\"}',0,'陈亲属','13090000005','2023-06-15 00:00:00','2023-06-15 00:00:00'),(60206,20206,'110101198503011066','AB','无特殊过敏','无','头晕乏力，偶有咳嗽','口服对症药物，观察一周','一周后复诊，如加重则提前就诊','{\"区\": \"天河\", \"市\": \"广州\", \"省\": \"广东\", \"detail\": \"学院路106号\"}',1,'杨亲属','13090000006','2023-06-15 00:00:00','2023-06-15 00:00:00'),(60207,20207,'110101198503011077','AB','无特殊过敏','无','头晕乏力，偶有咳嗽','口服对症药物，观察一周','一周后复诊，如加重则提前就诊','{\"区\": \"天河\", \"市\": \"广州\", \"省\": \"广东\", \"detail\": \"学院路107号\"}',0,'黄亲属','13090000007','2023-06-15 00:00:00','2023-06-15 00:00:00'),(60208,20208,'110101198503011088','AB','无特殊过敏','无','头晕乏力，偶有咳嗽','口服对症药物，观察一周','一周后复诊，如加重则提前就诊','{\"区\": \"天河\", \"市\": \"广州\", \"省\": \"广东\", \"detail\": \"学院路108号\"}',0,'吴亲属','13090000008','2023-06-15 00:00:00','2023-06-15 00:00:00'),(60209,20209,'110101198503011099','AB','无特殊过敏','无','头晕乏力，偶有咳嗽','口服对症药物，观察一周','一周后复诊，如加重则提前就诊','{\"区\": \"天河\", \"市\": \"广州\", \"省\": \"广东\", \"detail\": \"学院路109号\"}',1,'周亲属','13090000009','2023-06-15 00:00:00','2023-06-15 00:00:00'),(60210,20210,'11010119850301110X','AB','无特殊过敏','无','头晕乏力，偶有咳嗽','口服对症药物，观察一周','一周后复诊，如加重则提前就诊','{\"区\": \"天河\", \"市\": \"广州\", \"省\": \"广东\", \"detail\": \"学院路110号\"}',0,'张亲属','13090000010','2023-06-15 00:00:00','2023-06-15 00:00:00'),(60211,20211,'110101198503011111','AB','无特殊过敏','无','头晕乏力，偶有咳嗽','口服对症药物，观察一周','一周后复诊，如加重则提前就诊','{\"区\": \"天河\", \"市\": \"广州\", \"省\": \"广东\", \"detail\": \"学院路111号\"}',0,'李亲属','13090000011','2023-06-15 00:00:00','2023-06-15 00:00:00'),(60212,20212,'110101198503011122','AB','无特殊过敏','无','头晕乏力，偶有咳嗽','口服对症药物，观察一周','一周后复诊，如加重则提前就诊','{\"区\": \"天河\", \"市\": \"广州\", \"省\": \"广东\", \"detail\": \"学院路112号\"}',1,'王亲属','13090000012','2023-06-15 00:00:00','2023-06-15 00:00:00'),(60213,20213,'110101198503011133','AB','无特殊过敏','无','头晕乏力，偶有咳嗽','口服对症药物，观察一周','一周后复诊，如加重则提前就诊','{\"区\": \"天河\", \"市\": \"广州\", \"省\": \"广东\", \"detail\": \"学院路113号\"}',0,'赵亲属','13090000013','2023-06-15 00:00:00','2023-06-15 00:00:00'),(60214,20214,'110101198503011144','AB','无特殊过敏','无','头晕乏力，偶有咳嗽','口服对症药物，观察一周','一周后复诊，如加重则提前就诊','{\"区\": \"天河\", \"市\": \"广州\", \"省\": \"广东\", \"detail\": \"学院路114号\"}',0,'刘亲属','13090000014','2023-06-15 00:00:00','2023-06-15 00:00:00'),(60215,20215,'110101198503011155','AB','无特殊过敏','无','头晕乏力，偶有咳嗽','口服对症药物，观察一周','一周后复诊，如加重则提前就诊','{\"区\": \"天河\", \"市\": \"广州\", \"省\": \"广东\", \"detail\": \"学院路115号\"}',1,'陈亲属','13090000015','2023-06-15 00:00:00','2023-06-15 00:00:00'),(60216,20216,'110101198503011166','AB','无特殊过敏','无','头晕乏力，偶有咳嗽','口服对症药物，观察一周','一周后复诊，如加重则提前就诊','{\"区\": \"天河\", \"市\": \"广州\", \"省\": \"广东\", \"detail\": \"学院路116号\"}',0,'杨亲属','13090000016','2023-06-15 00:00:00','2023-06-15 00:00:00'),(60217,20217,'110101198503011177','AB','无特殊过敏','无','头晕乏力，偶有咳嗽','口服对症药物，观察一周','一周后复诊，如加重则提前就诊','{\"区\": \"天河\", \"市\": \"广州\", \"省\": \"广东\", \"detail\": \"学院路117号\"}',0,'黄亲属','13090000017','2023-06-15 00:00:00','2023-06-15 00:00:00'),(60218,20218,'110101198503011188','AB','无特殊过敏','无','头晕乏力，偶有咳嗽','口服对症药物，观察一周','一周后复诊，如加重则提前就诊','{\"区\": \"天河\", \"市\": \"广州\", \"省\": \"广东\", \"detail\": \"学院路118号\"}',1,'吴亲属','13090000018','2023-06-15 00:00:00','2023-06-15 00:00:00'),(60219,20219,'110101198503011199','AB','无特殊过敏','无','头晕乏力，偶有咳嗽','口服对症药物，观察一周','一周后复诊，如加重则提前就诊','{\"区\": \"天河\", \"市\": \"广州\", \"省\": \"广东\", \"detail\": \"学院路119号\"}',0,'周亲属','13090000019','2023-06-15 00:00:00','2023-06-15 00:00:00'),(60220,20220,'11010119850301120X','AB','无特殊过敏','无','头晕乏力，偶有咳嗽','口服对症药物，观察一周','一周后复诊，如加重则提前就诊','{\"区\": \"天河\", \"市\": \"广州\", \"省\": \"广东\", \"detail\": \"学院路120号\"}',0,'张亲属','13090000020','2023-06-15 00:00:00','2023-06-15 00:00:00'),(60221,20221,'110101198503011211','AB','无特殊过敏','无','头晕乏力，偶有咳嗽','口服对症药物，观察一周','一周后复诊，如加重则提前就诊','{\"区\": \"天河\", \"市\": \"广州\", \"省\": \"广东\", \"detail\": \"学院路121号\"}',1,'李亲属','13090000021','2023-06-15 00:00:00','2023-06-15 00:00:00'),(60222,20222,'110101198503011222','AB','无特殊过敏','无','头晕乏力，偶有咳嗽','口服对症药物，观察一周','一周后复诊，如加重则提前就诊','{\"区\": \"天河\", \"市\": \"广州\", \"省\": \"广东\", \"detail\": \"学院路122号\"}',0,'王亲属','13090000022','2023-06-15 00:00:00','2023-06-15 00:00:00'),(60223,20223,'110101198503011233','AB','无特殊过敏','无','头晕乏力，偶有咳嗽','口服对症药物，观察一周','一周后复诊，如加重则提前就诊','{\"区\": \"天河\", \"市\": \"广州\", \"省\": \"广东\", \"detail\": \"学院路123号\"}',0,'赵亲属','13090000023','2023-06-15 00:00:00','2023-06-15 00:00:00'),(60224,20224,'110101198503011244','AB','无特殊过敏','无','头晕乏力，偶有咳嗽','口服对症药物，观察一周','一周后复诊，如加重则提前就诊','{\"区\": \"天河\", \"市\": \"广州\", \"省\": \"广东\", \"detail\": \"学院路124号\"}',1,'刘亲属','13090000024','2023-06-15 00:00:00','2023-06-15 00:00:00'),(60225,20225,'110101198503011255','AB','无特殊过敏','无','头晕乏力，偶有咳嗽','口服对症药物，观察一周','一周后复诊，如加重则提前就诊','{\"区\": \"天河\", \"市\": \"广州\", \"省\": \"广东\", \"detail\": \"学院路125号\"}',0,'陈亲属','13090000025','2023-06-15 00:00:00','2023-06-15 00:00:00'),(60226,20226,'110101198503011266','AB','无特殊过敏','无','头晕乏力，偶有咳嗽','口服对症药物，观察一周','一周后复诊，如加重则提前就诊','{\"区\": \"天河\", \"市\": \"广州\", \"省\": \"广东\", \"detail\": \"学院路126号\"}',0,'杨亲属','13090000026','2023-06-15 00:00:00','2023-06-15 00:00:00'),(60227,20227,'110101198503011277','AB','无特殊过敏','无','头晕乏力，偶有咳嗽','口服对症药物，观察一周','一周后复诊，如加重则提前就诊','{\"区\": \"天河\", \"市\": \"广州\", \"省\": \"广东\", \"detail\": \"学院路127号\"}',1,'黄亲属','13090000027','2023-06-15 00:00:00','2023-06-15 00:00:00'),(60228,20228,'110101198503011288','AB','无特殊过敏','无','头晕乏力，偶有咳嗽','口服对症药物，观察一周','一周后复诊，如加重则提前就诊','{\"区\": \"天河\", \"市\": \"广州\", \"省\": \"广东\", \"detail\": \"学院路128号\"}',0,'吴亲属','13090000028','2023-06-15 00:00:00','2023-06-15 00:00:00'),(60229,20229,'110101198503011299','AB','无特殊过敏','无','头晕乏力，偶有咳嗽','口服对症药物，观察一周','一周后复诊，如加重则提前就诊','{\"区\": \"天河\", \"市\": \"广州\", \"省\": \"广东\", \"detail\": \"学院路129号\"}',0,'周亲属','13090000029','2023-06-15 00:00:00','2023-06-15 00:00:00'),(60230,20230,'11010119850301130X','AB','无特殊过敏','无','头晕乏力，偶有咳嗽','口服对症药物，观察一周','一周后复诊，如加重则提前就诊','{\"区\": \"天河\", \"市\": \"广州\", \"省\": \"广东\", \"detail\": \"学院路130号\"}',1,'张亲属','13090000030','2023-06-15 00:00:00','2023-06-15 00:00:00'),(60231,20231,'110101198503011311','AB','无特殊过敏','无','头晕乏力，偶有咳嗽','口服对症药物，观察一周','一周后复诊，如加重则提前就诊','{\"区\": \"天河\", \"市\": \"广州\", \"省\": \"广东\", \"detail\": \"学院路131号\"}',0,'李亲属','13090000031','2023-06-15 00:00:00','2023-06-15 00:00:00'),(60232,20232,'110101198503011322','AB','无特殊过敏','无','头晕乏力，偶有咳嗽','口服对症药物，观察一周','一周后复诊，如加重则提前就诊','{\"区\": \"天河\", \"市\": \"广州\", \"省\": \"广东\", \"detail\": \"学院路132号\"}',0,'王亲属','13090000032','2023-06-15 00:00:00','2023-06-15 00:00:00'),(60233,20233,'110101198503011333','AB','无特殊过敏','无','头晕乏力，偶有咳嗽','口服对症药物，观察一周','一周后复诊，如加重则提前就诊','{\"区\": \"天河\", \"市\": \"广州\", \"省\": \"广东\", \"detail\": \"学院路133号\"}',1,'赵亲属','13090000033','2023-06-15 00:00:00','2023-06-15 00:00:00'),(60234,20234,'110101198503011344','AB','无特殊过敏','无','头晕乏力，偶有咳嗽','口服对症药物，观察一周','一周后复诊，如加重则提前就诊','{\"区\": \"天河\", \"市\": \"广州\", \"省\": \"广东\", \"detail\": \"学院路134号\"}',0,'刘亲属','13090000034','2023-06-15 00:00:00','2023-06-15 00:00:00'),(60235,20235,'110101198503011355','AB','无特殊过敏','无','头晕乏力，偶有咳嗽','口服对症药物，观察一周','一周后复诊，如加重则提前就诊','{\"区\": \"天河\", \"市\": \"广州\", \"省\": \"广东\", \"detail\": \"学院路135号\"}',0,'陈亲属','13090000035','2023-06-15 00:00:00','2023-06-15 00:00:00'),(60236,20236,'110101198503011366','AB','无特殊过敏','无','头晕乏力，偶有咳嗽','口服对症药物，观察一周','一周后复诊，如加重则提前就诊','{\"区\": \"天河\", \"市\": \"广州\", \"省\": \"广东\", \"detail\": \"学院路136号\"}',1,'杨亲属','13090000036','2023-06-15 00:00:00','2023-06-15 00:00:00'),(60237,20237,'110101198503011377','AB','无特殊过敏','无','头晕乏力，偶有咳嗽','口服对症药物，观察一周','一周后复诊，如加重则提前就诊','{\"区\": \"天河\", \"市\": \"广州\", \"省\": \"广东\", \"detail\": \"学院路137号\"}',0,'黄亲属','13090000037','2023-06-15 00:00:00','2023-06-15 00:00:00'),(60238,20238,'110101198503011388','AB','无特殊过敏','无','头晕乏力，偶有咳嗽','口服对症药物，观察一周','一周后复诊，如加重则提前就诊','{\"区\": \"天河\", \"市\": \"广州\", \"省\": \"广东\", \"detail\": \"学院路138号\"}',0,'吴亲属','13090000038','2023-06-15 00:00:00','2023-06-15 00:00:00'),(60239,20239,'110101198503011399','AB','无特殊过敏','无','头晕乏力，偶有咳嗽','口服对症药物，观察一周','一周后复诊，如加重则提前就诊','{\"区\": \"天河\", \"市\": \"广州\", \"省\": \"广东\", \"detail\": \"学院路139号\"}',1,'周亲属','13090000039','2023-06-15 00:00:00','2023-06-15 00:00:00'),(60240,20240,'11010119850301140X','AB','无特殊过敏','无','头晕乏力，偶有咳嗽','口服对症药物，观察一周','一周后复诊，如加重则提前就诊','{\"区\": \"天河\", \"市\": \"广州\", \"省\": \"广东\", \"detail\": \"学院路140号\"}',0,'张亲属','13090000040','2023-06-15 00:00:00','2023-06-15 00:00:00'),(60241,20241,'110101198503011411','AB','无特殊过敏','无','头晕乏力，偶有咳嗽','口服对症药物，观察一周','一周后复诊，如加重则提前就诊','{\"区\": \"天河\", \"市\": \"广州\", \"省\": \"广东\", \"detail\": \"学院路141号\"}',0,'李亲属','13090000041','2023-06-15 00:00:00','2023-06-15 00:00:00'),(60242,20242,'110101198503011422','AB','无特殊过敏','无','头晕乏力，偶有咳嗽','口服对症药物，观察一周','一周后复诊，如加重则提前就诊','{\"区\": \"天河\", \"市\": \"广州\", \"省\": \"广东\", \"detail\": \"学院路142号\"}',1,'王亲属','13090000042','2023-06-15 00:00:00','2023-06-15 00:00:00'),(60243,20243,'110101198503011433','AB','无特殊过敏','无','头晕乏力，偶有咳嗽','口服对症药物，观察一周','一周后复诊，如加重则提前就诊','{\"区\": \"天河\", \"市\": \"广州\", \"省\": \"广东\", \"detail\": \"学院路143号\"}',0,'赵亲属','13090000043','2023-06-15 00:00:00','2023-06-15 00:00:00'),(60244,20244,'110101198503011444','AB','无特殊过敏','无','头晕乏力，偶有咳嗽','口服对症药物，观察一周','一周后复诊，如加重则提前就诊','{\"区\": \"天河\", \"市\": \"广州\", \"省\": \"广东\", \"detail\": \"学院路144号\"}',0,'刘亲属','13090000044','2023-06-15 00:00:00','2023-06-15 00:00:00'),(60245,20245,'110101198503011455','AB','无特殊过敏','无','头晕乏力，偶有咳嗽','口服对症药物，观察一周','一周后复诊，如加重则提前就诊','{\"区\": \"天河\", \"市\": \"广州\", \"省\": \"广东\", \"detail\": \"学院路145号\"}',1,'陈亲属','13090000045','2023-06-15 00:00:00','2023-06-15 00:00:00'),(60246,20246,'110101198503011466','AB','无特殊过敏','无','头晕乏力，偶有咳嗽','口服对症药物，观察一周','一周后复诊，如加重则提前就诊','{\"区\": \"天河\", \"市\": \"广州\", \"省\": \"广东\", \"detail\": \"学院路146号\"}',0,'杨亲属','13090000046','2023-06-15 00:00:00','2023-06-15 00:00:00'),(60247,20247,'110101198503011477','AB','无特殊过敏','无','头晕乏力，偶有咳嗽','口服对症药物，观察一周','一周后复诊，如加重则提前就诊','{\"区\": \"天河\", \"市\": \"广州\", \"省\": \"广东\", \"detail\": \"学院路147号\"}',0,'黄亲属','13090000047','2023-06-15 00:00:00','2023-06-15 00:00:00'),(60248,20248,'110101198503011488','AB','无特殊过敏','无','头晕乏力，偶有咳嗽','口服对症药物，观察一周','一周后复诊，如加重则提前就诊','{\"区\": \"天河\", \"市\": \"广州\", \"省\": \"广东\", \"detail\": \"学院路148号\"}',1,'吴亲属','13090000048','2023-06-15 00:00:00','2023-06-15 00:00:00'),(60249,20249,'110101198503011499','AB','无特殊过敏','无','头晕乏力，偶有咳嗽','口服对症药物，观察一周','一周后复诊，如加重则提前就诊','{\"区\": \"天河\", \"市\": \"广州\", \"省\": \"广东\", \"detail\": \"学院路149号\"}',0,'周亲属','13090000049','2023-06-15 00:00:00','2023-06-15 00:00:00'),(60250,20250,'11010119850301150X','AB','无特殊过敏','无','头晕乏力，偶有咳嗽','口服对症药物，观察一周','一周后复诊，如加重则提前就诊','{\"区\": \"天河\", \"市\": \"广州\", \"省\": \"广东\", \"detail\": \"学院路150号\"}',0,'张亲属','13090000050','2023-06-15 00:00:00','2023-06-15 00:00:00'),(60251,20251,'110101198503011511','AB','无特殊过敏','无','头晕乏力，偶有咳嗽','口服对症药物，观察一周','一周后复诊，如加重则提前就诊','{\"区\": \"天河\", \"市\": \"广州\", \"省\": \"广东\", \"detail\": \"学院路151号\"}',1,'李亲属','13090000051','2023-06-15 00:00:00','2023-06-15 00:00:00'),(60252,20252,'110101198503011522','AB','无特殊过敏','无','头晕乏力，偶有咳嗽','口服对症药物，观察一周','一周后复诊，如加重则提前就诊','{\"区\": \"天河\", \"市\": \"广州\", \"省\": \"广东\", \"detail\": \"学院路152号\"}',0,'王亲属','13090000052','2023-06-15 00:00:00','2023-06-15 00:00:00'),(60253,20253,'110101198503011533','AB','无特殊过敏','无','头晕乏力，偶有咳嗽','口服对症药物，观察一周','一周后复诊，如加重则提前就诊','{\"区\": \"天河\", \"市\": \"广州\", \"省\": \"广东\", \"detail\": \"学院路153号\"}',0,'赵亲属','13090000053','2023-06-15 00:00:00','2023-06-15 00:00:00'),(60254,20254,'110101198503011544','AB','无特殊过敏','无','头晕乏力，偶有咳嗽','口服对症药物，观察一周','一周后复诊，如加重则提前就诊','{\"区\": \"天河\", \"市\": \"广州\", \"省\": \"广东\", \"detail\": \"学院路154号\"}',1,'刘亲属','13090000054','2023-06-15 00:00:00','2023-06-15 00:00:00'),(60255,20255,'110101198503011555','AB','无特殊过敏','无','头晕乏力，偶有咳嗽','口服对症药物，观察一周','一周后复诊，如加重则提前就诊','{\"区\": \"天河\", \"市\": \"广州\", \"省\": \"广东\", \"detail\": \"学院路155号\"}',0,'陈亲属','13090000055','2023-06-15 00:00:00','2023-06-15 00:00:00'),(60256,20256,'110101198503011566','AB','无特殊过敏','无','头晕乏力，偶有咳嗽','口服对症药物，观察一周','一周后复诊，如加重则提前就诊','{\"区\": \"天河\", \"市\": \"广州\", \"省\": \"广东\", \"detail\": \"学院路156号\"}',0,'杨亲属','13090000056','2023-06-15 00:00:00','2023-06-15 00:00:00'),(60257,20257,'110101198503011577','AB','无特殊过敏','无','头晕乏力，偶有咳嗽','口服对症药物，观察一周','一周后复诊，如加重则提前就诊','{\"区\": \"天河\", \"市\": \"广州\", \"省\": \"广东\", \"detail\": \"学院路157号\"}',1,'黄亲属','13090000057','2023-06-15 00:00:00','2023-06-15 00:00:00'),(60258,20258,'110101198503011588','AB','无特殊过敏','无','头晕乏力，偶有咳嗽','口服对症药物，观察一周','一周后复诊，如加重则提前就诊','{\"区\": \"天河\", \"市\": \"广州\", \"省\": \"广东\", \"detail\": \"学院路158号\"}',0,'吴亲属','13090000058','2023-06-15 00:00:00','2023-06-15 00:00:00'),(60259,20259,'110101198503011599','AB','无特殊过敏','无','头晕乏力，偶有咳嗽','口服对症药物，观察一周','一周后复诊，如加重则提前就诊','{\"区\": \"天河\", \"市\": \"广州\", \"省\": \"广东\", \"detail\": \"学院路159号\"}',0,'周亲属','13090000059','2023-06-15 00:00:00','2023-06-15 00:00:00'),(60260,20260,'11010119850301160X','AB','无特殊过敏','无','头晕乏力，偶有咳嗽','口服对症药物，观察一周','一周后复诊，如加重则提前就诊','{\"区\": \"天河\", \"市\": \"广州\", \"省\": \"广东\", \"detail\": \"学院路160号\"}',1,'张亲属','13090000060','2023-06-15 00:00:00','2023-06-15 00:00:00'),(60261,20261,'110101198503011611','AB','无特殊过敏','无','头晕乏力，偶有咳嗽','口服对症药物，观察一周','一周后复诊，如加重则提前就诊','{\"区\": \"天河\", \"市\": \"广州\", \"省\": \"广东\", \"detail\": \"学院路161号\"}',0,'李亲属','13090000061','2023-06-15 00:00:00','2023-06-15 00:00:00'),(60262,20262,'110101198503011622','AB','无特殊过敏','无','头晕乏力，偶有咳嗽','口服对症药物，观察一周','一周后复诊，如加重则提前就诊','{\"区\": \"天河\", \"市\": \"广州\", \"省\": \"广东\", \"detail\": \"学院路162号\"}',0,'王亲属','13090000062','2023-06-15 00:00:00','2023-06-15 00:00:00'),(60263,20263,'110101198503011633','AB','无特殊过敏','无','头晕乏力，偶有咳嗽','口服对症药物，观察一周','一周后复诊，如加重则提前就诊','{\"区\": \"天河\", \"市\": \"广州\", \"省\": \"广东\", \"detail\": \"学院路163号\"}',1,'赵亲属','13090000063','2023-06-15 00:00:00','2023-06-15 00:00:00'),(60264,20264,'110101198503011644','AB','无特殊过敏','无','头晕乏力，偶有咳嗽','口服对症药物，观察一周','一周后复诊，如加重则提前就诊','{\"区\": \"天河\", \"市\": \"广州\", \"省\": \"广东\", \"detail\": \"学院路164号\"}',0,'刘亲属','13090000064','2023-06-15 00:00:00','2023-06-15 00:00:00'),(60265,20265,'110101198503011655','AB','无特殊过敏','无','头晕乏力，偶有咳嗽','口服对症药物，观察一周','一周后复诊，如加重则提前就诊','{\"区\": \"天河\", \"市\": \"广州\", \"省\": \"广东\", \"detail\": \"学院路165号\"}',0,'陈亲属','13090000065','2023-06-15 00:00:00','2023-06-15 00:00:00'),(60266,20266,'110101198503011666','AB','无特殊过敏','无','头晕乏力，偶有咳嗽','口服对症药物，观察一周','一周后复诊，如加重则提前就诊','{\"区\": \"天河\", \"市\": \"广州\", \"省\": \"广东\", \"detail\": \"学院路166号\"}',1,'杨亲属','13090000066','2023-06-15 00:00:00','2023-06-15 00:00:00'),(60267,20267,'110101198503011677','AB','无特殊过敏','无','头晕乏力，偶有咳嗽','口服对症药物，观察一周','一周后复诊，如加重则提前就诊','{\"区\": \"天河\", \"市\": \"广州\", \"省\": \"广东\", \"detail\": \"学院路167号\"}',0,'黄亲属','13090000067','2023-06-15 00:00:00','2023-06-15 00:00:00'),(60268,20268,'110101198503011688','AB','无特殊过敏','无','头晕乏力，偶有咳嗽','口服对症药物，观察一周','一周后复诊，如加重则提前就诊','{\"区\": \"天河\", \"市\": \"广州\", \"省\": \"广东\", \"detail\": \"学院路168号\"}',0,'吴亲属','13090000068','2023-06-15 00:00:00','2023-06-15 00:00:00'),(60269,20269,'110101198503011699','AB','无特殊过敏','无','头晕乏力，偶有咳嗽','口服对症药物，观察一周','一周后复诊，如加重则提前就诊','{\"区\": \"天河\", \"市\": \"广州\", \"省\": \"广东\", \"detail\": \"学院路169号\"}',1,'周亲属','13090000069','2023-06-15 00:00:00','2023-06-15 00:00:00'),(60270,20270,'11010119850301170X','AB','无特殊过敏','无','头晕乏力，偶有咳嗽','口服对症药物，观察一周','一周后复诊，如加重则提前就诊','{\"区\": \"天河\", \"市\": \"广州\", \"省\": \"广东\", \"detail\": \"学院路170号\"}',0,'张亲属','13090000070','2023-06-15 00:00:00','2023-06-15 00:00:00'),(60271,20271,'110101198503011711','AB','无特殊过敏','无','头晕乏力，偶有咳嗽','口服对症药物，观察一周','一周后复诊，如加重则提前就诊','{\"区\": \"天河\", \"市\": \"广州\", \"省\": \"广东\", \"detail\": \"学院路171号\"}',0,'李亲属','13090000071','2023-06-15 00:00:00','2023-06-15 00:00:00'),(60272,20272,'110101198503011722','AB','无特殊过敏','无','头晕乏力，偶有咳嗽','口服对症药物，观察一周','一周后复诊，如加重则提前就诊','{\"区\": \"天河\", \"市\": \"广州\", \"省\": \"广东\", \"detail\": \"学院路172号\"}',1,'王亲属','13090000072','2023-06-15 00:00:00','2023-06-15 00:00:00'),(60273,20273,'110101198503011733','AB','无特殊过敏','无','头晕乏力，偶有咳嗽','口服对症药物，观察一周','一周后复诊，如加重则提前就诊','{\"区\": \"天河\", \"市\": \"广州\", \"省\": \"广东\", \"detail\": \"学院路173号\"}',0,'赵亲属','13090000073','2023-06-15 00:00:00','2023-06-15 00:00:00'),(60274,20274,'110101198503011744','AB','无特殊过敏','无','头晕乏力，偶有咳嗽','口服对症药物，观察一周','一周后复诊，如加重则提前就诊','{\"区\": \"天河\", \"市\": \"广州\", \"省\": \"广东\", \"detail\": \"学院路174号\"}',0,'刘亲属','13090000074','2023-06-15 00:00:00','2023-06-15 00:00:00'),(60275,20275,'110101198503011755','AB','无特殊过敏','无','头晕乏力，偶有咳嗽','口服对症药物，观察一周','一周后复诊，如加重则提前就诊','{\"区\": \"天河\", \"市\": \"广州\", \"省\": \"广东\", \"detail\": \"学院路175号\"}',1,'陈亲属','13090000075','2023-06-15 00:00:00','2023-06-15 00:00:00'),(60276,20276,'110101198503011766','AB','无特殊过敏','无','头晕乏力，偶有咳嗽','口服对症药物，观察一周','一周后复诊，如加重则提前就诊','{\"区\": \"天河\", \"市\": \"广州\", \"省\": \"广东\", \"detail\": \"学院路176号\"}',0,'杨亲属','13090000076','2023-06-15 00:00:00','2023-06-15 00:00:00'),(60277,20277,'110101198503011777','AB','无特殊过敏','无','头晕乏力，偶有咳嗽','口服对症药物，观察一周','一周后复诊，如加重则提前就诊','{\"区\": \"天河\", \"市\": \"广州\", \"省\": \"广东\", \"detail\": \"学院路177号\"}',0,'黄亲属','13090000077','2023-06-15 00:00:00','2023-06-15 00:00:00'),(60278,20278,'110101198503011788','AB','无特殊过敏','无','头晕乏力，偶有咳嗽','口服对症药物，观察一周','一周后复诊，如加重则提前就诊','{\"区\": \"天河\", \"市\": \"广州\", \"省\": \"广东\", \"detail\": \"学院路178号\"}',1,'吴亲属','13090000078','2023-06-15 00:00:00','2023-06-15 00:00:00'),(60279,20279,'110101198503011799','AB','无特殊过敏','无','头晕乏力，偶有咳嗽','口服对症药物，观察一周','一周后复诊，如加重则提前就诊','{\"区\": \"天河\", \"市\": \"广州\", \"省\": \"广东\", \"detail\": \"学院路179号\"}',0,'周亲属','13090000079','2023-06-15 00:00:00','2023-06-15 00:00:00'),(60280,20280,'11010119850301180X','AB','无特殊过敏','无','头晕乏力，偶有咳嗽','口服对症药物，观察一周','一周后复诊，如加重则提前就诊','{\"区\": \"天河\", \"市\": \"广州\", \"省\": \"广东\", \"detail\": \"学院路180号\"}',0,'张亲属','13090000080','2023-06-15 00:00:00','2023-06-15 00:00:00'),(60281,20281,'110101198503011811','AB','无特殊过敏','无','头晕乏力，偶有咳嗽','口服对症药物，观察一周','一周后复诊，如加重则提前就诊','{\"区\": \"天河\", \"市\": \"广州\", \"省\": \"广东\", \"detail\": \"学院路181号\"}',1,'李亲属','13090000081','2023-06-15 00:00:00','2023-06-15 00:00:00'),(60282,20282,'110101198503011822','AB','无特殊过敏','无','头晕乏力，偶有咳嗽','口服对症药物，观察一周','一周后复诊，如加重则提前就诊','{\"区\": \"天河\", \"市\": \"广州\", \"省\": \"广东\", \"detail\": \"学院路182号\"}',0,'王亲属','13090000082','2023-06-15 00:00:00','2023-06-15 00:00:00'),(60283,20283,'110101198503011833','AB','无特殊过敏','无','头晕乏力，偶有咳嗽','口服对症药物，观察一周','一周后复诊，如加重则提前就诊','{\"区\": \"天河\", \"市\": \"广州\", \"省\": \"广东\", \"detail\": \"学院路183号\"}',0,'赵亲属','13090000083','2023-06-15 00:00:00','2023-06-15 00:00:00'),(60284,20284,'110101198503011844','AB','无特殊过敏','无','头晕乏力，偶有咳嗽','口服对症药物，观察一周','一周后复诊，如加重则提前就诊','{\"区\": \"天河\", \"市\": \"广州\", \"省\": \"广东\", \"detail\": \"学院路184号\"}',1,'刘亲属','13090000084','2023-06-15 00:00:00','2023-06-15 00:00:00'),(60285,20285,'110101198503011855','AB','无特殊过敏','无','头晕乏力，偶有咳嗽','口服对症药物，观察一周','一周后复诊，如加重则提前就诊','{\"区\": \"天河\", \"市\": \"广州\", \"省\": \"广东\", \"detail\": \"学院路185号\"}',0,'陈亲属','13090000085','2023-06-15 00:00:00','2023-06-15 00:00:00'),(60286,20286,'110101198503011866','AB','无特殊过敏','无','头晕乏力，偶有咳嗽','口服对症药物，观察一周','一周后复诊，如加重则提前就诊','{\"区\": \"天河\", \"市\": \"广州\", \"省\": \"广东\", \"detail\": \"学院路186号\"}',0,'杨亲属','13090000086','2023-06-15 00:00:00','2023-06-15 00:00:00'),(60287,20287,'110101198503011877','AB','无特殊过敏','无','头晕乏力，偶有咳嗽','口服对症药物，观察一周','一周后复诊，如加重则提前就诊','{\"区\": \"天河\", \"市\": \"广州\", \"省\": \"广东\", \"detail\": \"学院路187号\"}',1,'黄亲属','13090000087','2023-06-15 00:00:00','2023-06-15 00:00:00'),(60288,20288,'110101198503011888','AB','无特殊过敏','无','头晕乏力，偶有咳嗽','口服对症药物，观察一周','一周后复诊，如加重则提前就诊','{\"区\": \"天河\", \"市\": \"广州\", \"省\": \"广东\", \"detail\": \"学院路188号\"}',0,'吴亲属','13090000088','2023-06-15 00:00:00','2023-06-15 00:00:00'),(60289,20289,'110101198503011899','AB','无特殊过敏','无','头晕乏力，偶有咳嗽','口服对症药物，观察一周','一周后复诊，如加重则提前就诊','{\"区\": \"天河\", \"市\": \"广州\", \"省\": \"广东\", \"detail\": \"学院路189号\"}',0,'周亲属','13090000089','2023-06-15 00:00:00','2023-06-15 00:00:00'),(60290,20290,'11010119850301190X','AB','无特殊过敏','无','头晕乏力，偶有咳嗽','口服对症药物，观察一周','一周后复诊，如加重则提前就诊','{\"区\": \"天河\", \"市\": \"广州\", \"省\": \"广东\", \"detail\": \"学院路190号\"}',1,'张亲属','13090000090','2023-06-15 00:00:00','2023-06-15 00:00:00'),(60291,20291,'110101198503011911','AB','无特殊过敏','无','头晕乏力，偶有咳嗽','口服对症药物，观察一周','一周后复诊，如加重则提前就诊','{\"区\": \"天河\", \"市\": \"广州\", \"省\": \"广东\", \"detail\": \"学院路191号\"}',0,'李亲属','13090000091','2023-06-15 00:00:00','2023-06-15 00:00:00'),(60292,20292,'110101198503011922','AB','无特殊过敏','无','头晕乏力，偶有咳嗽','口服对症药物，观察一周','一周后复诊，如加重则提前就诊','{\"区\": \"天河\", \"市\": \"广州\", \"省\": \"广东\", \"detail\": \"学院路192号\"}',0,'王亲属','13090000092','2023-06-15 00:00:00','2023-06-15 00:00:00'),(60293,20293,'110101198503011933','AB','无特殊过敏','无','头晕乏力，偶有咳嗽','口服对症药物，观察一周','一周后复诊，如加重则提前就诊','{\"区\": \"天河\", \"市\": \"广州\", \"省\": \"广东\", \"detail\": \"学院路193号\"}',1,'赵亲属','13090000093','2023-06-15 00:00:00','2023-06-15 00:00:00'),(60294,20294,'110101198503011944','AB','无特殊过敏','无','头晕乏力，偶有咳嗽','口服对症药物，观察一周','一周后复诊，如加重则提前就诊','{\"区\": \"天河\", \"市\": \"广州\", \"省\": \"广东\", \"detail\": \"学院路194号\"}',0,'刘亲属','13090000094','2023-06-15 00:00:00','2023-06-15 00:00:00'),(60295,20295,'110101198503011955','AB','无特殊过敏','无','头晕乏力，偶有咳嗽','口服对症药物，观察一周','一周后复诊，如加重则提前就诊','{\"区\": \"天河\", \"市\": \"广州\", \"省\": \"广东\", \"detail\": \"学院路195号\"}',0,'陈亲属','13090000095','2023-06-15 00:00:00','2023-06-15 00:00:00'),(60296,20296,'110101198503011966','AB','无特殊过敏','无','头晕乏力，偶有咳嗽','口服对症药物，观察一周','一周后复诊，如加重则提前就诊','{\"区\": \"天河\", \"市\": \"广州\", \"省\": \"广东\", \"detail\": \"学院路196号\"}',1,'杨亲属','13090000096','2023-06-15 00:00:00','2023-06-15 00:00:00'),(60297,20297,'110101198503011977','AB','无特殊过敏','无','头晕乏力，偶有咳嗽','口服对症药物，观察一周','一周后复诊，如加重则提前就诊','{\"区\": \"天河\", \"市\": \"广州\", \"省\": \"广东\", \"detail\": \"学院路197号\"}',0,'黄亲属','13090000097','2023-06-15 00:00:00','2023-06-15 00:00:00'),(60298,20298,'110101198503011988','AB','无特殊过敏','无','头晕乏力，偶有咳嗽','口服对症药物，观察一周','一周后复诊，如加重则提前就诊','{\"区\": \"天河\", \"市\": \"广州\", \"省\": \"广东\", \"detail\": \"学院路198号\"}',0,'吴亲属','13090000098','2023-06-15 00:00:00','2023-06-15 00:00:00'),(60299,20299,'110101198503011999','AB','无特殊过敏','无','头晕乏力，偶有咳嗽','口服对症药物，观察一周','一周后复诊，如加重则提前就诊','{\"区\": \"天河\", \"市\": \"广州\", \"省\": \"广东\", \"detail\": \"学院路199号\"}',1,'周亲属','13090000099','2023-06-15 00:00:00','2023-06-15 00:00:00'),(60300,20300,'11010119850301200X','AB','无特殊过敏','无','头晕乏力，偶有咳嗽','口服对症药物，观察一周','一周后复诊，如加重则提前就诊','{\"区\": \"天河\", \"市\": \"广州\", \"省\": \"广东\", \"detail\": \"学院路200号\"}',0,'张亲属','13090000100','2023-06-15 00:00:00','2023-06-15 00:00:00'),(60301,20301,'110101198504011011','O','无特殊过敏','无','头晕乏力，偶有咳嗽','口服对症药物，观察一周','一周后复诊，如加重则提前就诊','{\"区\": \"高新\", \"市\": \"成都\", \"省\": \"四川\", \"detail\": \"学院路101号\"}',0,'李亲属','13090000001','2023-06-15 00:00:00','2023-06-15 00:00:00'),(60302,20302,'110101198504011022','O','无特殊过敏','无','头晕乏力，偶有咳嗽','口服对症药物，观察一周','一周后复诊，如加重则提前就诊','{\"区\": \"高新\", \"市\": \"成都\", \"省\": \"四川\", \"detail\": \"学院路102号\"}',0,'王亲属','13090000002','2023-06-15 00:00:00','2023-06-15 00:00:00'),(60303,20303,'110101198504011033','O','无特殊过敏','无','头晕乏力，偶有咳嗽','口服对症药物，观察一周','一周后复诊，如加重则提前就诊','{\"区\": \"高新\", \"市\": \"成都\", \"省\": \"四川\", \"detail\": \"学院路103号\"}',1,'赵亲属','13090000003','2023-06-15 00:00:00','2023-06-15 00:00:00'),(60304,20304,'110101198504011044','O','无特殊过敏','无','头晕乏力，偶有咳嗽','口服对症药物，观察一周','一周后复诊，如加重则提前就诊','{\"区\": \"高新\", \"市\": \"成都\", \"省\": \"四川\", \"detail\": \"学院路104号\"}',0,'刘亲属','13090000004','2023-06-15 00:00:00','2023-06-15 00:00:00'),(60305,20305,'110101198504011055','O','无特殊过敏','无','头晕乏力，偶有咳嗽','口服对症药物，观察一周','一周后复诊，如加重则提前就诊','{\"区\": \"高新\", \"市\": \"成都\", \"省\": \"四川\", \"detail\": \"学院路105号\"}',0,'陈亲属','13090000005','2023-06-15 00:00:00','2023-06-15 00:00:00'),(60306,20306,'110101198504011066','O','无特殊过敏','无','头晕乏力，偶有咳嗽','口服对症药物，观察一周','一周后复诊，如加重则提前就诊','{\"区\": \"高新\", \"市\": \"成都\", \"省\": \"四川\", \"detail\": \"学院路106号\"}',1,'杨亲属','13090000006','2023-06-15 00:00:00','2023-06-15 00:00:00'),(60307,20307,'110101198504011077','O','无特殊过敏','无','头晕乏力，偶有咳嗽','口服对症药物，观察一周','一周后复诊，如加重则提前就诊','{\"区\": \"高新\", \"市\": \"成都\", \"省\": \"四川\", \"detail\": \"学院路107号\"}',0,'黄亲属','13090000007','2023-06-15 00:00:00','2023-06-15 00:00:00'),(60308,20308,'110101198504011088','O','无特殊过敏','无','头晕乏力，偶有咳嗽','口服对症药物，观察一周','一周后复诊，如加重则提前就诊','{\"区\": \"高新\", \"市\": \"成都\", \"省\": \"四川\", \"detail\": \"学院路108号\"}',0,'吴亲属','13090000008','2023-06-15 00:00:00','2023-06-15 00:00:00'),(60309,20309,'110101198504011099','O','无特殊过敏','无','头晕乏力，偶有咳嗽','口服对症药物，观察一周','一周后复诊，如加重则提前就诊','{\"区\": \"高新\", \"市\": \"成都\", \"省\": \"四川\", \"detail\": \"学院路109号\"}',1,'周亲属','13090000009','2023-06-15 00:00:00','2023-06-15 00:00:00'),(60310,20310,'11010119850401110X','O','无特殊过敏','无','头晕乏力，偶有咳嗽','口服对症药物，观察一周','一周后复诊，如加重则提前就诊','{\"区\": \"高新\", \"市\": \"成都\", \"省\": \"四川\", \"detail\": \"学院路110号\"}',0,'张亲属','13090000010','2023-06-15 00:00:00','2023-06-15 00:00:00'),(60311,20311,'110101198504011111','O','无特殊过敏','无','头晕乏力，偶有咳嗽','口服对症药物，观察一周','一周后复诊，如加重则提前就诊','{\"区\": \"高新\", \"市\": \"成都\", \"省\": \"四川\", \"detail\": \"学院路111号\"}',0,'李亲属','13090000011','2023-06-15 00:00:00','2023-06-15 00:00:00'),(60312,20312,'110101198504011122','O','无特殊过敏','无','头晕乏力，偶有咳嗽','口服对症药物，观察一周','一周后复诊，如加重则提前就诊','{\"区\": \"高新\", \"市\": \"成都\", \"省\": \"四川\", \"detail\": \"学院路112号\"}',1,'王亲属','13090000012','2023-06-15 00:00:00','2023-06-15 00:00:00'),(60313,20313,'110101198504011133','O','无特殊过敏','无','头晕乏力，偶有咳嗽','口服对症药物，观察一周','一周后复诊，如加重则提前就诊','{\"区\": \"高新\", \"市\": \"成都\", \"省\": \"四川\", \"detail\": \"学院路113号\"}',0,'赵亲属','13090000013','2023-06-15 00:00:00','2023-06-15 00:00:00'),(60314,20314,'110101198504011144','O','无特殊过敏','无','头晕乏力，偶有咳嗽','口服对症药物，观察一周','一周后复诊，如加重则提前就诊','{\"区\": \"高新\", \"市\": \"成都\", \"省\": \"四川\", \"detail\": \"学院路114号\"}',0,'刘亲属','13090000014','2023-06-15 00:00:00','2023-06-15 00:00:00'),(60315,20315,'110101198504011155','O','无特殊过敏','无','头晕乏力，偶有咳嗽','口服对症药物，观察一周','一周后复诊，如加重则提前就诊','{\"区\": \"高新\", \"市\": \"成都\", \"省\": \"四川\", \"detail\": \"学院路115号\"}',1,'陈亲属','13090000015','2023-06-15 00:00:00','2023-06-15 00:00:00'),(60316,20316,'110101198504011166','O','无特殊过敏','无','头晕乏力，偶有咳嗽','口服对症药物，观察一周','一周后复诊，如加重则提前就诊','{\"区\": \"高新\", \"市\": \"成都\", \"省\": \"四川\", \"detail\": \"学院路116号\"}',0,'杨亲属','13090000016','2023-06-15 00:00:00','2023-06-15 00:00:00'),(60317,20317,'110101198504011177','O','无特殊过敏','无','头晕乏力，偶有咳嗽','口服对症药物，观察一周','一周后复诊，如加重则提前就诊','{\"区\": \"高新\", \"市\": \"成都\", \"省\": \"四川\", \"detail\": \"学院路117号\"}',0,'黄亲属','13090000017','2023-06-15 00:00:00','2023-06-15 00:00:00'),(60318,20318,'110101198504011188','O','无特殊过敏','无','头晕乏力，偶有咳嗽','口服对症药物，观察一周','一周后复诊，如加重则提前就诊','{\"区\": \"高新\", \"市\": \"成都\", \"省\": \"四川\", \"detail\": \"学院路118号\"}',1,'吴亲属','13090000018','2023-06-15 00:00:00','2023-06-15 00:00:00'),(60319,20319,'110101198504011199','O','无特殊过敏','无','头晕乏力，偶有咳嗽','口服对症药物，观察一周','一周后复诊，如加重则提前就诊','{\"区\": \"高新\", \"市\": \"成都\", \"省\": \"四川\", \"detail\": \"学院路119号\"}',0,'周亲属','13090000019','2023-06-15 00:00:00','2023-06-15 00:00:00'),(60320,20320,'11010119850401120X','O','无特殊过敏','无','头晕乏力，偶有咳嗽','口服对症药物，观察一周','一周后复诊，如加重则提前就诊','{\"区\": \"高新\", \"市\": \"成都\", \"省\": \"四川\", \"detail\": \"学院路120号\"}',0,'张亲属','13090000020','2023-06-15 00:00:00','2023-06-15 00:00:00'),(60321,20321,'110101198504011211','O','无特殊过敏','无','头晕乏力，偶有咳嗽','口服对症药物，观察一周','一周后复诊，如加重则提前就诊','{\"区\": \"高新\", \"市\": \"成都\", \"省\": \"四川\", \"detail\": \"学院路121号\"}',1,'李亲属','13090000021','2023-06-15 00:00:00','2023-06-15 00:00:00'),(60322,20322,'110101198504011222','O','无特殊过敏','无','头晕乏力，偶有咳嗽','口服对症药物，观察一周','一周后复诊，如加重则提前就诊','{\"区\": \"高新\", \"市\": \"成都\", \"省\": \"四川\", \"detail\": \"学院路122号\"}',0,'王亲属','13090000022','2023-06-15 00:00:00','2023-06-15 00:00:00'),(60323,20323,'110101198504011233','O','无特殊过敏','无','头晕乏力，偶有咳嗽','口服对症药物，观察一周','一周后复诊，如加重则提前就诊','{\"区\": \"高新\", \"市\": \"成都\", \"省\": \"四川\", \"detail\": \"学院路123号\"}',0,'赵亲属','13090000023','2023-06-15 00:00:00','2023-06-15 00:00:00'),(60324,20324,'110101198504011244','O','无特殊过敏','无','头晕乏力，偶有咳嗽','口服对症药物，观察一周','一周后复诊，如加重则提前就诊','{\"区\": \"高新\", \"市\": \"成都\", \"省\": \"四川\", \"detail\": \"学院路124号\"}',1,'刘亲属','13090000024','2023-06-15 00:00:00','2023-06-15 00:00:00'),(60325,20325,'110101198504011255','O','无特殊过敏','无','头晕乏力，偶有咳嗽','口服对症药物，观察一周','一周后复诊，如加重则提前就诊','{\"区\": \"高新\", \"市\": \"成都\", \"省\": \"四川\", \"detail\": \"学院路125号\"}',0,'陈亲属','13090000025','2023-06-15 00:00:00','2023-06-15 00:00:00'),(60326,20326,'110101198504011266','O','无特殊过敏','无','头晕乏力，偶有咳嗽','口服对症药物，观察一周','一周后复诊，如加重则提前就诊','{\"区\": \"高新\", \"市\": \"成都\", \"省\": \"四川\", \"detail\": \"学院路126号\"}',0,'杨亲属','13090000026','2023-06-15 00:00:00','2023-06-15 00:00:00'),(60327,20327,'110101198504011277','O','无特殊过敏','无','头晕乏力，偶有咳嗽','口服对症药物，观察一周','一周后复诊，如加重则提前就诊','{\"区\": \"高新\", \"市\": \"成都\", \"省\": \"四川\", \"detail\": \"学院路127号\"}',1,'黄亲属','13090000027','2023-06-15 00:00:00','2023-06-15 00:00:00'),(60328,20328,'110101198504011288','O','无特殊过敏','无','头晕乏力，偶有咳嗽','口服对症药物，观察一周','一周后复诊，如加重则提前就诊','{\"区\": \"高新\", \"市\": \"成都\", \"省\": \"四川\", \"detail\": \"学院路128号\"}',0,'吴亲属','13090000028','2023-06-15 00:00:00','2023-06-15 00:00:00'),(60329,20329,'110101198504011299','O','无特殊过敏','无','头晕乏力，偶有咳嗽','口服对症药物，观察一周','一周后复诊，如加重则提前就诊','{\"区\": \"高新\", \"市\": \"成都\", \"省\": \"四川\", \"detail\": \"学院路129号\"}',0,'周亲属','13090000029','2023-06-15 00:00:00','2023-06-15 00:00:00'),(60330,20330,'11010119850401130X','O','无特殊过敏','无','头晕乏力，偶有咳嗽','口服对症药物，观察一周','一周后复诊，如加重则提前就诊','{\"区\": \"高新\", \"市\": \"成都\", \"省\": \"四川\", \"detail\": \"学院路130号\"}',1,'张亲属','13090000030','2023-06-15 00:00:00','2023-06-15 00:00:00'),(60331,20331,'110101198504011311','O','无特殊过敏','无','头晕乏力，偶有咳嗽','口服对症药物，观察一周','一周后复诊，如加重则提前就诊','{\"区\": \"高新\", \"市\": \"成都\", \"省\": \"四川\", \"detail\": \"学院路131号\"}',0,'李亲属','13090000031','2023-06-15 00:00:00','2023-06-15 00:00:00'),(60332,20332,'110101198504011322','O','无特殊过敏','无','头晕乏力，偶有咳嗽','口服对症药物，观察一周','一周后复诊，如加重则提前就诊','{\"区\": \"高新\", \"市\": \"成都\", \"省\": \"四川\", \"detail\": \"学院路132号\"}',0,'王亲属','13090000032','2023-06-15 00:00:00','2023-06-15 00:00:00'),(60333,20333,'110101198504011333','O','无特殊过敏','无','头晕乏力，偶有咳嗽','口服对症药物，观察一周','一周后复诊，如加重则提前就诊','{\"区\": \"高新\", \"市\": \"成都\", \"省\": \"四川\", \"detail\": \"学院路133号\"}',1,'赵亲属','13090000033','2023-06-15 00:00:00','2023-06-15 00:00:00'),(60334,20334,'110101198504011344','O','无特殊过敏','无','头晕乏力，偶有咳嗽','口服对症药物，观察一周','一周后复诊，如加重则提前就诊','{\"区\": \"高新\", \"市\": \"成都\", \"省\": \"四川\", \"detail\": \"学院路134号\"}',0,'刘亲属','13090000034','2023-06-15 00:00:00','2023-06-15 00:00:00'),(60335,20335,'110101198504011355','O','无特殊过敏','无','头晕乏力，偶有咳嗽','口服对症药物，观察一周','一周后复诊，如加重则提前就诊','{\"区\": \"高新\", \"市\": \"成都\", \"省\": \"四川\", \"detail\": \"学院路135号\"}',0,'陈亲属','13090000035','2023-06-15 00:00:00','2023-06-15 00:00:00'),(60336,20336,'110101198504011366','O','无特殊过敏','无','头晕乏力，偶有咳嗽','口服对症药物，观察一周','一周后复诊，如加重则提前就诊','{\"区\": \"高新\", \"市\": \"成都\", \"省\": \"四川\", \"detail\": \"学院路136号\"}',1,'杨亲属','13090000036','2023-06-15 00:00:00','2023-06-15 00:00:00'),(60337,20337,'110101198504011377','O','无特殊过敏','无','头晕乏力，偶有咳嗽','口服对症药物，观察一周','一周后复诊，如加重则提前就诊','{\"区\": \"高新\", \"市\": \"成都\", \"省\": \"四川\", \"detail\": \"学院路137号\"}',0,'黄亲属','13090000037','2023-06-15 00:00:00','2023-06-15 00:00:00'),(60338,20338,'110101198504011388','O','无特殊过敏','无','头晕乏力，偶有咳嗽','口服对症药物，观察一周','一周后复诊，如加重则提前就诊','{\"区\": \"高新\", \"市\": \"成都\", \"省\": \"四川\", \"detail\": \"学院路138号\"}',0,'吴亲属','13090000038','2023-06-15 00:00:00','2023-06-15 00:00:00'),(60339,20339,'110101198504011399','O','无特殊过敏','无','头晕乏力，偶有咳嗽','口服对症药物，观察一周','一周后复诊，如加重则提前就诊','{\"区\": \"高新\", \"市\": \"成都\", \"省\": \"四川\", \"detail\": \"学院路139号\"}',1,'周亲属','13090000039','2023-06-15 00:00:00','2023-06-15 00:00:00'),(60340,20340,'11010119850401140X','O','无特殊过敏','无','头晕乏力，偶有咳嗽','口服对症药物，观察一周','一周后复诊，如加重则提前就诊','{\"区\": \"高新\", \"市\": \"成都\", \"省\": \"四川\", \"detail\": \"学院路140号\"}',0,'张亲属','13090000040','2023-06-15 00:00:00','2023-06-15 00:00:00'),(60341,20341,'110101198504011411','O','无特殊过敏','无','头晕乏力，偶有咳嗽','口服对症药物，观察一周','一周后复诊，如加重则提前就诊','{\"区\": \"高新\", \"市\": \"成都\", \"省\": \"四川\", \"detail\": \"学院路141号\"}',0,'李亲属','13090000041','2023-06-15 00:00:00','2023-06-15 00:00:00'),(60342,20342,'110101198504011422','O','无特殊过敏','无','头晕乏力，偶有咳嗽','口服对症药物，观察一周','一周后复诊，如加重则提前就诊','{\"区\": \"高新\", \"市\": \"成都\", \"省\": \"四川\", \"detail\": \"学院路142号\"}',1,'王亲属','13090000042','2023-06-15 00:00:00','2023-06-15 00:00:00'),(60343,20343,'110101198504011433','O','无特殊过敏','无','头晕乏力，偶有咳嗽','口服对症药物，观察一周','一周后复诊，如加重则提前就诊','{\"区\": \"高新\", \"市\": \"成都\", \"省\": \"四川\", \"detail\": \"学院路143号\"}',0,'赵亲属','13090000043','2023-06-15 00:00:00','2023-06-15 00:00:00'),(60344,20344,'110101198504011444','O','无特殊过敏','无','头晕乏力，偶有咳嗽','口服对症药物，观察一周','一周后复诊，如加重则提前就诊','{\"区\": \"高新\", \"市\": \"成都\", \"省\": \"四川\", \"detail\": \"学院路144号\"}',0,'刘亲属','13090000044','2023-06-15 00:00:00','2023-06-15 00:00:00'),(60345,20345,'110101198504011455','O','无特殊过敏','无','头晕乏力，偶有咳嗽','口服对症药物，观察一周','一周后复诊，如加重则提前就诊','{\"区\": \"高新\", \"市\": \"成都\", \"省\": \"四川\", \"detail\": \"学院路145号\"}',1,'陈亲属','13090000045','2023-06-15 00:00:00','2023-06-15 00:00:00'),(60346,20346,'110101198504011466','O','无特殊过敏','无','头晕乏力，偶有咳嗽','口服对症药物，观察一周','一周后复诊，如加重则提前就诊','{\"区\": \"高新\", \"市\": \"成都\", \"省\": \"四川\", \"detail\": \"学院路146号\"}',0,'杨亲属','13090000046','2023-06-15 00:00:00','2023-06-15 00:00:00'),(60347,20347,'110101198504011477','O','无特殊过敏','无','头晕乏力，偶有咳嗽','口服对症药物，观察一周','一周后复诊，如加重则提前就诊','{\"区\": \"高新\", \"市\": \"成都\", \"省\": \"四川\", \"detail\": \"学院路147号\"}',0,'黄亲属','13090000047','2023-06-15 00:00:00','2023-06-15 00:00:00'),(60348,20348,'110101198504011488','O','无特殊过敏','无','头晕乏力，偶有咳嗽','口服对症药物，观察一周','一周后复诊，如加重则提前就诊','{\"区\": \"高新\", \"市\": \"成都\", \"省\": \"四川\", \"detail\": \"学院路148号\"}',1,'吴亲属','13090000048','2023-06-15 00:00:00','2023-06-15 00:00:00'),(60349,20349,'110101198504011499','O','无特殊过敏','无','头晕乏力，偶有咳嗽','口服对症药物，观察一周','一周后复诊，如加重则提前就诊','{\"区\": \"高新\", \"市\": \"成都\", \"省\": \"四川\", \"detail\": \"学院路149号\"}',0,'周亲属','13090000049','2023-06-15 00:00:00','2023-06-15 00:00:00'),(60350,20350,'11010119850401150X','O','无特殊过敏','无','头晕乏力，偶有咳嗽','口服对症药物，观察一周','一周后复诊，如加重则提前就诊','{\"区\": \"高新\", \"市\": \"成都\", \"省\": \"四川\", \"detail\": \"学院路150号\"}',0,'张亲属','13090000050','2023-06-15 00:00:00','2023-06-15 00:00:00'),(60351,20351,'110101198504011511','O','无特殊过敏','无','头晕乏力，偶有咳嗽','口服对症药物，观察一周','一周后复诊，如加重则提前就诊','{\"区\": \"高新\", \"市\": \"成都\", \"省\": \"四川\", \"detail\": \"学院路151号\"}',1,'李亲属','13090000051','2023-06-15 00:00:00','2023-06-15 00:00:00'),(60352,20352,'110101198504011522','O','无特殊过敏','无','头晕乏力，偶有咳嗽','口服对症药物，观察一周','一周后复诊，如加重则提前就诊','{\"区\": \"高新\", \"市\": \"成都\", \"省\": \"四川\", \"detail\": \"学院路152号\"}',0,'王亲属','13090000052','2023-06-15 00:00:00','2023-06-15 00:00:00'),(60353,20353,'110101198504011533','O','无特殊过敏','无','头晕乏力，偶有咳嗽','口服对症药物，观察一周','一周后复诊，如加重则提前就诊','{\"区\": \"高新\", \"市\": \"成都\", \"省\": \"四川\", \"detail\": \"学院路153号\"}',0,'赵亲属','13090000053','2023-06-15 00:00:00','2023-06-15 00:00:00'),(60354,20354,'110101198504011544','O','无特殊过敏','无','头晕乏力，偶有咳嗽','口服对症药物，观察一周','一周后复诊，如加重则提前就诊','{\"区\": \"高新\", \"市\": \"成都\", \"省\": \"四川\", \"detail\": \"学院路154号\"}',1,'刘亲属','13090000054','2023-06-15 00:00:00','2023-06-15 00:00:00'),(60355,20355,'110101198504011555','O','无特殊过敏','无','头晕乏力，偶有咳嗽','口服对症药物，观察一周','一周后复诊，如加重则提前就诊','{\"区\": \"高新\", \"市\": \"成都\", \"省\": \"四川\", \"detail\": \"学院路155号\"}',0,'陈亲属','13090000055','2023-06-15 00:00:00','2023-06-15 00:00:00'),(60356,20356,'110101198504011566','O','无特殊过敏','无','头晕乏力，偶有咳嗽','口服对症药物，观察一周','一周后复诊，如加重则提前就诊','{\"区\": \"高新\", \"市\": \"成都\", \"省\": \"四川\", \"detail\": \"学院路156号\"}',0,'杨亲属','13090000056','2023-06-15 00:00:00','2023-06-15 00:00:00'),(60357,20357,'110101198504011577','O','无特殊过敏','无','头晕乏力，偶有咳嗽','口服对症药物，观察一周','一周后复诊，如加重则提前就诊','{\"区\": \"高新\", \"市\": \"成都\", \"省\": \"四川\", \"detail\": \"学院路157号\"}',1,'黄亲属','13090000057','2023-06-15 00:00:00','2023-06-15 00:00:00'),(60358,20358,'110101198504011588','O','无特殊过敏','无','头晕乏力，偶有咳嗽','口服对症药物，观察一周','一周后复诊，如加重则提前就诊','{\"区\": \"高新\", \"市\": \"成都\", \"省\": \"四川\", \"detail\": \"学院路158号\"}',0,'吴亲属','13090000058','2023-06-15 00:00:00','2023-06-15 00:00:00'),(60359,20359,'110101198504011599','O','无特殊过敏','无','头晕乏力，偶有咳嗽','口服对症药物，观察一周','一周后复诊，如加重则提前就诊','{\"区\": \"高新\", \"市\": \"成都\", \"省\": \"四川\", \"detail\": \"学院路159号\"}',0,'周亲属','13090000059','2023-06-15 00:00:00','2023-06-15 00:00:00'),(60360,20360,'11010119850401160X','O','无特殊过敏','无','头晕乏力，偶有咳嗽','口服对症药物，观察一周','一周后复诊，如加重则提前就诊','{\"区\": \"高新\", \"市\": \"成都\", \"省\": \"四川\", \"detail\": \"学院路160号\"}',1,'张亲属','13090000060','2023-06-15 00:00:00','2023-06-15 00:00:00'),(60361,20361,'110101198504011611','O','无特殊过敏','无','头晕乏力，偶有咳嗽','口服对症药物，观察一周','一周后复诊，如加重则提前就诊','{\"区\": \"高新\", \"市\": \"成都\", \"省\": \"四川\", \"detail\": \"学院路161号\"}',0,'李亲属','13090000061','2023-06-15 00:00:00','2023-06-15 00:00:00'),(60362,20362,'110101198504011622','O','无特殊过敏','无','头晕乏力，偶有咳嗽','口服对症药物，观察一周','一周后复诊，如加重则提前就诊','{\"区\": \"高新\", \"市\": \"成都\", \"省\": \"四川\", \"detail\": \"学院路162号\"}',0,'王亲属','13090000062','2023-06-15 00:00:00','2023-06-15 00:00:00'),(60363,20363,'110101198504011633','O','无特殊过敏','无','头晕乏力，偶有咳嗽','口服对症药物，观察一周','一周后复诊，如加重则提前就诊','{\"区\": \"高新\", \"市\": \"成都\", \"省\": \"四川\", \"detail\": \"学院路163号\"}',1,'赵亲属','13090000063','2023-06-15 00:00:00','2023-06-15 00:00:00'),(60364,20364,'110101198504011644','O','无特殊过敏','无','头晕乏力，偶有咳嗽','口服对症药物，观察一周','一周后复诊，如加重则提前就诊','{\"区\": \"高新\", \"市\": \"成都\", \"省\": \"四川\", \"detail\": \"学院路164号\"}',0,'刘亲属','13090000064','2023-06-15 00:00:00','2023-06-15 00:00:00'),(60365,20365,'110101198504011655','O','无特殊过敏','无','头晕乏力，偶有咳嗽','口服对症药物，观察一周','一周后复诊，如加重则提前就诊','{\"区\": \"高新\", \"市\": \"成都\", \"省\": \"四川\", \"detail\": \"学院路165号\"}',0,'陈亲属','13090000065','2023-06-15 00:00:00','2023-06-15 00:00:00'),(60366,20366,'110101198504011666','O','无特殊过敏','无','头晕乏力，偶有咳嗽','口服对症药物，观察一周','一周后复诊，如加重则提前就诊','{\"区\": \"高新\", \"市\": \"成都\", \"省\": \"四川\", \"detail\": \"学院路166号\"}',1,'杨亲属','13090000066','2023-06-15 00:00:00','2023-06-15 00:00:00'),(60367,20367,'110101198504011677','O','无特殊过敏','无','头晕乏力，偶有咳嗽','口服对症药物，观察一周','一周后复诊，如加重则提前就诊','{\"区\": \"高新\", \"市\": \"成都\", \"省\": \"四川\", \"detail\": \"学院路167号\"}',0,'黄亲属','13090000067','2023-06-15 00:00:00','2023-06-15 00:00:00'),(60368,20368,'110101198504011688','O','无特殊过敏','无','头晕乏力，偶有咳嗽','口服对症药物，观察一周','一周后复诊，如加重则提前就诊','{\"区\": \"高新\", \"市\": \"成都\", \"省\": \"四川\", \"detail\": \"学院路168号\"}',0,'吴亲属','13090000068','2023-06-15 00:00:00','2023-06-15 00:00:00'),(60369,20369,'110101198504011699','O','无特殊过敏','无','头晕乏力，偶有咳嗽','口服对症药物，观察一周','一周后复诊，如加重则提前就诊','{\"区\": \"高新\", \"市\": \"成都\", \"省\": \"四川\", \"detail\": \"学院路169号\"}',1,'周亲属','13090000069','2023-06-15 00:00:00','2023-06-15 00:00:00'),(60370,20370,'11010119850401170X','O','无特殊过敏','无','头晕乏力，偶有咳嗽','口服对症药物，观察一周','一周后复诊，如加重则提前就诊','{\"区\": \"高新\", \"市\": \"成都\", \"省\": \"四川\", \"detail\": \"学院路170号\"}',0,'张亲属','13090000070','2023-06-15 00:00:00','2023-06-15 00:00:00'),(60371,20371,'110101198504011711','O','无特殊过敏','无','头晕乏力，偶有咳嗽','口服对症药物，观察一周','一周后复诊，如加重则提前就诊','{\"区\": \"高新\", \"市\": \"成都\", \"省\": \"四川\", \"detail\": \"学院路171号\"}',0,'李亲属','13090000071','2023-06-15 00:00:00','2023-06-15 00:00:00'),(60372,20372,'110101198504011722','O','无特殊过敏','无','头晕乏力，偶有咳嗽','口服对症药物，观察一周','一周后复诊，如加重则提前就诊','{\"区\": \"高新\", \"市\": \"成都\", \"省\": \"四川\", \"detail\": \"学院路172号\"}',1,'王亲属','13090000072','2023-06-15 00:00:00','2023-06-15 00:00:00'),(60373,20373,'110101198504011733','O','无特殊过敏','无','头晕乏力，偶有咳嗽','口服对症药物，观察一周','一周后复诊，如加重则提前就诊','{\"区\": \"高新\", \"市\": \"成都\", \"省\": \"四川\", \"detail\": \"学院路173号\"}',0,'赵亲属','13090000073','2023-06-15 00:00:00','2023-06-15 00:00:00'),(60374,20374,'110101198504011744','O','无特殊过敏','无','头晕乏力，偶有咳嗽','口服对症药物，观察一周','一周后复诊，如加重则提前就诊','{\"区\": \"高新\", \"市\": \"成都\", \"省\": \"四川\", \"detail\": \"学院路174号\"}',0,'刘亲属','13090000074','2023-06-15 00:00:00','2023-06-15 00:00:00'),(60375,20375,'110101198504011755','O','无特殊过敏','无','头晕乏力，偶有咳嗽','口服对症药物，观察一周','一周后复诊，如加重则提前就诊','{\"区\": \"高新\", \"市\": \"成都\", \"省\": \"四川\", \"detail\": \"学院路175号\"}',1,'陈亲属','13090000075','2023-06-15 00:00:00','2023-06-15 00:00:00'),(60376,20376,'110101198504011766','O','无特殊过敏','无','头晕乏力，偶有咳嗽','口服对症药物，观察一周','一周后复诊，如加重则提前就诊','{\"区\": \"高新\", \"市\": \"成都\", \"省\": \"四川\", \"detail\": \"学院路176号\"}',0,'杨亲属','13090000076','2023-06-15 00:00:00','2023-06-15 00:00:00'),(60377,20377,'110101198504011777','O','无特殊过敏','无','头晕乏力，偶有咳嗽','口服对症药物，观察一周','一周后复诊，如加重则提前就诊','{\"区\": \"高新\", \"市\": \"成都\", \"省\": \"四川\", \"detail\": \"学院路177号\"}',0,'黄亲属','13090000077','2023-06-15 00:00:00','2023-06-15 00:00:00'),(60378,20378,'110101198504011788','O','无特殊过敏','无','头晕乏力，偶有咳嗽','口服对症药物，观察一周','一周后复诊，如加重则提前就诊','{\"区\": \"高新\", \"市\": \"成都\", \"省\": \"四川\", \"detail\": \"学院路178号\"}',1,'吴亲属','13090000078','2023-06-15 00:00:00','2023-06-15 00:00:00'),(60379,20379,'110101198504011799','O','无特殊过敏','无','头晕乏力，偶有咳嗽','口服对症药物，观察一周','一周后复诊，如加重则提前就诊','{\"区\": \"高新\", \"市\": \"成都\", \"省\": \"四川\", \"detail\": \"学院路179号\"}',0,'周亲属','13090000079','2023-06-15 00:00:00','2023-06-15 00:00:00'),(60380,20380,'11010119850401180X','O','无特殊过敏','无','头晕乏力，偶有咳嗽','口服对症药物，观察一周','一周后复诊，如加重则提前就诊','{\"区\": \"高新\", \"市\": \"成都\", \"省\": \"四川\", \"detail\": \"学院路180号\"}',0,'张亲属','13090000080','2023-06-15 00:00:00','2023-06-15 00:00:00'),(60381,20381,'110101198504011811','O','无特殊过敏','无','头晕乏力，偶有咳嗽','口服对症药物，观察一周','一周后复诊，如加重则提前就诊','{\"区\": \"高新\", \"市\": \"成都\", \"省\": \"四川\", \"detail\": \"学院路181号\"}',1,'李亲属','13090000081','2023-06-15 00:00:00','2023-06-15 00:00:00'),(60382,20382,'110101198504011822','O','无特殊过敏','无','头晕乏力，偶有咳嗽','口服对症药物，观察一周','一周后复诊，如加重则提前就诊','{\"区\": \"高新\", \"市\": \"成都\", \"省\": \"四川\", \"detail\": \"学院路182号\"}',0,'王亲属','13090000082','2023-06-15 00:00:00','2023-06-15 00:00:00'),(60383,20383,'110101198504011833','O','无特殊过敏','无','头晕乏力，偶有咳嗽','口服对症药物，观察一周','一周后复诊，如加重则提前就诊','{\"区\": \"高新\", \"市\": \"成都\", \"省\": \"四川\", \"detail\": \"学院路183号\"}',0,'赵亲属','13090000083','2023-06-15 00:00:00','2023-06-15 00:00:00'),(60384,20384,'110101198504011844','O','无特殊过敏','无','头晕乏力，偶有咳嗽','口服对症药物，观察一周','一周后复诊，如加重则提前就诊','{\"区\": \"高新\", \"市\": \"成都\", \"省\": \"四川\", \"detail\": \"学院路184号\"}',1,'刘亲属','13090000084','2023-06-15 00:00:00','2023-06-15 00:00:00'),(60385,20385,'110101198504011855','O','无特殊过敏','无','头晕乏力，偶有咳嗽','口服对症药物，观察一周','一周后复诊，如加重则提前就诊','{\"区\": \"高新\", \"市\": \"成都\", \"省\": \"四川\", \"detail\": \"学院路185号\"}',0,'陈亲属','13090000085','2023-06-15 00:00:00','2023-06-15 00:00:00'),(60386,20386,'110101198504011866','O','无特殊过敏','无','头晕乏力，偶有咳嗽','口服对症药物，观察一周','一周后复诊，如加重则提前就诊','{\"区\": \"高新\", \"市\": \"成都\", \"省\": \"四川\", \"detail\": \"学院路186号\"}',0,'杨亲属','13090000086','2023-06-15 00:00:00','2023-06-15 00:00:00'),(60387,20387,'110101198504011877','O','无特殊过敏','无','头晕乏力，偶有咳嗽','口服对症药物，观察一周','一周后复诊，如加重则提前就诊','{\"区\": \"高新\", \"市\": \"成都\", \"省\": \"四川\", \"detail\": \"学院路187号\"}',1,'黄亲属','13090000087','2023-06-15 00:00:00','2023-06-15 00:00:00'),(60388,20388,'110101198504011888','O','无特殊过敏','无','头晕乏力，偶有咳嗽','口服对症药物，观察一周','一周后复诊，如加重则提前就诊','{\"区\": \"高新\", \"市\": \"成都\", \"省\": \"四川\", \"detail\": \"学院路188号\"}',0,'吴亲属','13090000088','2023-06-15 00:00:00','2023-06-15 00:00:00'),(60389,20389,'110101198504011899','O','无特殊过敏','无','头晕乏力，偶有咳嗽','口服对症药物，观察一周','一周后复诊，如加重则提前就诊','{\"区\": \"高新\", \"市\": \"成都\", \"省\": \"四川\", \"detail\": \"学院路189号\"}',0,'周亲属','13090000089','2023-06-15 00:00:00','2023-06-15 00:00:00'),(60390,20390,'11010119850401190X','O','无特殊过敏','无','头晕乏力，偶有咳嗽','口服对症药物，观察一周','一周后复诊，如加重则提前就诊','{\"区\": \"高新\", \"市\": \"成都\", \"省\": \"四川\", \"detail\": \"学院路190号\"}',1,'张亲属','13090000090','2023-06-15 00:00:00','2023-06-15 00:00:00'),(60391,20391,'110101198504011911','O','无特殊过敏','无','头晕乏力，偶有咳嗽','口服对症药物，观察一周','一周后复诊，如加重则提前就诊','{\"区\": \"高新\", \"市\": \"成都\", \"省\": \"四川\", \"detail\": \"学院路191号\"}',0,'李亲属','13090000091','2023-06-15 00:00:00','2023-06-15 00:00:00'),(60392,20392,'110101198504011922','O','无特殊过敏','无','头晕乏力，偶有咳嗽','口服对症药物，观察一周','一周后复诊，如加重则提前就诊','{\"区\": \"高新\", \"市\": \"成都\", \"省\": \"四川\", \"detail\": \"学院路192号\"}',0,'王亲属','13090000092','2023-06-15 00:00:00','2023-06-15 00:00:00'),(60393,20393,'110101198504011933','O','无特殊过敏','无','头晕乏力，偶有咳嗽','口服对症药物，观察一周','一周后复诊，如加重则提前就诊','{\"区\": \"高新\", \"市\": \"成都\", \"省\": \"四川\", \"detail\": \"学院路193号\"}',1,'赵亲属','13090000093','2023-06-15 00:00:00','2023-06-15 00:00:00'),(60394,20394,'110101198504011944','O','无特殊过敏','无','头晕乏力，偶有咳嗽','口服对症药物，观察一周','一周后复诊，如加重则提前就诊','{\"区\": \"高新\", \"市\": \"成都\", \"省\": \"四川\", \"detail\": \"学院路194号\"}',0,'刘亲属','13090000094','2023-06-15 00:00:00','2023-06-15 00:00:00'),(60395,20395,'110101198504011955','O','无特殊过敏','无','头晕乏力，偶有咳嗽','口服对症药物，观察一周','一周后复诊，如加重则提前就诊','{\"区\": \"高新\", \"市\": \"成都\", \"省\": \"四川\", \"detail\": \"学院路195号\"}',0,'陈亲属','13090000095','2023-06-15 00:00:00','2023-06-15 00:00:00'),(60396,20396,'110101198504011966','O','无特殊过敏','无','头晕乏力，偶有咳嗽','口服对症药物，观察一周','一周后复诊，如加重则提前就诊','{\"区\": \"高新\", \"市\": \"成都\", \"省\": \"四川\", \"detail\": \"学院路196号\"}',1,'杨亲属','13090000096','2023-06-15 00:00:00','2023-06-15 00:00:00'),(60397,20397,'110101198504011977','O','无特殊过敏','无','头晕乏力，偶有咳嗽','口服对症药物，观察一周','一周后复诊，如加重则提前就诊','{\"区\": \"高新\", \"市\": \"成都\", \"省\": \"四川\", \"detail\": \"学院路197号\"}',0,'黄亲属','13090000097','2023-06-15 00:00:00','2023-06-15 00:00:00'),(60398,20398,'110101198504011988','O','无特殊过敏','无','头晕乏力，偶有咳嗽','口服对症药物，观察一周','一周后复诊，如加重则提前就诊','{\"区\": \"高新\", \"市\": \"成都\", \"省\": \"四川\", \"detail\": \"学院路198号\"}',0,'吴亲属','13090000098','2023-06-15 00:00:00','2023-06-15 00:00:00'),(60399,20399,'110101198504011999','O','无特殊过敏','无','头晕乏力，偶有咳嗽','口服对症药物，观察一周','一周后复诊，如加重则提前就诊','{\"区\": \"高新\", \"市\": \"成都\", \"省\": \"四川\", \"detail\": \"学院路199号\"}',1,'周亲属','13090000099','2023-06-15 00:00:00','2023-06-15 00:00:00'),(60400,20400,'11010119850401200X','O','无特殊过敏','无','头晕乏力，偶有咳嗽','口服对症药物，观察一周','一周后复诊，如加重则提前就诊','{\"区\": \"高新\", \"市\": \"成都\", \"省\": \"四川\", \"detail\": \"学院路200号\"}',0,'张亲属','13090000100','2023-06-15 00:00:00','2023-06-15 00:00:00'),(60401,20401,'110101198505011011','RH-','无特殊过敏','无','头晕乏力，偶有咳嗽','口服对症药物，观察一周','一周后复诊，如加重则提前就诊','{\"区\": \"历下\", \"市\": \"济南\", \"省\": \"山东\", \"detail\": \"学院路101号\"}',0,'李亲属','13090000001','2023-06-15 00:00:00','2023-06-15 00:00:00'),(60402,20402,'110101198505011022','RH-','无特殊过敏','无','头晕乏力，偶有咳嗽','口服对症药物，观察一周','一周后复诊，如加重则提前就诊','{\"区\": \"历下\", \"市\": \"济南\", \"省\": \"山东\", \"detail\": \"学院路102号\"}',0,'王亲属','13090000002','2023-06-15 00:00:00','2023-06-15 00:00:00'),(60403,20403,'110101198505011033','RH-','无特殊过敏','无','头晕乏力，偶有咳嗽','口服对症药物，观察一周','一周后复诊，如加重则提前就诊','{\"区\": \"历下\", \"市\": \"济南\", \"省\": \"山东\", \"detail\": \"学院路103号\"}',1,'赵亲属','13090000003','2023-06-22 00:00:00','2025-10-18 15:28:00'),(60404,20404,'110101198505011044','RH-','无特殊过敏','无','头晕乏力，偶有咳嗽','口服对症药物，观察一周','一周后复诊，如加重则提前就诊','{\"区\": \"历下\", \"市\": \"济南\", \"省\": \"山东\", \"detail\": \"学院路104号\"}',0,'刘亲属','13090000004','2023-06-22 00:00:00','2025-10-18 15:28:00'),(60405,20405,'110101198505011055','RH-','无特殊过敏','无','头晕乏力，偶有咳嗽','口服对症药物，观察一周','一周后复诊，如加重则提前就诊','{\"区\": \"历下\", \"市\": \"济南\", \"省\": \"山东\", \"detail\": \"学院路105号\"}',0,'陈亲属','13090000005','2023-06-22 00:00:00','2025-10-18 15:28:00'),(60406,20406,'110101198505011066','RH-','无特殊过敏','无','头晕乏力，偶有咳嗽','口服对症药物，观察一周','一周后复诊，如加重则提前就诊','{\"区\": \"历下\", \"市\": \"济南\", \"省\": \"山东\", \"detail\": \"学院路106号\"}',1,'杨亲属','13090000006','2023-06-22 00:00:00','2025-10-18 15:28:00'),(60407,20407,'110101198505011077','RH-','无特殊过敏','无','头晕乏力，偶有咳嗽','口服对症药物，观察一周','一周后复诊，如加重则提前就诊','{\"区\": \"历下\", \"市\": \"济南\", \"省\": \"山东\", \"detail\": \"学院路107号\"}',0,'黄亲属','13090000007','2023-06-22 00:00:00','2025-10-18 15:28:00'),(60408,20408,'110101198505011088','RH-','无特殊过敏','无','头晕乏力，偶有咳嗽','口服对症药物，观察一周','一周后复诊，如加重则提前就诊','{\"区\": \"历下\", \"市\": \"济南\", \"省\": \"山东\", \"detail\": \"学院路108号\"}',0,'吴亲属','13090000008','2023-06-22 00:00:00','2025-10-18 15:28:00'),(60409,20409,'110101198505011099','RH-','无特殊过敏','无','头晕乏力，偶有咳嗽','口服对症药物，观察一周','一周后复诊，如加重则提前就诊','{\"区\": \"历下\", \"市\": \"济南\", \"省\": \"山东\", \"detail\": \"学院路109号\"}',1,'周亲属','13090000009','2023-06-22 00:00:00','2025-10-18 15:28:00'),(60410,20410,'11010119850501110X','RH-','无特殊过敏','无','头晕乏力，偶有咳嗽','口服对症药物，观察一周','一周后复诊，如加重则提前就诊','{\"区\": \"历下\", \"市\": \"济南\", \"省\": \"山东\", \"detail\": \"学院路110号\"}',0,'张亲属','13090000010','2023-06-22 00:00:00','2025-10-18 15:28:00'),(60411,20411,'110101198505011111','RH-','无特殊过敏','无','头晕乏力，偶有咳嗽','口服对症药物，观察一周','一周后复诊，如加重则提前就诊','{\"区\": \"历下\", \"市\": \"济南\", \"省\": \"山东\", \"detail\": \"学院路111号\"}',0,'李亲属','13090000011','2023-06-22 00:00:00','2025-10-18 15:28:00'),(60412,20412,'110101198505011122','RH-','无特殊过敏','无','头晕乏力，偶有咳嗽','口服对症药物，观察一周','一周后复诊，如加重则提前就诊','{\"区\": \"历下\", \"市\": \"济南\", \"省\": \"山东\", \"detail\": \"学院路112号\"}',1,'王亲属','13090000012','2023-06-22 00:00:00','2025-10-18 15:28:00'),(60413,20413,'110101198505011133','RH-','无特殊过敏','无','头晕乏力，偶有咳嗽','口服对症药物，观察一周','一周后复诊，如加重则提前就诊','{\"区\": \"历下\", \"市\": \"济南\", \"省\": \"山东\", \"detail\": \"学院路113号\"}',0,'赵亲属','13090000013','2023-06-22 00:00:00','2025-10-18 15:28:00'),(60414,20414,'110101198505011144','RH-','无特殊过敏','无','头晕乏力，偶有咳嗽','口服对症药物，观察一周','一周后复诊，如加重则提前就诊','{\"区\": \"历下\", \"市\": \"济南\", \"省\": \"山东\", \"detail\": \"学院路114号\"}',0,'刘亲属','13090000014','2023-06-22 00:00:00','2025-10-18 15:28:00'),(60415,20415,'110101198505011155','RH-','无特殊过敏','无','头晕乏力，偶有咳嗽','口服对症药物，观察一周','一周后复诊，如加重则提前就诊','{\"区\": \"历下\", \"市\": \"济南\", \"省\": \"山东\", \"detail\": \"学院路115号\"}',1,'陈亲属','13090000015','2023-06-22 00:00:00','2025-10-18 15:28:00'),(60416,20416,'110101198505011166','RH-','无特殊过敏','无','头晕乏力，偶有咳嗽','口服对症药物，观察一周','一周后复诊，如加重则提前就诊','{\"区\": \"历下\", \"市\": \"济南\", \"省\": \"山东\", \"detail\": \"学院路116号\"}',0,'杨亲属','13090000016','2023-06-22 00:00:00','2025-10-18 15:28:00'),(60417,20417,'110101198505011177','RH-','无特殊过敏','无','头晕乏力，偶有咳嗽','口服对症药物，观察一周','一周后复诊，如加重则提前就诊','{\"区\": \"历下\", \"市\": \"济南\", \"省\": \"山东\", \"detail\": \"学院路117号\"}',0,'黄亲属','13090000017','2023-06-22 00:00:00','2025-10-18 15:28:00'),(60418,20418,'110101198505011188','RH-','无特殊过敏','无','头晕乏力，偶有咳嗽','口服对症药物，观察一周','一周后复诊，如加重则提前就诊','{\"区\": \"历下\", \"市\": \"济南\", \"省\": \"山东\", \"detail\": \"学院路118号\"}',1,'吴亲属','13090000018','2023-06-22 00:00:00','2025-10-18 15:28:00'),(60419,20419,'110101198505011199','RH-','无特殊过敏','无','头晕乏力，偶有咳嗽','口服对症药物，观察一周','一周后复诊，如加重则提前就诊','{\"区\": \"历下\", \"市\": \"济南\", \"省\": \"山东\", \"detail\": \"学院路119号\"}',0,'周亲属','13090000019','2023-06-22 00:00:00','2025-10-18 15:28:00'),(60420,20420,'11010119850501120X','RH-','无特殊过敏','无','头晕乏力，偶有咳嗽','口服对症药物，观察一周','一周后复诊，如加重则提前就诊','{\"区\": \"历下\", \"市\": \"济南\", \"省\": \"山东\", \"detail\": \"学院路120号\"}',0,'张亲属','13090000020','2023-06-22 00:00:00','2025-10-18 15:28:00'),(60421,20421,'110101198505011211','RH-','无特殊过敏','无','头晕乏力，偶有咳嗽','口服对症药物，观察一周','一周后复诊，如加重则提前就诊','{\"区\": \"历下\", \"市\": \"济南\", \"省\": \"山东\", \"detail\": \"学院路121号\"}',1,'李亲属','13090000021','2023-06-22 00:00:00','2025-10-18 15:28:00'),(60422,20422,'110101198505011222','RH-','无特殊过敏','无','头晕乏力，偶有咳嗽','口服对症药物，观察一周','一周后复诊，如加重则提前就诊','{\"区\": \"历下\", \"市\": \"济南\", \"省\": \"山东\", \"detail\": \"学院路122号\"}',0,'王亲属','13090000022','2023-06-22 00:00:00','2025-10-18 15:28:00'),(60423,20423,'110101198505011233','RH-','无特殊过敏','无','头晕乏力，偶有咳嗽','口服对症药物，观察一周','一周后复诊，如加重则提前就诊','{\"区\": \"历下\", \"市\": \"济南\", \"省\": \"山东\", \"detail\": \"学院路123号\"}',0,'赵亲属','13090000023','2023-06-22 00:00:00','2025-10-18 15:28:00'),(60424,20424,'110101198505011244','RH-','无特殊过敏','无','头晕乏力，偶有咳嗽','口服对症药物，观察一周','一周后复诊，如加重则提前就诊','{\"区\": \"历下\", \"市\": \"济南\", \"省\": \"山东\", \"detail\": \"学院路124号\"}',1,'刘亲属','13090000024','2023-06-22 00:00:00','2025-10-18 15:28:00'),(60425,20425,'110101198505011255','RH-','无特殊过敏','无','头晕乏力，偶有咳嗽','口服对症药物，观察一周','一周后复诊，如加重则提前就诊','{\"区\": \"历下\", \"市\": \"济南\", \"省\": \"山东\", \"detail\": \"学院路125号\"}',0,'陈亲属','13090000025','2023-06-22 00:00:00','2025-10-18 15:28:00'),(60426,20426,'110101198505011266','RH-','无特殊过敏','无','头晕乏力，偶有咳嗽','口服对症药物，观察一周','一周后复诊，如加重则提前就诊','{\"区\": \"历下\", \"市\": \"济南\", \"省\": \"山东\", \"detail\": \"学院路126号\"}',0,'杨亲属','13090000026','2023-06-22 00:00:00','2025-10-18 15:28:00'),(60427,20427,'110101198505011277','RH-','无特殊过敏','无','头晕乏力，偶有咳嗽','口服对症药物，观察一周','一周后复诊，如加重则提前就诊','{\"区\": \"历下\", \"市\": \"济南\", \"省\": \"山东\", \"detail\": \"学院路127号\"}',1,'黄亲属','13090000027','2023-06-22 00:00:00','2025-10-18 15:28:00'),(60428,20428,'110101198505011288','RH-','无特殊过敏','无','头晕乏力，偶有咳嗽','口服对症药物，观察一周','一周后复诊，如加重则提前就诊','{\"区\": \"历下\", \"市\": \"济南\", \"省\": \"山东\", \"detail\": \"学院路128号\"}',0,'吴亲属','13090000028','2023-06-22 00:00:00','2025-10-18 15:28:00'),(60429,20429,'110101198505011299','RH-','无特殊过敏','无','头晕乏力，偶有咳嗽','口服对症药物，观察一周','一周后复诊，如加重则提前就诊','{\"区\": \"历下\", \"市\": \"济南\", \"省\": \"山东\", \"detail\": \"学院路129号\"}',0,'周亲属','13090000029','2023-06-22 00:00:00','2025-10-18 15:28:00'),(60430,20430,'11010119850501130X','RH-','无特殊过敏','无','头晕乏力，偶有咳嗽','口服对症药物，观察一周','一周后复诊，如加重则提前就诊','{\"区\": \"历下\", \"市\": \"济南\", \"省\": \"山东\", \"detail\": \"学院路130号\"}',1,'张亲属','13090000030','2023-06-22 00:00:00','2025-10-18 15:28:00'),(60431,20431,'110101198505011311','RH-','无特殊过敏','无','头晕乏力，偶有咳嗽','口服对症药物，观察一周','一周后复诊，如加重则提前就诊','{\"区\": \"历下\", \"市\": \"济南\", \"省\": \"山东\", \"detail\": \"学院路131号\"}',0,'李亲属','13090000031','2023-06-22 00:00:00','2025-10-18 15:28:00'),(60432,20432,'110101198505011322','RH-','无特殊过敏','无','头晕乏力，偶有咳嗽','口服对症药物，观察一周','一周后复诊，如加重则提前就诊','{\"区\": \"历下\", \"市\": \"济南\", \"省\": \"山东\", \"detail\": \"学院路132号\"}',0,'王亲属','13090000032','2023-06-22 00:00:00','2025-10-18 15:28:00'),(60433,20433,'110101198505011333','RH-','无特殊过敏','无','头晕乏力，偶有咳嗽','口服对症药物，观察一周','一周后复诊，如加重则提前就诊','{\"区\": \"历下\", \"市\": \"济南\", \"省\": \"山东\", \"detail\": \"学院路133号\"}',1,'赵亲属','13090000033','2023-06-22 00:00:00','2025-10-18 15:28:00'),(60434,20434,'110101198505011344','RH-','无特殊过敏','无','头晕乏力，偶有咳嗽','口服对症药物，观察一周','一周后复诊，如加重则提前就诊','{\"区\": \"历下\", \"市\": \"济南\", \"省\": \"山东\", \"detail\": \"学院路134号\"}',0,'刘亲属','13090000034','2023-06-22 00:00:00','2025-10-18 15:28:00'),(60435,20435,'110101198505011355','RH-','无特殊过敏','无','头晕乏力，偶有咳嗽','口服对症药物，观察一周','一周后复诊，如加重则提前就诊','{\"区\": \"历下\", \"市\": \"济南\", \"省\": \"山东\", \"detail\": \"学院路135号\"}',0,'陈亲属','13090000035','2023-06-22 00:00:00','2025-10-18 15:28:00'),(60436,20436,'110101198505011366','RH-','无特殊过敏','无','头晕乏力，偶有咳嗽','口服对症药物，观察一周','一周后复诊，如加重则提前就诊','{\"区\": \"历下\", \"市\": \"济南\", \"省\": \"山东\", \"detail\": \"学院路136号\"}',1,'杨亲属','13090000036','2023-06-22 00:00:00','2025-10-18 15:28:00'),(60437,20437,'110101198505011377','RH-','无特殊过敏','无','头晕乏力，偶有咳嗽','口服对症药物，观察一周','一周后复诊，如加重则提前就诊','{\"区\": \"历下\", \"市\": \"济南\", \"省\": \"山东\", \"detail\": \"学院路137号\"}',0,'黄亲属','13090000037','2023-06-22 00:00:00','2025-10-18 15:28:00'),(60438,20438,'110101198505011388','RH-','无特殊过敏','无','头晕乏力，偶有咳嗽','口服对症药物，观察一周','一周后复诊，如加重则提前就诊','{\"区\": \"历下\", \"市\": \"济南\", \"省\": \"山东\", \"detail\": \"学院路138号\"}',0,'吴亲属','13090000038','2023-06-22 00:00:00','2025-10-18 15:28:00'),(60439,20439,'110101198505011399','RH-','无特殊过敏','无','头晕乏力，偶有咳嗽','口服对症药物，观察一周','一周后复诊，如加重则提前就诊','{\"区\": \"历下\", \"市\": \"济南\", \"省\": \"山东\", \"detail\": \"学院路139号\"}',1,'周亲属','13090000039','2023-06-22 00:00:00','2025-10-18 15:28:00'),(60440,20440,'11010119850501140X','RH-','无特殊过敏','无','头晕乏力，偶有咳嗽','口服对症药物，观察一周','一周后复诊，如加重则提前就诊','{\"区\": \"历下\", \"市\": \"济南\", \"省\": \"山东\", \"detail\": \"学院路140号\"}',0,'张亲属','13090000040','2023-06-22 00:00:00','2025-10-18 15:28:00'),(60441,20441,'110101198505011411','RH-','无特殊过敏','无','头晕乏力，偶有咳嗽','口服对症药物，观察一周','一周后复诊，如加重则提前就诊','{\"区\": \"历下\", \"市\": \"济南\", \"省\": \"山东\", \"detail\": \"学院路141号\"}',0,'李亲属','13090000041','2023-06-22 00:00:00','2025-10-18 15:28:00'),(60442,20442,'110101198505011422','RH-','无特殊过敏','无','头晕乏力，偶有咳嗽','口服对症药物，观察一周','一周后复诊，如加重则提前就诊','{\"区\": \"历下\", \"市\": \"济南\", \"省\": \"山东\", \"detail\": \"学院路142号\"}',1,'王亲属','13090000042','2023-06-22 00:00:00','2025-10-18 15:28:00'),(60443,20443,'110101198505011433','RH-','无特殊过敏','无','头晕乏力，偶有咳嗽','口服对症药物，观察一周','一周后复诊，如加重则提前就诊','{\"区\": \"历下\", \"市\": \"济南\", \"省\": \"山东\", \"detail\": \"学院路143号\"}',0,'赵亲属','13090000043','2023-06-22 00:00:00','2025-10-18 15:28:00'),(60444,20444,'110101198505011444','RH-','无特殊过敏','无','头晕乏力，偶有咳嗽','口服对症药物，观察一周','一周后复诊，如加重则提前就诊','{\"区\": \"历下\", \"市\": \"济南\", \"省\": \"山东\", \"detail\": \"学院路144号\"}',0,'刘亲属','13090000044','2023-06-22 00:00:00','2025-10-18 15:28:00'),(60445,20445,'110101198505011455','RH-','无特殊过敏','无','头晕乏力，偶有咳嗽','口服对症药物，观察一周','一周后复诊，如加重则提前就诊','{\"区\": \"历下\", \"市\": \"济南\", \"省\": \"山东\", \"detail\": \"学院路145号\"}',1,'陈亲属','13090000045','2023-06-22 00:00:00','2025-10-18 15:28:00'),(60446,20446,'110101198505011466','RH-','无特殊过敏','无','头晕乏力，偶有咳嗽','口服对症药物，观察一周','一周后复诊，如加重则提前就诊','{\"区\": \"历下\", \"市\": \"济南\", \"省\": \"山东\", \"detail\": \"学院路146号\"}',0,'杨亲属','13090000046','2023-06-22 00:00:00','2025-10-18 15:28:00'),(60447,20447,'110101198505011477','RH-','无特殊过敏','无','头晕乏力，偶有咳嗽','口服对症药物，观察一周','一周后复诊，如加重则提前就诊','{\"区\": \"历下\", \"市\": \"济南\", \"省\": \"山东\", \"detail\": \"学院路147号\"}',0,'黄亲属','13090000047','2023-06-22 00:00:00','2025-10-18 15:28:00'),(60448,20448,'110101198505011488','RH-','无特殊过敏','无','头晕乏力，偶有咳嗽','口服对症药物，观察一周','一周后复诊，如加重则提前就诊','{\"区\": \"历下\", \"市\": \"济南\", \"省\": \"山东\", \"detail\": \"学院路148号\"}',1,'吴亲属','13090000048','2023-06-22 00:00:00','2025-10-18 15:28:00'),(60449,20449,'110101198505011499','RH-','无特殊过敏','无','头晕乏力，偶有咳嗽','口服对症药物，观察一周','一周后复诊，如加重则提前就诊','{\"区\": \"历下\", \"市\": \"济南\", \"省\": \"山东\", \"detail\": \"学院路149号\"}',0,'周亲属','13090000049','2023-06-22 00:00:00','2025-10-18 15:28:00'),(60450,20450,'11010119850501150X','RH-','无特殊过敏','无','头晕乏力，偶有咳嗽','口服对症药物，观察一周','一周后复诊，如加重则提前就诊','{\"区\": \"历下\", \"市\": \"济南\", \"省\": \"山东\", \"detail\": \"学院路150号\"}',0,'张亲属','13090000050','2023-06-22 00:00:00','2025-10-18 15:28:00'),(60451,20451,'110101198505011511','RH-','无特殊过敏','无','头晕乏力，偶有咳嗽','口服对症药物，观察一周','一周后复诊，如加重则提前就诊','{\"区\": \"历下\", \"市\": \"济南\", \"省\": \"山东\", \"detail\": \"学院路151号\"}',1,'李亲属','13090000051','2023-06-22 00:00:00','2025-10-18 15:28:00'),(60452,20452,'110101198505011522','RH-','无特殊过敏','无','头晕乏力，偶有咳嗽','口服对症药物，观察一周','一周后复诊，如加重则提前就诊','{\"区\": \"历下\", \"市\": \"济南\", \"省\": \"山东\", \"detail\": \"学院路152号\"}',0,'王亲属','13090000052','2023-06-22 00:00:00','2025-10-18 15:28:00'),(60453,20453,'110101198505011533','RH-','无特殊过敏','无','头晕乏力，偶有咳嗽','口服对症药物，观察一周','一周后复诊，如加重则提前就诊','{\"区\": \"历下\", \"市\": \"济南\", \"省\": \"山东\", \"detail\": \"学院路153号\"}',0,'赵亲属','13090000053','2023-06-22 00:00:00','2025-10-18 15:28:00'),(60454,20454,'110101198505011544','RH-','无特殊过敏','无','头晕乏力，偶有咳嗽','口服对症药物，观察一周','一周后复诊，如加重则提前就诊','{\"区\": \"历下\", \"市\": \"济南\", \"省\": \"山东\", \"detail\": \"学院路154号\"}',1,'刘亲属','13090000054','2023-06-22 00:00:00','2025-10-18 15:28:00'),(60455,20455,'110101198505011555','RH-','无特殊过敏','无','头晕乏力，偶有咳嗽','口服对症药物，观察一周','一周后复诊，如加重则提前就诊','{\"区\": \"历下\", \"市\": \"济南\", \"省\": \"山东\", \"detail\": \"学院路155号\"}',0,'陈亲属','13090000055','2023-06-22 00:00:00','2025-10-18 15:28:00'),(60456,20456,'110101198505011566','RH-','无特殊过敏','无','头晕乏力，偶有咳嗽','口服对症药物，观察一周','一周后复诊，如加重则提前就诊','{\"区\": \"历下\", \"市\": \"济南\", \"省\": \"山东\", \"detail\": \"学院路156号\"}',0,'杨亲属','13090000056','2023-06-15 00:00:00','2023-06-15 00:00:00'),(60457,20457,'110101198505011577','RH-','无特殊过敏','无','头晕乏力，偶有咳嗽','口服对症药物，观察一周','一周后复诊，如加重则提前就诊','{\"区\": \"历下\", \"市\": \"济南\", \"省\": \"山东\", \"detail\": \"学院路157号\"}',1,'黄亲属','13090000057','2023-06-15 00:00:00','2023-06-15 00:00:00'),(60458,20458,'110101198505011588','RH-','无特殊过敏','无','头晕乏力，偶有咳嗽','口服对症药物，观察一周','一周后复诊，如加重则提前就诊','{\"区\": \"历下\", \"市\": \"济南\", \"省\": \"山东\", \"detail\": \"学院路158号\"}',0,'吴亲属','13090000058','2023-06-15 00:00:00','2023-06-15 00:00:00'),(60459,20459,'110101198505011599','RH-','无特殊过敏','无','头晕乏力，偶有咳嗽','口服对症药物，观察一周','一周后复诊，如加重则提前就诊','{\"区\": \"历下\", \"市\": \"济南\", \"省\": \"山东\", \"detail\": \"学院路159号\"}',0,'周亲属','13090000059','2023-06-15 00:00:00','2023-06-15 00:00:00'),(60460,20460,'11010119850501160X','RH-','无特殊过敏','无','头晕乏力，偶有咳嗽','口服对症药物，观察一周','一周后复诊，如加重则提前就诊','{\"区\": \"历下\", \"市\": \"济南\", \"省\": \"山东\", \"detail\": \"学院路160号\"}',1,'张亲属','13090000060','2023-06-15 00:00:00','2023-06-15 00:00:00'),(60461,20461,'110101198505011611','RH-','无特殊过敏','无','头晕乏力，偶有咳嗽','口服对症药物，观察一周','一周后复诊，如加重则提前就诊','{\"区\": \"历下\", \"市\": \"济南\", \"省\": \"山东\", \"detail\": \"学院路161号\"}',0,'李亲属','13090000061','2023-06-15 00:00:00','2023-06-15 00:00:00'),(60462,20462,'110101198505011622','RH-','无特殊过敏','无','头晕乏力，偶有咳嗽','口服对症药物，观察一周','一周后复诊，如加重则提前就诊','{\"区\": \"历下\", \"市\": \"济南\", \"省\": \"山东\", \"detail\": \"学院路162号\"}',0,'王亲属','13090000062','2023-06-15 00:00:00','2023-06-15 00:00:00'),(60463,20463,'110101198505011633','RH-','无特殊过敏','无','头晕乏力，偶有咳嗽','口服对症药物，观察一周','一周后复诊，如加重则提前就诊','{\"区\": \"历下\", \"市\": \"济南\", \"省\": \"山东\", \"detail\": \"学院路163号\"}',1,'赵亲属','13090000063','2023-06-15 00:00:00','2023-06-15 00:00:00'),(60464,20464,'110101198505011644','RH-','无特殊过敏','无','头晕乏力，偶有咳嗽','口服对症药物，观察一周','一周后复诊，如加重则提前就诊','{\"区\": \"历下\", \"市\": \"济南\", \"省\": \"山东\", \"detail\": \"学院路164号\"}',0,'刘亲属','13090000064','2023-06-15 00:00:00','2023-06-15 00:00:00'),(60465,20465,'110101198505011655','RH-','无特殊过敏','无','头晕乏力，偶有咳嗽','口服对症药物，观察一周','一周后复诊，如加重则提前就诊','{\"区\": \"历下\", \"市\": \"济南\", \"省\": \"山东\", \"detail\": \"学院路165号\"}',0,'陈亲属','13090000065','2023-06-15 00:00:00','2023-06-15 00:00:00'),(60466,20466,'110101198505011666','RH-','无特殊过敏','无','头晕乏力，偶有咳嗽','口服对症药物，观察一周','一周后复诊，如加重则提前就诊','{\"区\": \"历下\", \"市\": \"济南\", \"省\": \"山东\", \"detail\": \"学院路166号\"}',1,'杨亲属','13090000066','2023-06-15 00:00:00','2023-06-15 00:00:00'),(60467,20467,'110101198505011677','RH-','无特殊过敏','无','头晕乏力，偶有咳嗽','口服对症药物，观察一周','一周后复诊，如加重则提前就诊','{\"区\": \"历下\", \"市\": \"济南\", \"省\": \"山东\", \"detail\": \"学院路167号\"}',0,'黄亲属','13090000067','2023-06-15 00:00:00','2023-06-15 00:00:00'),(60468,20468,'110101198505011688','RH-','无特殊过敏','无','头晕乏力，偶有咳嗽','口服对症药物，观察一周','一周后复诊，如加重则提前就诊','{\"区\": \"历下\", \"市\": \"济南\", \"省\": \"山东\", \"detail\": \"学院路168号\"}',0,'吴亲属','13090000068','2023-06-15 00:00:00','2023-06-15 00:00:00'),(60469,20469,'110101198505011699','RH-','无特殊过敏','无','头晕乏力，偶有咳嗽','口服对症药物，观察一周','一周后复诊，如加重则提前就诊','{\"区\": \"历下\", \"市\": \"济南\", \"省\": \"山东\", \"detail\": \"学院路169号\"}',1,'周亲属','13090000069','2023-06-15 00:00:00','2023-06-15 00:00:00'),(60470,20470,'11010119850501170X','RH-','无特殊过敏','无','头晕乏力，偶有咳嗽','口服对症药物，观察一周','一周后复诊，如加重则提前就诊','{\"区\": \"历下\", \"市\": \"济南\", \"省\": \"山东\", \"detail\": \"学院路170号\"}',0,'张亲属','13090000070','2023-06-15 00:00:00','2023-06-15 00:00:00'),(60471,20471,'110101198505011711','RH-','无特殊过敏','无','头晕乏力，偶有咳嗽','口服对症药物，观察一周','一周后复诊，如加重则提前就诊','{\"区\": \"历下\", \"市\": \"济南\", \"省\": \"山东\", \"detail\": \"学院路171号\"}',0,'李亲属','13090000071','2023-06-15 00:00:00','2023-06-15 00:00:00'),(60472,20472,'110101198505011722','RH-','无特殊过敏','无','头晕乏力，偶有咳嗽','口服对症药物，观察一周','一周后复诊，如加重则提前就诊','{\"区\": \"历下\", \"市\": \"济南\", \"省\": \"山东\", \"detail\": \"学院路172号\"}',1,'王亲属','13090000072','2023-06-15 00:00:00','2023-06-15 00:00:00'),(60473,20473,'110101198505011733','RH-','无特殊过敏','无','头晕乏力，偶有咳嗽','口服对症药物，观察一周','一周后复诊，如加重则提前就诊','{\"区\": \"历下\", \"市\": \"济南\", \"省\": \"山东\", \"detail\": \"学院路173号\"}',0,'赵亲属','13090000073','2023-06-15 00:00:00','2023-06-15 00:00:00'),(60474,20474,'110101198505011744','RH-','无特殊过敏','无','头晕乏力，偶有咳嗽','口服对症药物，观察一周','一周后复诊，如加重则提前就诊','{\"区\": \"历下\", \"市\": \"济南\", \"省\": \"山东\", \"detail\": \"学院路174号\"}',0,'刘亲属','13090000074','2023-06-15 00:00:00','2023-06-15 00:00:00'),(60475,20475,'110101198505011755','RH-','无特殊过敏','无','头晕乏力，偶有咳嗽','口服对症药物，观察一周','一周后复诊，如加重则提前就诊','{\"区\": \"历下\", \"市\": \"济南\", \"省\": \"山东\", \"detail\": \"学院路175号\"}',1,'陈亲属','13090000075','2023-06-15 00:00:00','2023-06-15 00:00:00'),(60476,20476,'110101198505011766','RH-','无特殊过敏','无','头晕乏力，偶有咳嗽','口服对症药物，观察一周','一周后复诊，如加重则提前就诊','{\"区\": \"历下\", \"市\": \"济南\", \"省\": \"山东\", \"detail\": \"学院路176号\"}',0,'杨亲属','13090000076','2023-06-15 00:00:00','2023-06-15 00:00:00'),(60477,20477,'110101198505011777','RH-','无特殊过敏','无','头晕乏力，偶有咳嗽','口服对症药物，观察一周','一周后复诊，如加重则提前就诊','{\"区\": \"历下\", \"市\": \"济南\", \"省\": \"山东\", \"detail\": \"学院路177号\"}',0,'黄亲属','13090000077','2023-06-15 00:00:00','2023-06-15 00:00:00'),(60478,20478,'110101198505011788','RH-','无特殊过敏','无','头晕乏力，偶有咳嗽','口服对症药物，观察一周','一周后复诊，如加重则提前就诊','{\"区\": \"历下\", \"市\": \"济南\", \"省\": \"山东\", \"detail\": \"学院路178号\"}',1,'吴亲属','13090000078','2023-06-15 00:00:00','2023-06-15 00:00:00'),(60479,20479,'110101198505011799','RH-','无特殊过敏','无','头晕乏力，偶有咳嗽','口服对症药物，观察一周','一周后复诊，如加重则提前就诊','{\"区\": \"历下\", \"市\": \"济南\", \"省\": \"山东\", \"detail\": \"学院路179号\"}',0,'周亲属','13090000079','2023-06-15 00:00:00','2023-06-15 00:00:00'),(60480,20480,'11010119850501180X','RH-','无特殊过敏','无','头晕乏力，偶有咳嗽','口服对症药物，观察一周','一周后复诊，如加重则提前就诊','{\"区\": \"历下\", \"市\": \"济南\", \"省\": \"山东\", \"detail\": \"学院路180号\"}',0,'张亲属','13090000080','2023-06-15 00:00:00','2023-06-15 00:00:00'),(60481,20481,'110101198505011811','RH-','无特殊过敏','无','头晕乏力，偶有咳嗽','口服对症药物，观察一周','一周后复诊，如加重则提前就诊','{\"区\": \"历下\", \"市\": \"济南\", \"省\": \"山东\", \"detail\": \"学院路181号\"}',1,'李亲属','13090000081','2023-06-15 00:00:00','2023-06-15 00:00:00'),(60482,20482,'110101198505011822','RH-','无特殊过敏','无','头晕乏力，偶有咳嗽','口服对症药物，观察一周','一周后复诊，如加重则提前就诊','{\"区\": \"历下\", \"市\": \"济南\", \"省\": \"山东\", \"detail\": \"学院路182号\"}',0,'王亲属','13090000082','2023-06-15 00:00:00','2023-06-15 00:00:00'),(60483,20483,'110101198505011833','RH-','无特殊过敏','无','头晕乏力，偶有咳嗽','口服对症药物，观察一周','一周后复诊，如加重则提前就诊','{\"区\": \"历下\", \"市\": \"济南\", \"省\": \"山东\", \"detail\": \"学院路183号\"}',0,'赵亲属','13090000083','2023-06-15 00:00:00','2023-06-15 00:00:00'),(60484,20484,'110101198505011844','RH-','无特殊过敏','无','头晕乏力，偶有咳嗽','口服对症药物，观察一周','一周后复诊，如加重则提前就诊','{\"区\": \"历下\", \"市\": \"济南\", \"省\": \"山东\", \"detail\": \"学院路184号\"}',1,'刘亲属','13090000084','2023-06-15 00:00:00','2023-06-15 00:00:00'),(60485,20485,'110101198505011855','RH-','无特殊过敏','无','头晕乏力，偶有咳嗽','口服对症药物，观察一周','一周后复诊，如加重则提前就诊','{\"区\": \"历下\", \"市\": \"济南\", \"省\": \"山东\", \"detail\": \"学院路185号\"}',0,'陈亲属','13090000085','2023-06-15 00:00:00','2023-06-15 00:00:00'),(60486,20486,'110101198505011866','RH-','无特殊过敏','无','头晕乏力，偶有咳嗽','口服对症药物，观察一周','一周后复诊，如加重则提前就诊','{\"区\": \"历下\", \"市\": \"济南\", \"省\": \"山东\", \"detail\": \"学院路186号\"}',0,'杨亲属','13090000086','2023-06-15 00:00:00','2023-06-15 00:00:00'),(60487,20487,'110101198505011877','RH-','无特殊过敏','无','头晕乏力，偶有咳嗽','口服对症药物，观察一周','一周后复诊，如加重则提前就诊','{\"区\": \"历下\", \"市\": \"济南\", \"省\": \"山东\", \"detail\": \"学院路187号\"}',1,'黄亲属','13090000087','2023-06-15 00:00:00','2023-06-15 00:00:00'),(60488,20488,'110101198505011888','RH-','无特殊过敏','无','头晕乏力，偶有咳嗽','口服对症药物，观察一周','一周后复诊，如加重则提前就诊','{\"区\": \"历下\", \"市\": \"济南\", \"省\": \"山东\", \"detail\": \"学院路188号\"}',0,'吴亲属','13090000088','2023-06-15 00:00:00','2023-06-15 00:00:00'),(60489,20489,'110101198505011899','RH-','无特殊过敏','无','头晕乏力，偶有咳嗽','口服对症药物，观察一周','一周后复诊，如加重则提前就诊','{\"区\": \"历下\", \"市\": \"济南\", \"省\": \"山东\", \"detail\": \"学院路189号\"}',0,'周亲属','13090000089','2023-06-15 00:00:00','2023-06-15 00:00:00'),(60490,20490,'11010119850501190X','RH-','无特殊过敏','无','头晕乏力，偶有咳嗽','口服对症药物，观察一周','一周后复诊，如加重则提前就诊','{\"区\": \"历下\", \"市\": \"济南\", \"省\": \"山东\", \"detail\": \"学院路190号\"}',1,'张亲属','13090000090','2023-06-15 00:00:00','2023-06-15 00:00:00'),(60491,20491,'110101198505011911','RH-','无特殊过敏','无','头晕乏力，偶有咳嗽','口服对症药物，观察一周','一周后复诊，如加重则提前就诊','{\"区\": \"历下\", \"市\": \"济南\", \"省\": \"山东\", \"detail\": \"学院路191号\"}',0,'李亲属','13090000091','2023-06-15 00:00:00','2023-06-15 00:00:00'),(60492,20492,'110101198505011922','RH-','无特殊过敏','无','头晕乏力，偶有咳嗽','口服对症药物，观察一周','一周后复诊，如加重则提前就诊','{\"区\": \"历下\", \"市\": \"济南\", \"省\": \"山东\", \"detail\": \"学院路192号\"}',0,'王亲属','13090000092','2023-06-15 00:00:00','2023-06-15 00:00:00'),(60493,20493,'110101198505011933','RH-','无特殊过敏','无','头晕乏力，偶有咳嗽','口服对症药物，观察一周','一周后复诊，如加重则提前就诊','{\"区\": \"历下\", \"市\": \"济南\", \"省\": \"山东\", \"detail\": \"学院路193号\"}',1,'赵亲属','13090000093','2023-06-15 00:00:00','2023-06-15 00:00:00'),(60494,20494,'110101198505011944','RH-','无特殊过敏','无','头晕乏力，偶有咳嗽','口服对症药物，观察一周','一周后复诊，如加重则提前就诊','{\"区\": \"历下\", \"市\": \"济南\", \"省\": \"山东\", \"detail\": \"学院路194号\"}',0,'刘亲属','13090000094','2023-06-15 00:00:00','2023-06-15 00:00:00'),(60495,20495,'110101198505011955','RH-','无特殊过敏','无','头晕乏力，偶有咳嗽','口服对症药物，观察一周','一周后复诊，如加重则提前就诊','{\"区\": \"历下\", \"市\": \"济南\", \"省\": \"山东\", \"detail\": \"学院路195号\"}',0,'陈亲属','13090000095','2023-05-15 00:00:00','2025-10-18 15:28:00'),(60496,20496,'110101198505011966','RH-','无特殊过敏','无','头晕乏力，偶有咳嗽','口服对症药物，观察一周','一周后复诊，如加重则提前就诊','{\"区\": \"历下\", \"市\": \"济南\", \"省\": \"山东\", \"detail\": \"学院路196号\"}',1,'杨亲属','13090000096','2023-06-15 00:00:00','2023-06-15 00:00:00'),(60497,20497,'110101198505011977','RH-','无特殊过敏','无','头晕乏力，偶有咳嗽','口服对症药物，观察一周','一周后复诊，如加重则提前就诊','{\"区\": \"历下\", \"市\": \"济南\", \"省\": \"山东\", \"detail\": \"学院路197号\"}',0,'黄亲属','13090000097','2023-06-15 00:00:00','2023-06-15 00:00:00'),(60498,20498,'110101198505011988','RH-','无特殊过敏','无','头晕乏力，偶有咳嗽','口服对症药物，观察一周','一周后复诊，如加重则提前就诊','{\"区\": \"历下\", \"市\": \"济南\", \"省\": \"山东\", \"detail\": \"学院路198号\"}',0,'吴亲属','13090000098','2023-06-15 00:00:00','2023-06-15 00:00:00'),(60499,20499,'110101198505011999','RH-','无特殊过敏','无','头晕乏力，偶有咳嗽','口服对症药物，观察一周','一周后复诊，如加重则提前就诊','{\"区\": \"历下\", \"市\": \"济南\", \"省\": \"山东\", \"detail\": \"学院路199号\"}',1,'周亲属','13090000099','2023-06-15 00:00:00','2023-06-15 00:00:00'),(60500,20500,'11010119850501200X','RH-','无特殊过敏','无','头晕乏力，偶有咳嗽','口服对症药物，观察一周','一周后复诊，如加重则提前就诊','{\"区\": \"历下\", \"市\": \"济南\", \"省\": \"山东\", \"detail\": \"学院路200号\"}',0,'张亲属','13090000100','2023-06-15 00:00:00','2023-06-15 00:00:00');
/*!40000 ALTER TABLE `user_profiles` ENABLE KEYS */;
UNLOCK TABLES;

--
-- Table structure for table `users`
--

DROP TABLE IF EXISTS `users`;
/*!40101 SET @saved_cs_client     = @@character_set_client */;
/*!50503 SET character_set_client = utf8mb4 */;
CREATE TABLE `users` (
  `id` bigint NOT NULL COMMENT '主键，雪花 ID，全局唯一',
  `username` varchar(32) NOT NULL COMMENT '登录账号，业务唯一',
  `password_hash` char(60) NOT NULL COMMENT 'bcrypt/argon2 哈希，固定 60 位',
  `avatar_url` varchar(255) DEFAULT NULL COMMENT '头像 CDN 地址，列表页直接露出',
  `real_name` varchar(32) NOT NULL COMMENT '真实姓名',
  `role` tinyint NOT NULL COMMENT '身份：0 管理员 1 医生 2 患者',
  `phone` varchar(16) NOT NULL COMMENT '手机号，业务唯一',
  `email` varchar(64) DEFAULT NULL COMMENT '邮箱，可空，找回密码用',
  `gender` char(1) DEFAULT NULL COMMENT '性别 M 男 F 女 O 其他',
  `status` tinyint DEFAULT '0' COMMENT '账号状态：0 正常 1 锁定 2 未激活 3 已注销',
  `birth_date` date DEFAULT NULL COMMENT '出生日期，计算年龄',
  `is_deleted` tinyint DEFAULT '0' COMMENT '逻辑删除 0 正常 1 已删',
  `created_at` datetime DEFAULT CURRENT_TIMESTAMP COMMENT '创建时间',
  `updated_at` datetime DEFAULT CURRENT_TIMESTAMP ON UPDATE CURRENT_TIMESTAMP COMMENT '更新时间',
  PRIMARY KEY (`id`),
  UNIQUE KEY `uk_username` (`username`),
  UNIQUE KEY `uk_phone` (`phone`),
  KEY `idx_role` (`role`),
  KEY `idx_status` (`status`)
) ENGINE=InnoDB DEFAULT CHARSET=utf8mb4 COLLATE=utf8mb4_0900_ai_ci COMMENT='统一用户表，单表区分多角色';
/*!40101 SET character_set_client = @saved_cs_client */;

--
-- Dumping data for table `users`
--

LOCK TABLES `users` WRITE;
/*!40000 ALTER TABLE `users` DISABLE KEYS */;
INSERT INTO `users` VALUES (1,'admin_001','$2b$10$7EqJtq98hPqEX7fNZaFWoOhi5g6Y8FDeihh5Z8SGvtQvECOHqWJ/S','https://cdn.demo.com/avatar/1.png','张伟',0,'13900000001','admin_001@demo.com','F',0,'1980-01-01',0,'2023-01-01 00:00:00','2023-01-01 00:00:00'),(2,'admin_002','$2b$10$7EqJtq98hPqEX7fNZaFWoOhi5g6Y8FDeihh5Z8SGvtQvECOHqWJ/S','https://cdn.demo.com/avatar/2.png','李芳',0,'13900000002','admin_002@demo.com','M',0,'1980-01-02',0,'2023-01-02 00:00:00','2023-01-02 00:00:00'),(3,'admin_003','$2b$10$7EqJtq98hPqEX7fNZaFWoOhi5g6Y8FDeihh5Z8SGvtQvECOHqWJ/S','https://cdn.demo.com/avatar/3.png','王娜',0,'13900000003','admin_003@demo.com','F',0,'1980-01-03',0,'2023-01-03 00:00:00','2023-01-03 00:00:00'),(4,'admin_004','$2b$10$7EqJtq98hPqEX7fNZaFWoOhi5g6Y8FDeihh5Z8SGvtQvECOHqWJ/S','https://cdn.demo.com/avatar/4.png','赵敏',0,'13900000004','admin_004@demo.com','M',0,'1980-01-04',0,'2023-01-04 00:00:00','2023-01-04 00:00:00'),(5,'admin_005','$2b$10$7EqJtq98hPqEX7fNZaFWoOhi5g6Y8FDeihh5Z8SGvtQvECOHqWJ/S','https://cdn.demo.com/avatar/5.png','刘静',0,'13900000005','admin_005@demo.com','F',0,'1980-01-05',0,'2023-01-05 00:00:00','2023-01-05 00:00:00'),(6,'admin_006','$2b$10$7EqJtq98hPqEX7fNZaFWoOhi5g6Y8FDeihh5Z8SGvtQvECOHqWJ/S','https://cdn.demo.com/avatar/6.png','陈军',0,'13900000006','admin_006@demo.com','M',0,'1980-01-06',0,'2023-01-06 00:00:00','2023-01-06 00:00:00'),(7,'admin_007','$2b$10$7EqJtq98hPqEX7fNZaFWoOhi5g6Y8FDeihh5Z8SGvtQvECOHqWJ/S','https://cdn.demo.com/avatar/7.png','杨磊',0,'13900000007','admin_007@demo.com','F',0,'1980-01-07',0,'2023-01-07 00:00:00','2023-01-07 00:00:00'),(8,'admin_008','$2b$10$7EqJtq98hPqEX7fNZaFWoOhi5g6Y8FDeihh5Z8SGvtQvECOHqWJ/S','https://cdn.demo.com/avatar/8.png','黄艳',0,'13900000008','admin_008@demo.com','M',0,'1980-01-08',0,'2023-01-08 00:00:00','2023-01-08 00:00:00'),(9,'admin_009','$2b$10$7EqJtq98hPqEX7fNZaFWoOhi5g6Y8FDeihh5Z8SGvtQvECOHqWJ/S','https://cdn.demo.com/avatar/9.png','吴涛',0,'13900000009','admin_009@demo.com','F',0,'1980-01-09',0,'2023-01-09 00:00:00','2023-01-09 00:00:00'),(10,'admin_010','$2b$10$7EqJtq98hPqEX7fNZaFWoOhi5g6Y8FDeihh5Z8SGvtQvECOHqWJ/S','https://cdn.demo.com/avatar/10.png','周杰',0,'13900000010','admin_010@demo.com','M',0,'1980-01-10',0,'2023-01-10 00:00:00','2023-01-10 00:00:00'),(1001,'doc_001','$2b$10$7EqJtq98hPqEX7fNZaFWoOhi5g6Y8FDeihh5Z8SGvtQvECOHqWJ/S','https://cdn.demo.com/avatar/1001.png','张伟',1,'13700000001','doc_001@demo.com','F',0,'1978-02-01',0,'2023-02-01 00:00:00','2023-02-01 00:00:00'),(1002,'doc_002','$2b$10$7EqJtq98hPqEX7fNZaFWoOhi5g6Y8FDeihh5Z8SGvtQvECOHqWJ/S','https://cdn.demo.com/avatar/1002.png','李芳',1,'13700000002','doc_002@demo.com','M',0,'1978-02-02',0,'2023-02-02 00:00:00','2023-02-02 00:00:00'),(1003,'doc_003','$2b$10$7EqJtq98hPqEX7fNZaFWoOhi5g6Y8FDeihh5Z8SGvtQvECOHqWJ/S','https://cdn.demo.com/avatar/1003.png','王娜',1,'13700000003','doc_003@demo.com','F',0,'1978-02-03',0,'2023-02-03 00:00:00','2025-10-18 13:49:36'),(1004,'doc_004','$2b$10$7EqJtq98hPqEX7fNZaFWoOhi5g6Y8FDeihh5Z8SGvtQvECOHqWJ/S','https://cdn.demo.com/avatar/1004.png','赵敏',1,'13700000004','doc_004@demo.com','M',1,'1978-02-04',0,'2023-02-04 00:00:00','2025-10-18 13:49:44'),(1005,'doc_005','$2b$10$7EqJtq98hPqEX7fNZaFWoOhi5g6Y8FDeihh5Z8SGvtQvECOHqWJ/S','https://cdn.demo.com/avatar/1005.png','刘静',1,'13700000005','doc_005@demo.com','F',1,'1978-02-05',0,'2023-02-05 00:00:00','2025-10-18 13:49:44'),(1006,'doc_006','$2b$10$7EqJtq98hPqEX7fNZaFWoOhi5g6Y8FDeihh5Z8SGvtQvECOHqWJ/S','https://cdn.demo.com/avatar/1006.png','陈军',1,'13700000006','doc_006@demo.com','M',1,'1978-02-06',0,'2023-02-06 00:00:00','2025-10-18 13:49:44'),(1007,'doc_007','$2b$10$7EqJtq98hPqEX7fNZaFWoOhi5g6Y8FDeihh5Z8SGvtQvECOHqWJ/S','https://cdn.demo.com/avatar/1007.png','杨磊',1,'13700000007','doc_007@demo.com','F',1,'1978-02-07',0,'2023-02-07 00:00:00','2025-10-18 13:49:44'),(1008,'doc_008','$2b$10$7EqJtq98hPqEX7fNZaFWoOhi5g6Y8FDeihh5Z8SGvtQvECOHqWJ/S','https://cdn.demo.com/avatar/1008.png','黄艳',1,'13700000008','doc_008@demo.com','M',1,'1978-02-08',0,'2023-02-08 00:00:00','2025-10-18 13:49:44'),(1009,'doc_009','$2b$10$7EqJtq98hPqEX7fNZaFWoOhi5g6Y8FDeihh5Z8SGvtQvECOHqWJ/S','https://cdn.demo.com/avatar/1009.png','吴涛',1,'13700000009','doc_009@demo.com','F',1,'1978-02-09',0,'2023-02-09 00:00:00','2025-10-18 13:49:44'),(1010,'doc_010','$2b$10$7EqJtq98hPqEX7fNZaFWoOhi5g6Y8FDeihh5Z8SGvtQvECOHqWJ/S','https://cdn.demo.com/avatar/1010.png','周杰',1,'13700000010','doc_010@demo.com','M',0,'1978-02-10',0,'2023-02-10 00:00:00','2025-10-18 13:49:36'),(1011,'doc_011','$2b$10$7EqJtq98hPqEX7fNZaFWoOhi5g6Y8FDeihh5Z8SGvtQvECOHqWJ/S','https://cdn.demo.com/avatar/1011.png','张伟',1,'13700000011','doc_011@demo.com','F',2,'1978-02-11',0,'2023-02-11 00:00:00','2025-10-18 13:49:44'),(1012,'doc_012','$2b$10$7EqJtq98hPqEX7fNZaFWoOhi5g6Y8FDeihh5Z8SGvtQvECOHqWJ/S','https://cdn.demo.com/avatar/1012.png','李芳',1,'13700000012','doc_012@demo.com','M',2,'1978-02-12',0,'2023-02-12 00:00:00','2025-10-18 13:49:44'),(1013,'doc_013','$2b$10$7EqJtq98hPqEX7fNZaFWoOhi5g6Y8FDeihh5Z8SGvtQvECOHqWJ/S','https://cdn.demo.com/avatar/1013.png','王娜',1,'13700000013','doc_013@demo.com','F',2,'1978-02-13',0,'2023-02-13 00:00:00','2025-10-18 13:49:44'),(1014,'doc_014','$2b$10$7EqJtq98hPqEX7fNZaFWoOhi5g6Y8FDeihh5Z8SGvtQvECOHqWJ/S','https://cdn.demo.com/avatar/1014.png','赵敏',1,'13700000014','doc_014@demo.com','M',2,'1978-02-14',0,'2023-02-14 00:00:00','2025-10-18 13:49:44'),(1015,'doc_015','$2b$10$7EqJtq98hPqEX7fNZaFWoOhi5g6Y8FDeihh5Z8SGvtQvECOHqWJ/S','https://cdn.demo.com/avatar/1015.png','刘静',1,'13700000015','doc_015@demo.com','F',0,'1978-02-15',0,'2023-02-15 00:00:00','2023-02-15 00:00:00'),(1016,'doc_016','$2b$10$7EqJtq98hPqEX7fNZaFWoOhi5g6Y8FDeihh5Z8SGvtQvECOHqWJ/S','https://cdn.demo.com/avatar/1016.png','陈军',1,'13700000016','doc_016@demo.com','M',0,'1978-02-16',0,'2023-02-16 00:00:00','2023-02-16 00:00:00'),(1017,'doc_017','$2b$10$7EqJtq98hPqEX7fNZaFWoOhi5g6Y8FDeihh5Z8SGvtQvECOHqWJ/S','https://cdn.demo.com/avatar/1017.png','杨磊',1,'13700000017','doc_017@demo.com','F',0,'1978-02-17',0,'2023-02-17 00:00:00','2023-02-17 00:00:00'),(1018,'doc_018','$2b$10$7EqJtq98hPqEX7fNZaFWoOhi5g6Y8FDeihh5Z8SGvtQvECOHqWJ/S','https://cdn.demo.com/avatar/1018.png','黄艳',1,'13700000018','doc_018@demo.com','M',0,'1978-02-18',0,'2023-02-18 00:00:00','2023-02-18 00:00:00'),(1019,'doc_019','$2b$10$7EqJtq98hPqEX7fNZaFWoOhi5g6Y8FDeihh5Z8SGvtQvECOHqWJ/S','https://cdn.demo.com/avatar/1019.png','吴涛',1,'13700000019','doc_019@demo.com','F',0,'1978-02-19',0,'2023-02-19 00:00:00','2023-02-19 00:00:00'),(1020,'doc_020','$2b$10$7EqJtq98hPqEX7fNZaFWoOhi5g6Y8FDeihh5Z8SGvtQvECOHqWJ/S','https://cdn.demo.com/avatar/1020.png','周杰',1,'13700000020','doc_020@demo.com','M',0,'1978-02-20',0,'2023-02-20 00:00:00','2023-02-20 00:00:00'),(1021,'doc_021','$2b$10$7EqJtq98hPqEX7fNZaFWoOhi5g6Y8FDeihh5Z8SGvtQvECOHqWJ/S','https://cdn.demo.com/avatar/1021.png','张伟',1,'13700000021','doc_021@demo.com','F',0,'1978-02-21',0,'2023-02-21 00:00:00','2023-02-21 00:00:00'),(1022,'doc_022','$2b$10$7EqJtq98hPqEX7fNZaFWoOhi5g6Y8FDeihh5Z8SGvtQvECOHqWJ/S','https://cdn.demo.com/avatar/1022.png','李芳',1,'13700000022','doc_022@demo.com','M',0,'1978-02-22',0,'2023-02-22 00:00:00','2023-02-22 00:00:00'),(1023,'doc_023','$2b$10$7EqJtq98hPqEX7fNZaFWoOhi5g6Y8FDeihh5Z8SGvtQvECOHqWJ/S','https://cdn.demo.com/avatar/1023.png','王娜',1,'13700000023','doc_023@demo.com','F',0,'1978-02-23',0,'2023-02-23 00:00:00','2023-02-23 00:00:00'),(1024,'doc_024','$2b$10$7EqJtq98hPqEX7fNZaFWoOhi5g6Y8FDeihh5Z8SGvtQvECOHqWJ/S','https://cdn.demo.com/avatar/1024.png','赵敏',1,'13700000024','doc_024@demo.com','M',0,'1978-02-24',0,'2023-02-24 00:00:00','2023-02-24 00:00:00'),(1025,'doc_025','$2b$10$7EqJtq98hPqEX7fNZaFWoOhi5g6Y8FDeihh5Z8SGvtQvECOHqWJ/S','https://cdn.demo.com/avatar/1025.png','刘静',1,'13700000025','doc_025@demo.com','F',0,'1978-02-25',0,'2023-02-25 00:00:00','2023-02-25 00:00:00'),(1026,'doc_026','$2b$10$7EqJtq98hPqEX7fNZaFWoOhi5g6Y8FDeihh5Z8SGvtQvECOHqWJ/S','https://cdn.demo.com/avatar/1026.png','陈军',1,'13700000026','doc_026@demo.com','M',0,'1978-02-26',0,'2023-02-26 00:00:00','2023-02-26 00:00:00'),(1027,'doc_027','$2b$10$7EqJtq98hPqEX7fNZaFWoOhi5g6Y8FDeihh5Z8SGvtQvECOHqWJ/S','https://cdn.demo.com/avatar/1027.png','杨磊',1,'13700000027','doc_027@demo.com','F',0,'1978-02-27',0,'2023-02-27 00:00:00','2023-02-27 00:00:00'),(1028,'doc_028','$2b$10$7EqJtq98hPqEX7fNZaFWoOhi5g6Y8FDeihh5Z8SGvtQvECOHqWJ/S','https://cdn.demo.com/avatar/1028.png','黄艳',1,'13700000028','doc_028@demo.com','M',0,'1978-02-28',0,'2023-02-28 00:00:00','2023-02-28 00:00:00'),(1029,'doc_029','$2b$10$7EqJtq98hPqEX7fNZaFWoOhi5g6Y8FDeihh5Z8SGvtQvECOHqWJ/S','https://cdn.demo.com/avatar/1029.png','吴涛',1,'13700000029','doc_029@demo.com','F',0,'1978-02-01',0,'2023-02-01 00:00:00','2023-02-01 00:00:00'),(1030,'doc_030','$2b$10$7EqJtq98hPqEX7fNZaFWoOhi5g6Y8FDeihh5Z8SGvtQvECOHqWJ/S','https://cdn.demo.com/avatar/1030.png','周杰',1,'13700000030','doc_030@demo.com','M',0,'1978-02-02',0,'2023-02-02 00:00:00','2023-02-02 00:00:00'),(1031,'doc_031','$2b$10$7EqJtq98hPqEX7fNZaFWoOhi5g6Y8FDeihh5Z8SGvtQvECOHqWJ/S','https://cdn.demo.com/avatar/1031.png','张伟',1,'13700000031','doc_031@demo.com','F',0,'1978-02-03',0,'2023-02-03 00:00:00','2023-02-03 00:00:00'),(1032,'doc_032','$2b$10$7EqJtq98hPqEX7fNZaFWoOhi5g6Y8FDeihh5Z8SGvtQvECOHqWJ/S','https://cdn.demo.com/avatar/1032.png','李芳',1,'13700000032','doc_032@demo.com','M',0,'1978-02-04',0,'2023-02-04 00:00:00','2023-02-04 00:00:00'),(1033,'doc_033','$2b$10$7EqJtq98hPqEX7fNZaFWoOhi5g6Y8FDeihh5Z8SGvtQvECOHqWJ/S','https://cdn.demo.com/avatar/1033.png','王娜',1,'13700000033','doc_033@demo.com','F',0,'1978-02-05',0,'2023-02-05 00:00:00','2023-02-05 00:00:00'),(1034,'doc_034','$2b$10$7EqJtq98hPqEX7fNZaFWoOhi5g6Y8FDeihh5Z8SGvtQvECOHqWJ/S','https://cdn.demo.com/avatar/1034.png','赵敏',1,'13700000034','doc_034@demo.com','M',0,'1978-02-06',0,'2023-02-06 00:00:00','2023-02-06 00:00:00'),(1035,'doc_035','$2b$10$7EqJtq98hPqEX7fNZaFWoOhi5g6Y8FDeihh5Z8SGvtQvECOHqWJ/S','https://cdn.demo.com/avatar/1035.png','刘静',1,'13700000035','doc_035@demo.com','F',0,'1978-02-07',0,'2023-02-07 00:00:00','2023-02-07 00:00:00'),(1036,'doc_036','$2b$10$7EqJtq98hPqEX7fNZaFWoOhi5g6Y8FDeihh5Z8SGvtQvECOHqWJ/S','https://cdn.demo.com/avatar/1036.png','陈军',1,'13700000036','doc_036@demo.com','M',0,'1978-02-08',0,'2023-02-08 00:00:00','2023-02-08 00:00:00'),(1037,'doc_037','$2b$10$7EqJtq98hPqEX7fNZaFWoOhi5g6Y8FDeihh5Z8SGvtQvECOHqWJ/S','https://cdn.demo.com/avatar/1037.png','杨磊',1,'13700000037','doc_037@demo.com','F',0,'1978-02-09',0,'2023-02-09 00:00:00','2023-02-09 00:00:00'),(1038,'doc_038','$2b$10$7EqJtq98hPqEX7fNZaFWoOhi5g6Y8FDeihh5Z8SGvtQvECOHqWJ/S','https://cdn.demo.com/avatar/1038.png','黄艳',1,'13700000038','doc_038@demo.com','M',0,'1978-02-10',0,'2023-02-10 00:00:00','2023-02-10 00:00:00'),(1039,'doc_039','$2b$10$7EqJtq98hPqEX7fNZaFWoOhi5g6Y8FDeihh5Z8SGvtQvECOHqWJ/S','https://cdn.demo.com/avatar/1039.png','吴涛',1,'13700000039','doc_039@demo.com','F',0,'1978-02-11',0,'2023-02-11 00:00:00','2023-02-11 00:00:00'),(1040,'doc_040','$2b$10$7EqJtq98hPqEX7fNZaFWoOhi5g6Y8FDeihh5Z8SGvtQvECOHqWJ/S','https://cdn.demo.com/avatar/1040.png','周杰',1,'13700000040','doc_040@demo.com','M',0,'1978-02-12',0,'2023-02-12 00:00:00','2023-02-12 00:00:00'),(1041,'doc_041','$2b$10$7EqJtq98hPqEX7fNZaFWoOhi5g6Y8FDeihh5Z8SGvtQvECOHqWJ/S','https://cdn.demo.com/avatar/1041.png','张伟',1,'13700000041','doc_041@demo.com','F',0,'1978-02-13',0,'2023-02-13 00:00:00','2023-02-13 00:00:00'),(1042,'doc_042','$2b$10$7EqJtq98hPqEX7fNZaFWoOhi5g6Y8FDeihh5Z8SGvtQvECOHqWJ/S','https://cdn.demo.com/avatar/1042.png','李芳',1,'13700000042','doc_042@demo.com','M',0,'1978-02-14',0,'2023-02-14 00:00:00','2023-02-14 00:00:00'),(1043,'doc_043','$2b$10$7EqJtq98hPqEX7fNZaFWoOhi5g6Y8FDeihh5Z8SGvtQvECOHqWJ/S','https://cdn.demo.com/avatar/1043.png','王娜',1,'13700000043','doc_043@demo.com','F',0,'1978-02-15',0,'2023-02-15 00:00:00','2023-02-15 00:00:00'),(1044,'doc_044','$2b$10$7EqJtq98hPqEX7fNZaFWoOhi5g6Y8FDeihh5Z8SGvtQvECOHqWJ/S','https://cdn.demo.com/avatar/1044.png','赵敏',1,'13700000044','doc_044@demo.com','M',0,'1978-02-16',0,'2023-02-16 00:00:00','2023-02-16 00:00:00'),(1045,'doc_045','$2b$10$7EqJtq98hPqEX7fNZaFWoOhi5g6Y8FDeihh5Z8SGvtQvECOHqWJ/S','https://cdn.demo.com/avatar/1045.png','刘静',1,'13700000045','doc_045@demo.com','F',0,'1978-02-17',0,'2023-02-17 00:00:00','2023-02-17 00:00:00'),(1046,'doc_046','$2b$10$7EqJtq98hPqEX7fNZaFWoOhi5g6Y8FDeihh5Z8SGvtQvECOHqWJ/S','https://cdn.demo.com/avatar/1046.png','陈军',1,'13700000046','doc_046@demo.com','M',0,'1978-02-18',0,'2023-02-18 00:00:00','2023-02-18 00:00:00'),(1047,'doc_047','$2b$10$7EqJtq98hPqEX7fNZaFWoOhi5g6Y8FDeihh5Z8SGvtQvECOHqWJ/S','https://cdn.demo.com/avatar/1047.png','杨磊',1,'13700000047','doc_047@demo.com','F',0,'1978-02-19',0,'2023-02-19 00:00:00','2023-02-19 00:00:00'),(1048,'doc_048','$2b$10$7EqJtq98hPqEX7fNZaFWoOhi5g6Y8FDeihh5Z8SGvtQvECOHqWJ/S','https://cdn.demo.com/avatar/1048.png','黄艳',1,'13700000048','doc_048@demo.com','M',0,'1978-02-20',0,'2023-02-20 00:00:00','2023-02-20 00:00:00'),(1049,'doc_049','$2b$10$7EqJtq98hPqEX7fNZaFWoOhi5g6Y8FDeihh5Z8SGvtQvECOHqWJ/S','https://cdn.demo.com/avatar/1049.png','吴涛',1,'13700000049','doc_049@demo.com','F',0,'1978-02-21',0,'2023-02-21 00:00:00','2023-02-21 00:00:00'),(1050,'doc_050','$2b$10$7EqJtq98hPqEX7fNZaFWoOhi5g6Y8FDeihh5Z8SGvtQvECOHqWJ/S','https://cdn.demo.com/avatar/1050.png','周杰',1,'13700000050','doc_050@demo.com','M',0,'1978-02-22',0,'2023-02-22 00:00:00','2023-02-22 00:00:00'),(20001,'user_0001','$2b$10$7EqJtq98hPqEX7fNZaFWoOhi5g6Y8FDeihh5Z8SGvtQvECOHqWJ/S','https://cdn.demo.com/avatar/20001.png','张伟',2,'15100000001','user_0001@demo.com','F',0,'1990-01-01',0,'2023-06-01 00:00:00','2023-06-01 00:00:00'),(20002,'user_0002','$2b$10$7EqJtq98hPqEX7fNZaFWoOhi5g6Y8FDeihh5Z8SGvtQvECOHqWJ/S','https://cdn.demo.com/avatar/20002.png','李芳',2,'15100000002','user_0002@demo.com','M',0,'1990-01-02',0,'2023-06-01 00:00:00','2023-06-01 00:00:00'),(20003,'user_0003','$2b$10$7EqJtq98hPqEX7fNZaFWoOhi5g6Y8FDeihh5Z8SGvtQvECOHqWJ/S','https://cdn.demo.com/avatar/20003.png','王娜',2,'15100000003','user_0003@demo.com','F',0,'1990-01-03',0,'2023-06-01 00:00:00','2023-06-01 00:00:00'),(20004,'user_0004','$2b$10$7EqJtq98hPqEX7fNZaFWoOhi5g6Y8FDeihh5Z8SGvtQvECOHqWJ/S','https://cdn.demo.com/avatar/20004.png','赵敏',2,'15100000004','user_0004@demo.com','M',0,'1990-01-04',0,'2023-06-01 00:00:00','2023-06-01 00:00:00'),(20005,'user_0005','$2b$10$7EqJtq98hPqEX7fNZaFWoOhi5g6Y8FDeihh5Z8SGvtQvECOHqWJ/S','https://cdn.demo.com/avatar/20005.png','刘静',2,'15100000005','user_0005@demo.com','F',0,'1990-01-05',0,'2023-06-01 00:00:00','2023-06-01 00:00:00'),(20006,'user_0006','$2b$10$7EqJtq98hPqEX7fNZaFWoOhi5g6Y8FDeihh5Z8SGvtQvECOHqWJ/S','https://cdn.demo.com/avatar/20006.png','陈军',2,'15100000006','user_0006@demo.com','M',0,'1990-01-06',0,'2023-06-01 00:00:00','2023-06-01 00:00:00'),(20007,'user_0007','$2b$10$7EqJtq98hPqEX7fNZaFWoOhi5g6Y8FDeihh5Z8SGvtQvECOHqWJ/S','https://cdn.demo.com/avatar/20007.png','杨磊',2,'15100000007','user_0007@demo.com','F',0,'1990-01-07',0,'2023-06-01 00:00:00','2023-06-01 00:00:00'),(20008,'user_0008','$2b$10$7EqJtq98hPqEX7fNZaFWoOhi5g6Y8FDeihh5Z8SGvtQvECOHqWJ/S','https://cdn.demo.com/avatar/20008.png','黄艳',2,'15100000008','user_0008@demo.com','M',0,'1990-01-08',0,'2023-06-01 00:00:00','2023-06-01 00:00:00'),(20009,'user_0009','$2b$10$7EqJtq98hPqEX7fNZaFWoOhi5g6Y8FDeihh5Z8SGvtQvECOHqWJ/S','https://cdn.demo.com/avatar/20009.png','吴涛',2,'15100000009','user_0009@demo.com','F',0,'1990-01-09',0,'2023-06-01 00:00:00','2023-06-01 00:00:00'),(20010,'user_0010','$2b$10$7EqJtq98hPqEX7fNZaFWoOhi5g6Y8FDeihh5Z8SGvtQvECOHqWJ/S','https://cdn.demo.com/avatar/20010.png','周杰',2,'15100000010','user_0010@demo.com','M',0,'1990-01-10',0,'2023-06-01 00:00:00','2023-06-01 00:00:00'),(20011,'user_0011','$2b$10$7EqJtq98hPqEX7fNZaFWoOhi5g6Y8FDeihh5Z8SGvtQvECOHqWJ/S','https://cdn.demo.com/avatar/20011.png','张伟',2,'15100000011','user_0011@demo.com','F',0,'1990-01-11',0,'2023-06-01 00:00:00','2023-06-01 00:00:00'),(20012,'user_0012','$2b$10$7EqJtq98hPqEX7fNZaFWoOhi5g6Y8FDeihh5Z8SGvtQvECOHqWJ/S','https://cdn.demo.com/avatar/20012.png','李芳',2,'15100000012','user_0012@demo.com','M',0,'1990-01-12',0,'2023-06-01 00:00:00','2023-06-01 00:00:00'),(20013,'user_0013','$2b$10$7EqJtq98hPqEX7fNZaFWoOhi5g6Y8FDeihh5Z8SGvtQvECOHqWJ/S','https://cdn.demo.com/avatar/20013.png','王娜',2,'15100000013','user_0013@demo.com','F',0,'1990-01-13',0,'2023-06-01 00:00:00','2023-06-01 00:00:00'),(20014,'user_0014','$2b$10$7EqJtq98hPqEX7fNZaFWoOhi5g6Y8FDeihh5Z8SGvtQvECOHqWJ/S','https://cdn.demo.com/avatar/20014.png','赵敏',2,'15100000014','user_0014@demo.com','M',0,'1990-01-14',0,'2023-06-01 00:00:00','2023-06-01 00:00:00'),(20015,'user_0015','$2b$10$7EqJtq98hPqEX7fNZaFWoOhi5g6Y8FDeihh5Z8SGvtQvECOHqWJ/S','https://cdn.demo.com/avatar/20015.png','刘静',2,'15100000015','user_0015@demo.com','F',0,'1990-01-15',0,'2023-06-01 00:00:00','2023-06-01 00:00:00'),(20016,'user_0016','$2b$10$7EqJtq98hPqEX7fNZaFWoOhi5g6Y8FDeihh5Z8SGvtQvECOHqWJ/S','https://cdn.demo.com/avatar/20016.png','陈军',2,'15100000016','user_0016@demo.com','M',0,'1990-01-16',0,'2023-06-01 00:00:00','2023-06-01 00:00:00'),(20017,'user_0017','$2b$10$7EqJtq98hPqEX7fNZaFWoOhi5g6Y8FDeihh5Z8SGvtQvECOHqWJ/S','https://cdn.demo.com/avatar/20017.png','杨磊',2,'15100000017','user_0017@demo.com','F',0,'1990-01-17',0,'2023-06-01 00:00:00','2023-06-01 00:00:00'),(20018,'user_0018','$2b$10$7EqJtq98hPqEX7fNZaFWoOhi5g6Y8FDeihh5Z8SGvtQvECOHqWJ/S','https://cdn.demo.com/avatar/20018.png','黄艳',2,'15100000018','user_0018@demo.com','M',0,'1990-01-18',0,'2023-06-01 00:00:00','2023-06-01 00:00:00'),(20019,'user_0019','$2b$10$7EqJtq98hPqEX7fNZaFWoOhi5g6Y8FDeihh5Z8SGvtQvECOHqWJ/S','https://cdn.demo.com/avatar/20019.png','吴涛',2,'15100000019','user_0019@demo.com','F',0,'1990-01-19',0,'2023-06-01 00:00:00','2023-06-01 00:00:00'),(20020,'user_0020','$2b$10$7EqJtq98hPqEX7fNZaFWoOhi5g6Y8FDeihh5Z8SGvtQvECOHqWJ/S','https://cdn.demo.com/avatar/20020.png','周杰',2,'15100000020','user_0020@demo.com','M',0,'1990-01-20',0,'2023-06-01 00:00:00','2023-06-01 00:00:00'),(20021,'user_0021','$2b$10$7EqJtq98hPqEX7fNZaFWoOhi5g6Y8FDeihh5Z8SGvtQvECOHqWJ/S','https://cdn.demo.com/avatar/20021.png','张伟',2,'15100000021','user_0021@demo.com','F',0,'1990-01-21',0,'2023-06-01 00:00:00','2023-06-01 00:00:00'),(20022,'user_0022','$2b$10$7EqJtq98hPqEX7fNZaFWoOhi5g6Y8FDeihh5Z8SGvtQvECOHqWJ/S','https://cdn.demo.com/avatar/20022.png','李芳',2,'15100000022','user_0022@demo.com','M',0,'1990-01-22',0,'2023-06-01 00:00:00','2023-06-01 00:00:00'),(20023,'user_0023','$2b$10$7EqJtq98hPqEX7fNZaFWoOhi5g6Y8FDeihh5Z8SGvtQvECOHqWJ/S','https://cdn.demo.com/avatar/20023.png','王娜',2,'15100000023','user_0023@demo.com','F',0,'1990-01-23',0,'2023-06-01 00:00:00','2023-06-01 00:00:00'),(20024,'user_0024','$2b$10$7EqJtq98hPqEX7fNZaFWoOhi5g6Y8FDeihh5Z8SGvtQvECOHqWJ/S','https://cdn.demo.com/avatar/20024.png','赵敏',2,'15100000024','user_0024@demo.com','M',0,'1990-01-24',0,'2023-06-01 00:00:00','2023-06-01 00:00:00'),(20025,'user_0025','$2b$10$7EqJtq98hPqEX7fNZaFWoOhi5g6Y8FDeihh5Z8SGvtQvECOHqWJ/S','https://cdn.demo.com/avatar/20025.png','刘静',2,'15100000025','user_0025@demo.com','F',0,'1990-01-25',0,'2023-06-01 00:00:00','2023-06-01 00:00:00'),(20026,'user_0026','$2b$10$7EqJtq98hPqEX7fNZaFWoOhi5g6Y8FDeihh5Z8SGvtQvECOHqWJ/S','https://cdn.demo.com/avatar/20026.png','陈军',2,'15100000026','user_0026@demo.com','M',0,'1990-01-26',0,'2023-06-01 00:00:00','2023-06-01 00:00:00'),(20027,'user_0027','$2b$10$7EqJtq98hPqEX7fNZaFWoOhi5g6Y8FDeihh5Z8SGvtQvECOHqWJ/S','https://cdn.demo.com/avatar/20027.png','杨磊',2,'15100000027','user_0027@demo.com','F',0,'1990-01-27',0,'2023-06-01 00:00:00','2023-06-01 00:00:00'),(20028,'user_0028','$2b$10$7EqJtq98hPqEX7fNZaFWoOhi5g6Y8FDeihh5Z8SGvtQvECOHqWJ/S','https://cdn.demo.com/avatar/20028.png','黄艳',2,'15100000028','user_0028@demo.com','M',0,'1990-01-28',0,'2023-06-01 00:00:00','2023-06-01 00:00:00'),(20029,'user_0029','$2b$10$7EqJtq98hPqEX7fNZaFWoOhi5g6Y8FDeihh5Z8SGvtQvECOHqWJ/S','https://cdn.demo.com/avatar/20029.png','吴涛',2,'15100000029','user_0029@demo.com','F',0,'1990-01-01',0,'2023-06-01 00:00:00','2023-06-01 00:00:00'),(20030,'user_0030','$2b$10$7EqJtq98hPqEX7fNZaFWoOhi5g6Y8FDeihh5Z8SGvtQvECOHqWJ/S','https://cdn.demo.com/avatar/20030.png','周杰',2,'15100000030','user_0030@demo.com','M',0,'1990-01-02',0,'2023-06-01 00:00:00','2023-06-01 00:00:00'),(20031,'user_0031','$2b$10$7EqJtq98hPqEX7fNZaFWoOhi5g6Y8FDeihh5Z8SGvtQvECOHqWJ/S','https://cdn.demo.com/avatar/20031.png','张伟',2,'15100000031','user_0031@demo.com','F',0,'1990-01-03',0,'2023-06-01 00:00:00','2023-06-01 00:00:00'),(20032,'user_0032','$2b$10$7EqJtq98hPqEX7fNZaFWoOhi5g6Y8FDeihh5Z8SGvtQvECOHqWJ/S','https://cdn.demo.com/avatar/20032.png','李芳',2,'15100000032','user_0032@demo.com','M',0,'1990-01-04',0,'2023-06-01 00:00:00','2023-06-01 00:00:00'),(20033,'user_0033','$2b$10$7EqJtq98hPqEX7fNZaFWoOhi5g6Y8FDeihh5Z8SGvtQvECOHqWJ/S','https://cdn.demo.com/avatar/20033.png','王娜',2,'15100000033','user_0033@demo.com','F',0,'1990-01-05',0,'2023-06-01 00:00:00','2023-06-01 00:00:00'),(20034,'user_0034','$2b$10$7EqJtq98hPqEX7fNZaFWoOhi5g6Y8FDeihh5Z8SGvtQvECOHqWJ/S','https://cdn.demo.com/avatar/20034.png','赵敏',2,'15100000034','user_0034@demo.com','M',0,'1990-01-06',0,'2023-06-01 00:00:00','2023-06-01 00:00:00'),(20035,'user_0035','$2b$10$7EqJtq98hPqEX7fNZaFWoOhi5g6Y8FDeihh5Z8SGvtQvECOHqWJ/S','https://cdn.demo.com/avatar/20035.png','刘静',2,'15100000035','user_0035@demo.com','F',0,'1990-01-07',0,'2023-06-01 00:00:00','2023-06-01 00:00:00'),(20036,'user_0036','$2b$10$7EqJtq98hPqEX7fNZaFWoOhi5g6Y8FDeihh5Z8SGvtQvECOHqWJ/S','https://cdn.demo.com/avatar/20036.png','陈军',2,'15100000036','user_0036@demo.com','M',0,'1990-01-08',0,'2023-06-01 00:00:00','2023-06-01 00:00:00'),(20037,'user_0037','$2b$10$7EqJtq98hPqEX7fNZaFWoOhi5g6Y8FDeihh5Z8SGvtQvECOHqWJ/S','https://cdn.demo.com/avatar/20037.png','杨磊',2,'15100000037','user_0037@demo.com','F',0,'1990-01-09',0,'2023-06-01 00:00:00','2023-06-01 00:00:00'),(20038,'user_0038','$2b$10$7EqJtq98hPqEX7fNZaFWoOhi5g6Y8FDeihh5Z8SGvtQvECOHqWJ/S','https://cdn.demo.com/avatar/20038.png','黄艳',2,'15100000038','user_0038@demo.com','M',0,'1990-01-10',0,'2023-06-01 00:00:00','2023-06-01 00:00:00'),(20039,'user_0039','$2b$10$7EqJtq98hPqEX7fNZaFWoOhi5g6Y8FDeihh5Z8SGvtQvECOHqWJ/S','https://cdn.demo.com/avatar/20039.png','吴涛',2,'15100000039','user_0039@demo.com','F',0,'1990-01-11',0,'2023-06-01 00:00:00','2023-06-01 00:00:00'),(20040,'user_0040','$2b$10$7EqJtq98hPqEX7fNZaFWoOhi5g6Y8FDeihh5Z8SGvtQvECOHqWJ/S','https://cdn.demo.com/avatar/20040.png','周杰',2,'15100000040','user_0040@demo.com','M',0,'1990-01-12',0,'2023-06-01 00:00:00','2023-06-01 00:00:00'),(20041,'user_0041','$2b$10$7EqJtq98hPqEX7fNZaFWoOhi5g6Y8FDeihh5Z8SGvtQvECOHqWJ/S','https://cdn.demo.com/avatar/20041.png','张伟',2,'15100000041','user_0041@demo.com','F',0,'1990-01-13',0,'2023-06-01 00:00:00','2023-06-01 00:00:00'),(20042,'user_0042','$2b$10$7EqJtq98hPqEX7fNZaFWoOhi5g6Y8FDeihh5Z8SGvtQvECOHqWJ/S','https://cdn.demo.com/avatar/20042.png','李芳',2,'15100000042','user_0042@demo.com','M',0,'1990-01-14',0,'2023-06-01 00:00:00','2023-06-01 00:00:00'),(20043,'user_0043','$2b$10$7EqJtq98hPqEX7fNZaFWoOhi5g6Y8FDeihh5Z8SGvtQvECOHqWJ/S','https://cdn.demo.com/avatar/20043.png','王娜',2,'15100000043','user_0043@demo.com','F',0,'1990-01-15',0,'2023-06-01 00:00:00','2023-06-01 00:00:00'),(20044,'user_0044','$2b$10$7EqJtq98hPqEX7fNZaFWoOhi5g6Y8FDeihh5Z8SGvtQvECOHqWJ/S','https://cdn.demo.com/avatar/20044.png','赵敏',2,'15100000044','user_0044@demo.com','M',0,'1990-01-16',0,'2023-06-01 00:00:00','2023-06-01 00:00:00'),(20045,'user_0045','$2b$10$7EqJtq98hPqEX7fNZaFWoOhi5g6Y8FDeihh5Z8SGvtQvECOHqWJ/S','https://cdn.demo.com/avatar/20045.png','刘静',2,'15100000045','user_0045@demo.com','F',0,'1990-01-17',0,'2023-06-01 00:00:00','2023-06-01 00:00:00'),(20046,'user_0046','$2b$10$7EqJtq98hPqEX7fNZaFWoOhi5g6Y8FDeihh5Z8SGvtQvECOHqWJ/S','https://cdn.demo.com/avatar/20046.png','陈军',2,'15100000046','user_0046@demo.com','M',0,'1990-01-18',0,'2023-06-01 00:00:00','2023-06-01 00:00:00'),(20047,'user_0047','$2b$10$7EqJtq98hPqEX7fNZaFWoOhi5g6Y8FDeihh5Z8SGvtQvECOHqWJ/S','https://cdn.demo.com/avatar/20047.png','杨磊',2,'15100000047','user_0047@demo.com','F',0,'1990-01-19',0,'2023-06-01 00:00:00','2023-06-01 00:00:00'),(20048,'user_0048','$2b$10$7EqJtq98hPqEX7fNZaFWoOhi5g6Y8FDeihh5Z8SGvtQvECOHqWJ/S','https://cdn.demo.com/avatar/20048.png','黄艳',2,'15100000048','user_0048@demo.com','M',0,'1990-01-20',0,'2023-06-01 00:00:00','2023-06-01 00:00:00'),(20049,'user_0049','$2b$10$7EqJtq98hPqEX7fNZaFWoOhi5g6Y8FDeihh5Z8SGvtQvECOHqWJ/S','https://cdn.demo.com/avatar/20049.png','吴涛',2,'15100000049','user_0049@demo.com','F',0,'1990-01-21',0,'2023-06-01 00:00:00','2023-06-01 00:00:00'),(20050,'user_0050','$2b$10$7EqJtq98hPqEX7fNZaFWoOhi5g6Y8FDeihh5Z8SGvtQvECOHqWJ/S','https://cdn.demo.com/avatar/20050.png','周杰',2,'15100000050','user_0050@demo.com','M',0,'1990-01-22',0,'2023-06-01 00:00:00','2023-06-01 00:00:00'),(20051,'user_0051','$2b$10$7EqJtq98hPqEX7fNZaFWoOhi5g6Y8FDeihh5Z8SGvtQvECOHqWJ/S','https://cdn.demo.com/avatar/20051.png','张伟',2,'15100000051','user_0051@demo.com','F',0,'1990-01-23',0,'2023-06-01 00:00:00','2023-06-01 00:00:00'),(20052,'user_0052','$2b$10$7EqJtq98hPqEX7fNZaFWoOhi5g6Y8FDeihh5Z8SGvtQvECOHqWJ/S','https://cdn.demo.com/avatar/20052.png','李芳',2,'15100000052','user_0052@demo.com','M',0,'1990-01-24',0,'2023-06-01 00:00:00','2023-06-01 00:00:00'),(20053,'user_0053','$2b$10$7EqJtq98hPqEX7fNZaFWoOhi5g6Y8FDeihh5Z8SGvtQvECOHqWJ/S','https://cdn.demo.com/avatar/20053.png','王娜',2,'15100000053','user_0053@demo.com','F',0,'1990-01-25',0,'2023-06-01 00:00:00','2023-06-01 00:00:00'),(20054,'user_0054','$2b$10$7EqJtq98hPqEX7fNZaFWoOhi5g6Y8FDeihh5Z8SGvtQvECOHqWJ/S','https://cdn.demo.com/avatar/20054.png','赵敏',2,'15100000054','user_0054@demo.com','M',0,'1990-01-26',0,'2023-06-01 00:00:00','2023-06-01 00:00:00'),(20055,'user_0055','$2b$10$7EqJtq98hPqEX7fNZaFWoOhi5g6Y8FDeihh5Z8SGvtQvECOHqWJ/S','https://cdn.demo.com/avatar/20055.png','刘静',2,'15100000055','user_0055@demo.com','F',0,'1990-01-27',0,'2023-06-01 00:00:00','2023-06-01 00:00:00'),(20056,'user_0056','$2b$10$7EqJtq98hPqEX7fNZaFWoOhi5g6Y8FDeihh5Z8SGvtQvECOHqWJ/S','https://cdn.demo.com/avatar/20056.png','陈军',2,'15100000056','user_0056@demo.com','M',0,'1990-01-28',0,'2023-06-01 00:00:00','2023-06-01 00:00:00'),(20057,'user_0057','$2b$10$7EqJtq98hPqEX7fNZaFWoOhi5g6Y8FDeihh5Z8SGvtQvECOHqWJ/S','https://cdn.demo.com/avatar/20057.png','杨磊',2,'15100000057','user_0057@demo.com','F',0,'1990-01-01',0,'2023-06-01 00:00:00','2023-06-01 00:00:00'),(20058,'user_0058','$2b$10$7EqJtq98hPqEX7fNZaFWoOhi5g6Y8FDeihh5Z8SGvtQvECOHqWJ/S','https://cdn.demo.com/avatar/20058.png','黄艳',2,'15100000058','user_0058@demo.com','M',0,'1990-01-02',0,'2023-06-01 00:00:00','2023-06-01 00:00:00'),(20059,'user_0059','$2b$10$7EqJtq98hPqEX7fNZaFWoOhi5g6Y8FDeihh5Z8SGvtQvECOHqWJ/S','https://cdn.demo.com/avatar/20059.png','吴涛',2,'15100000059','user_0059@demo.com','F',0,'1990-01-03',0,'2023-06-01 00:00:00','2023-06-01 00:00:00'),(20060,'user_0060','$2b$10$7EqJtq98hPqEX7fNZaFWoOhi5g6Y8FDeihh5Z8SGvtQvECOHqWJ/S','https://cdn.demo.com/avatar/20060.png','周杰',2,'15100000060','user_0060@demo.com','M',0,'1990-01-04',0,'2023-06-01 00:00:00','2023-06-01 00:00:00'),(20061,'user_0061','$2b$10$7EqJtq98hPqEX7fNZaFWoOhi5g6Y8FDeihh5Z8SGvtQvECOHqWJ/S','https://cdn.demo.com/avatar/20061.png','张伟',2,'15100000061','user_0061@demo.com','F',0,'1990-01-05',0,'2023-06-01 00:00:00','2023-06-01 00:00:00'),(20062,'user_0062','$2b$10$7EqJtq98hPqEX7fNZaFWoOhi5g6Y8FDeihh5Z8SGvtQvECOHqWJ/S','https://cdn.demo.com/avatar/20062.png','李芳',2,'15100000062','user_0062@demo.com','M',0,'1990-01-06',0,'2023-06-01 00:00:00','2023-06-01 00:00:00'),(20063,'user_0063','$2b$10$7EqJtq98hPqEX7fNZaFWoOhi5g6Y8FDeihh5Z8SGvtQvECOHqWJ/S','https://cdn.demo.com/avatar/20063.png','王娜',2,'15100000063','user_0063@demo.com','F',0,'1990-01-07',0,'2023-06-01 00:00:00','2023-06-01 00:00:00'),(20064,'user_0064','$2b$10$7EqJtq98hPqEX7fNZaFWoOhi5g6Y8FDeihh5Z8SGvtQvECOHqWJ/S','https://cdn.demo.com/avatar/20064.png','赵敏',2,'15100000064','user_0064@demo.com','M',0,'1990-01-08',0,'2023-06-01 00:00:00','2023-06-01 00:00:00'),(20065,'user_0065','$2b$10$7EqJtq98hPqEX7fNZaFWoOhi5g6Y8FDeihh5Z8SGvtQvECOHqWJ/S','https://cdn.demo.com/avatar/20065.png','刘静',2,'15100000065','user_0065@demo.com','F',0,'1990-01-09',0,'2023-06-01 00:00:00','2023-06-01 00:00:00'),(20066,'user_0066','$2b$10$7EqJtq98hPqEX7fNZaFWoOhi5g6Y8FDeihh5Z8SGvtQvECOHqWJ/S','https://cdn.demo.com/avatar/20066.png','陈军',2,'15100000066','user_0066@demo.com','M',0,'1990-01-10',0,'2023-06-01 00:00:00','2023-06-01 00:00:00'),(20067,'user_0067','$2b$10$7EqJtq98hPqEX7fNZaFWoOhi5g6Y8FDeihh5Z8SGvtQvECOHqWJ/S','https://cdn.demo.com/avatar/20067.png','杨磊',2,'15100000067','user_0067@demo.com','F',0,'1990-01-11',0,'2023-06-01 00:00:00','2023-06-01 00:00:00'),(20068,'user_0068','$2b$10$7EqJtq98hPqEX7fNZaFWoOhi5g6Y8FDeihh5Z8SGvtQvECOHqWJ/S','https://cdn.demo.com/avatar/20068.png','黄艳',2,'15100000068','user_0068@demo.com','M',0,'1990-01-12',0,'2023-06-01 00:00:00','2023-06-01 00:00:00'),(20069,'user_0069','$2b$10$7EqJtq98hPqEX7fNZaFWoOhi5g6Y8FDeihh5Z8SGvtQvECOHqWJ/S','https://cdn.demo.com/avatar/20069.png','吴涛',2,'15100000069','user_0069@demo.com','F',0,'1990-01-13',0,'2023-06-01 00:00:00','2023-06-01 00:00:00'),(20070,'user_0070','$2b$10$7EqJtq98hPqEX7fNZaFWoOhi5g6Y8FDeihh5Z8SGvtQvECOHqWJ/S','https://cdn.demo.com/avatar/20070.png','周杰',2,'15100000070','user_0070@demo.com','M',0,'1990-01-14',0,'2023-06-01 00:00:00','2023-06-01 00:00:00'),(20071,'user_0071','$2b$10$7EqJtq98hPqEX7fNZaFWoOhi5g6Y8FDeihh5Z8SGvtQvECOHqWJ/S','https://cdn.demo.com/avatar/20071.png','张伟',2,'15100000071','user_0071@demo.com','F',0,'1990-01-15',0,'2023-06-01 00:00:00','2023-06-01 00:00:00'),(20072,'user_0072','$2b$10$7EqJtq98hPqEX7fNZaFWoOhi5g6Y8FDeihh5Z8SGvtQvECOHqWJ/S','https://cdn.demo.com/avatar/20072.png','李芳',2,'15100000072','user_0072@demo.com','M',0,'1990-01-16',0,'2023-06-01 00:00:00','2023-06-01 00:00:00'),(20073,'user_0073','$2b$10$7EqJtq98hPqEX7fNZaFWoOhi5g6Y8FDeihh5Z8SGvtQvECOHqWJ/S','https://cdn.demo.com/avatar/20073.png','王娜',2,'15100000073','user_0073@demo.com','F',0,'1990-01-17',0,'2023-06-01 00:00:00','2023-06-01 00:00:00'),(20074,'user_0074','$2b$10$7EqJtq98hPqEX7fNZaFWoOhi5g6Y8FDeihh5Z8SGvtQvECOHqWJ/S','https://cdn.demo.com/avatar/20074.png','赵敏',2,'15100000074','user_0074@demo.com','M',0,'1990-01-18',0,'2023-06-01 00:00:00','2023-06-01 00:00:00'),(20075,'user_0075','$2b$10$7EqJtq98hPqEX7fNZaFWoOhi5g6Y8FDeihh5Z8SGvtQvECOHqWJ/S','https://cdn.demo.com/avatar/20075.png','刘静',2,'15100000075','user_0075@demo.com','F',0,'1990-01-19',0,'2023-06-01 00:00:00','2023-06-01 00:00:00'),(20076,'user_0076','$2b$10$7EqJtq98hPqEX7fNZaFWoOhi5g6Y8FDeihh5Z8SGvtQvECOHqWJ/S','https://cdn.demo.com/avatar/20076.png','陈军',2,'15100000076','user_0076@demo.com','M',0,'1990-01-20',0,'2023-06-01 00:00:00','2023-06-01 00:00:00'),(20077,'user_0077','$2b$10$7EqJtq98hPqEX7fNZaFWoOhi5g6Y8FDeihh5Z8SGvtQvECOHqWJ/S','https://cdn.demo.com/avatar/20077.png','杨磊',2,'15100000077','user_0077@demo.com','F',0,'1990-01-21',0,'2023-06-01 00:00:00','2023-06-01 00:00:00'),(20078,'user_0078','$2b$10$7EqJtq98hPqEX7fNZaFWoOhi5g6Y8FDeihh5Z8SGvtQvECOHqWJ/S','https://cdn.demo.com/avatar/20078.png','黄艳',2,'15100000078','user_0078@demo.com','M',0,'1990-01-22',0,'2023-06-01 00:00:00','2023-06-01 00:00:00'),(20079,'user_0079','$2b$10$7EqJtq98hPqEX7fNZaFWoOhi5g6Y8FDeihh5Z8SGvtQvECOHqWJ/S','https://cdn.demo.com/avatar/20079.png','吴涛',2,'15100000079','user_0079@demo.com','F',0,'1990-01-23',0,'2023-06-01 00:00:00','2023-06-01 00:00:00'),(20080,'user_0080','$2b$10$7EqJtq98hPqEX7fNZaFWoOhi5g6Y8FDeihh5Z8SGvtQvECOHqWJ/S','https://cdn.demo.com/avatar/20080.png','周杰',2,'15100000080','user_0080@demo.com','M',0,'1990-01-24',0,'2023-06-01 00:00:00','2023-06-01 00:00:00'),(20081,'user_0081','$2b$10$7EqJtq98hPqEX7fNZaFWoOhi5g6Y8FDeihh5Z8SGvtQvECOHqWJ/S','https://cdn.demo.com/avatar/20081.png','张伟',2,'15100000081','user_0081@demo.com','F',0,'1990-01-25',0,'2023-06-01 00:00:00','2023-06-01 00:00:00'),(20082,'user_0082','$2b$10$7EqJtq98hPqEX7fNZaFWoOhi5g6Y8FDeihh5Z8SGvtQvECOHqWJ/S','https://cdn.demo.com/avatar/20082.png','李芳',2,'15100000082','user_0082@demo.com','M',0,'1990-01-26',0,'2023-06-01 00:00:00','2023-06-01 00:00:00'),(20083,'user_0083','$2b$10$7EqJtq98hPqEX7fNZaFWoOhi5g6Y8FDeihh5Z8SGvtQvECOHqWJ/S','https://cdn.demo.com/avatar/20083.png','王娜',2,'15100000083','user_0083@demo.com','F',0,'1990-01-27',0,'2023-06-01 00:00:00','2023-06-01 00:00:00'),(20084,'user_0084','$2b$10$7EqJtq98hPqEX7fNZaFWoOhi5g6Y8FDeihh5Z8SGvtQvECOHqWJ/S','https://cdn.demo.com/avatar/20084.png','赵敏',2,'15100000084','user_0084@demo.com','M',0,'1990-01-28',0,'2023-06-01 00:00:00','2023-06-01 00:00:00'),(20085,'user_0085','$2b$10$7EqJtq98hPqEX7fNZaFWoOhi5g6Y8FDeihh5Z8SGvtQvECOHqWJ/S','https://cdn.demo.com/avatar/20085.png','刘静',2,'15100000085','user_0085@demo.com','F',0,'1990-01-01',0,'2023-06-01 00:00:00','2023-06-01 00:00:00'),(20086,'user_0086','$2b$10$7EqJtq98hPqEX7fNZaFWoOhi5g6Y8FDeihh5Z8SGvtQvECOHqWJ/S','https://cdn.demo.com/avatar/20086.png','陈军',2,'15100000086','user_0086@demo.com','M',0,'1990-01-02',0,'2023-06-01 00:00:00','2023-06-01 00:00:00'),(20087,'user_0087','$2b$10$7EqJtq98hPqEX7fNZaFWoOhi5g6Y8FDeihh5Z8SGvtQvECOHqWJ/S','https://cdn.demo.com/avatar/20087.png','杨磊',2,'15100000087','user_0087@demo.com','F',0,'1990-01-03',0,'2023-06-01 00:00:00','2023-06-01 00:00:00'),(20088,'user_0088','$2b$10$7EqJtq98hPqEX7fNZaFWoOhi5g6Y8FDeihh5Z8SGvtQvECOHqWJ/S','https://cdn.demo.com/avatar/20088.png','黄艳',2,'15100000088','user_0088@demo.com','M',0,'1990-01-04',0,'2023-06-01 00:00:00','2023-06-01 00:00:00'),(20089,'user_0089','$2b$10$7EqJtq98hPqEX7fNZaFWoOhi5g6Y8FDeihh5Z8SGvtQvECOHqWJ/S','https://cdn.demo.com/avatar/20089.png','吴涛',2,'15100000089','user_0089@demo.com','F',0,'1990-01-05',0,'2023-06-01 00:00:00','2023-06-01 00:00:00'),(20090,'user_0090','$2b$10$7EqJtq98hPqEX7fNZaFWoOhi5g6Y8FDeihh5Z8SGvtQvECOHqWJ/S','https://cdn.demo.com/avatar/20090.png','周杰',2,'15100000090','user_0090@demo.com','M',0,'1990-01-06',0,'2023-06-01 00:00:00','2023-06-01 00:00:00'),(20091,'user_0091','$2b$10$7EqJtq98hPqEX7fNZaFWoOhi5g6Y8FDeihh5Z8SGvtQvECOHqWJ/S','https://cdn.demo.com/avatar/20091.png','张伟',2,'15100000091','user_0091@demo.com','F',0,'1990-01-07',0,'2023-06-01 00:00:00','2023-06-01 00:00:00'),(20092,'user_0092','$2b$10$7EqJtq98hPqEX7fNZaFWoOhi5g6Y8FDeihh5Z8SGvtQvECOHqWJ/S','https://cdn.demo.com/avatar/20092.png','李芳',2,'15100000092','user_0092@demo.com','M',0,'1990-01-08',0,'2023-06-01 00:00:00','2023-06-01 00:00:00'),(20093,'user_0093','$2b$10$7EqJtq98hPqEX7fNZaFWoOhi5g6Y8FDeihh5Z8SGvtQvECOHqWJ/S','https://cdn.demo.com/avatar/20093.png','王娜',2,'15100000093','user_0093@demo.com','F',0,'1990-01-09',0,'2023-06-01 00:00:00','2023-06-01 00:00:00'),(20094,'user_0094','$2b$10$7EqJtq98hPqEX7fNZaFWoOhi5g6Y8FDeihh5Z8SGvtQvECOHqWJ/S','https://cdn.demo.com/avatar/20094.png','赵敏',2,'15100000094','user_0094@demo.com','M',0,'1990-01-10',0,'2023-06-01 00:00:00','2023-06-01 00:00:00'),(20095,'user_0095','$2b$10$7EqJtq98hPqEX7fNZaFWoOhi5g6Y8FDeihh5Z8SGvtQvECOHqWJ/S','https://cdn.demo.com/avatar/20095.png','刘静',2,'15100000095','user_0095@demo.com','F',0,'1990-01-11',0,'2023-06-01 00:00:00','2023-06-01 00:00:00'),(20096,'user_0096','$2b$10$7EqJtq98hPqEX7fNZaFWoOhi5g6Y8FDeihh5Z8SGvtQvECOHqWJ/S','https://cdn.demo.com/avatar/20096.png','陈军',2,'15100000096','user_0096@demo.com','M',0,'1990-01-12',0,'2023-06-01 00:00:00','2023-06-01 00:00:00'),(20097,'user_0097','$2b$10$7EqJtq98hPqEX7fNZaFWoOhi5g6Y8FDeihh5Z8SGvtQvECOHqWJ/S','https://cdn.demo.com/avatar/20097.png','杨磊',2,'15100000097','user_0097@demo.com','F',0,'1990-01-13',0,'2023-06-01 00:00:00','2023-06-01 00:00:00'),(20098,'user_0098','$2b$10$7EqJtq98hPqEX7fNZaFWoOhi5g6Y8FDeihh5Z8SGvtQvECOHqWJ/S','https://cdn.demo.com/avatar/20098.png','黄艳',2,'15100000098','user_0098@demo.com','M',0,'1990-01-14',0,'2023-06-01 00:00:00','2023-06-01 00:00:00'),(20099,'user_0099','$2b$10$7EqJtq98hPqEX7fNZaFWoOhi5g6Y8FDeihh5Z8SGvtQvECOHqWJ/S','https://cdn.demo.com/avatar/20099.png','吴涛',2,'15100000099','user_0099@demo.com','F',0,'1990-01-15',0,'2023-06-01 00:00:00','2023-06-01 00:00:00'),(20100,'user_0100','$2b$10$7EqJtq98hPqEX7fNZaFWoOhi5g6Y8FDeihh5Z8SGvtQvECOHqWJ/S','https://cdn.demo.com/avatar/20100.png','周杰',2,'15100000100','user_0100@demo.com','M',0,'1990-01-16',0,'2023-06-01 00:00:00','2023-06-01 00:00:00'),(20101,'user_0101','$2b$10$7EqJtq98hPqEX7fNZaFWoOhi5g6Y8FDeihh5Z8SGvtQvECOHqWJ/S','https://cdn.demo.com/avatar/20101.png','张伟',2,'15600000101','user_0101@demo.com','F',0,'1990-02-01',0,'2023-06-01 00:00:00','2023-06-01 00:00:00'),(20102,'user_0102','$2b$10$7EqJtq98hPqEX7fNZaFWoOhi5g6Y8FDeihh5Z8SGvtQvECOHqWJ/S','https://cdn.demo.com/avatar/20102.png','李芳',2,'15600000102','user_0102@demo.com','M',0,'1990-02-02',0,'2023-06-01 00:00:00','2023-06-01 00:00:00'),(20103,'user_0103','$2b$10$7EqJtq98hPqEX7fNZaFWoOhi5g6Y8FDeihh5Z8SGvtQvECOHqWJ/S','https://cdn.demo.com/avatar/20103.png','王娜',2,'15600000103','user_0103@demo.com','F',0,'1990-02-03',0,'2023-06-01 00:00:00','2023-06-01 00:00:00'),(20104,'user_0104','$2b$10$7EqJtq98hPqEX7fNZaFWoOhi5g6Y8FDeihh5Z8SGvtQvECOHqWJ/S','https://cdn.demo.com/avatar/20104.png','赵敏',2,'15600000104','user_0104@demo.com','M',0,'1990-02-04',0,'2023-06-01 00:00:00','2023-06-01 00:00:00'),(20105,'user_0105','$2b$10$7EqJtq98hPqEX7fNZaFWoOhi5g6Y8FDeihh5Z8SGvtQvECOHqWJ/S','https://cdn.demo.com/avatar/20105.png','刘静',2,'15600000105','user_0105@demo.com','F',0,'1990-02-05',0,'2023-06-01 00:00:00','2023-06-01 00:00:00'),(20106,'user_0106','$2b$10$7EqJtq98hPqEX7fNZaFWoOhi5g6Y8FDeihh5Z8SGvtQvECOHqWJ/S','https://cdn.demo.com/avatar/20106.png','陈军',2,'15600000106','user_0106@demo.com','M',0,'1990-02-06',0,'2023-06-01 00:00:00','2023-06-01 00:00:00'),(20107,'user_0107','$2b$10$7EqJtq98hPqEX7fNZaFWoOhi5g6Y8FDeihh5Z8SGvtQvECOHqWJ/S','https://cdn.demo.com/avatar/20107.png','杨磊',2,'15600000107','user_0107@demo.com','F',0,'1990-02-07',0,'2023-06-01 00:00:00','2023-06-01 00:00:00'),(20108,'user_0108','$2b$10$7EqJtq98hPqEX7fNZaFWoOhi5g6Y8FDeihh5Z8SGvtQvECOHqWJ/S','https://cdn.demo.com/avatar/20108.png','黄艳',2,'15600000108','user_0108@demo.com','M',0,'1990-02-08',0,'2023-06-01 00:00:00','2023-06-01 00:00:00'),(20109,'user_0109','$2b$10$7EqJtq98hPqEX7fNZaFWoOhi5g6Y8FDeihh5Z8SGvtQvECOHqWJ/S','https://cdn.demo.com/avatar/20109.png','吴涛',2,'15600000109','user_0109@demo.com','F',0,'1990-02-09',0,'2023-06-01 00:00:00','2023-06-01 00:00:00'),(20110,'user_0110','$2b$10$7EqJtq98hPqEX7fNZaFWoOhi5g6Y8FDeihh5Z8SGvtQvECOHqWJ/S','https://cdn.demo.com/avatar/20110.png','周杰',2,'15600000110','user_0110@demo.com','M',0,'1990-02-10',0,'2023-06-01 00:00:00','2023-06-01 00:00:00'),(20111,'user_0111','$2b$10$7EqJtq98hPqEX7fNZaFWoOhi5g6Y8FDeihh5Z8SGvtQvECOHqWJ/S','https://cdn.demo.com/avatar/20111.png','张伟',2,'15600000111','user_0111@demo.com','F',0,'1990-02-11',0,'2023-06-01 00:00:00','2023-06-01 00:00:00'),(20112,'user_0112','$2b$10$7EqJtq98hPqEX7fNZaFWoOhi5g6Y8FDeihh5Z8SGvtQvECOHqWJ/S','https://cdn.demo.com/avatar/20112.png','李芳',2,'15600000112','user_0112@demo.com','M',0,'1990-02-12',0,'2023-06-01 00:00:00','2023-06-01 00:00:00'),(20113,'user_0113','$2b$10$7EqJtq98hPqEX7fNZaFWoOhi5g6Y8FDeihh5Z8SGvtQvECOHqWJ/S','https://cdn.demo.com/avatar/20113.png','王娜',2,'15600000113','user_0113@demo.com','F',0,'1990-02-13',0,'2023-06-01 00:00:00','2023-06-01 00:00:00'),(20114,'user_0114','$2b$10$7EqJtq98hPqEX7fNZaFWoOhi5g6Y8FDeihh5Z8SGvtQvECOHqWJ/S','https://cdn.demo.com/avatar/20114.png','赵敏',2,'15600000114','user_0114@demo.com','M',0,'1990-02-14',0,'2023-06-01 00:00:00','2023-06-01 00:00:00'),(20115,'user_0115','$2b$10$7EqJtq98hPqEX7fNZaFWoOhi5g6Y8FDeihh5Z8SGvtQvECOHqWJ/S','https://cdn.demo.com/avatar/20115.png','刘静',2,'15600000115','user_0115@demo.com','F',0,'1990-02-15',0,'2023-06-01 00:00:00','2023-06-01 00:00:00'),(20116,'user_0116','$2b$10$7EqJtq98hPqEX7fNZaFWoOhi5g6Y8FDeihh5Z8SGvtQvECOHqWJ/S','https://cdn.demo.com/avatar/20116.png','陈军',2,'15600000116','user_0116@demo.com','M',0,'1990-02-16',0,'2023-06-01 00:00:00','2023-06-01 00:00:00'),(20117,'user_0117','$2b$10$7EqJtq98hPqEX7fNZaFWoOhi5g6Y8FDeihh5Z8SGvtQvECOHqWJ/S','https://cdn.demo.com/avatar/20117.png','杨磊',2,'15600000117','user_0117@demo.com','F',0,'1990-02-17',0,'2023-06-01 00:00:00','2023-06-01 00:00:00'),(20118,'user_0118','$2b$10$7EqJtq98hPqEX7fNZaFWoOhi5g6Y8FDeihh5Z8SGvtQvECOHqWJ/S','https://cdn.demo.com/avatar/20118.png','黄艳',2,'15600000118','user_0118@demo.com','M',0,'1990-02-18',0,'2023-06-01 00:00:00','2023-06-01 00:00:00'),(20119,'user_0119','$2b$10$7EqJtq98hPqEX7fNZaFWoOhi5g6Y8FDeihh5Z8SGvtQvECOHqWJ/S','https://cdn.demo.com/avatar/20119.png','吴涛',2,'15600000119','user_0119@demo.com','F',0,'1990-02-19',0,'2023-06-01 00:00:00','2023-06-01 00:00:00'),(20120,'user_0120','$2b$10$7EqJtq98hPqEX7fNZaFWoOhi5g6Y8FDeihh5Z8SGvtQvECOHqWJ/S','https://cdn.demo.com/avatar/20120.png','周杰',2,'15600000120','user_0120@demo.com','M',0,'1990-02-20',0,'2023-06-01 00:00:00','2023-06-01 00:00:00'),(20121,'user_0121','$2b$10$7EqJtq98hPqEX7fNZaFWoOhi5g6Y8FDeihh5Z8SGvtQvECOHqWJ/S','https://cdn.demo.com/avatar/20121.png','张伟',2,'15600000121','user_0121@demo.com','F',0,'1990-02-21',0,'2023-06-01 00:00:00','2023-06-01 00:00:00'),(20122,'user_0122','$2b$10$7EqJtq98hPqEX7fNZaFWoOhi5g6Y8FDeihh5Z8SGvtQvECOHqWJ/S','https://cdn.demo.com/avatar/20122.png','李芳',2,'15600000122','user_0122@demo.com','M',0,'1990-02-22',0,'2023-06-01 00:00:00','2023-06-01 00:00:00'),(20123,'user_0123','$2b$10$7EqJtq98hPqEX7fNZaFWoOhi5g6Y8FDeihh5Z8SGvtQvECOHqWJ/S','https://cdn.demo.com/avatar/20123.png','王娜',2,'15600000123','user_0123@demo.com','F',0,'1990-02-23',0,'2023-06-01 00:00:00','2023-06-01 00:00:00'),(20124,'user_0124','$2b$10$7EqJtq98hPqEX7fNZaFWoOhi5g6Y8FDeihh5Z8SGvtQvECOHqWJ/S','https://cdn.demo.com/avatar/20124.png','赵敏',2,'15600000124','user_0124@demo.com','M',0,'1990-02-24',0,'2023-06-01 00:00:00','2023-06-01 00:00:00'),(20125,'user_0125','$2b$10$7EqJtq98hPqEX7fNZaFWoOhi5g6Y8FDeihh5Z8SGvtQvECOHqWJ/S','https://cdn.demo.com/avatar/20125.png','刘静',2,'15600000125','user_0125@demo.com','F',0,'1990-02-25',0,'2023-06-01 00:00:00','2023-06-01 00:00:00'),(20126,'user_0126','$2b$10$7EqJtq98hPqEX7fNZaFWoOhi5g6Y8FDeihh5Z8SGvtQvECOHqWJ/S','https://cdn.demo.com/avatar/20126.png','陈军',2,'15600000126','user_0126@demo.com','M',0,'1990-02-26',0,'2023-06-01 00:00:00','2023-06-01 00:00:00'),(20127,'user_0127','$2b$10$7EqJtq98hPqEX7fNZaFWoOhi5g6Y8FDeihh5Z8SGvtQvECOHqWJ/S','https://cdn.demo.com/avatar/20127.png','杨磊',2,'15600000127','user_0127@demo.com','F',0,'1990-02-27',0,'2023-06-01 00:00:00','2023-06-01 00:00:00'),(20128,'user_0128','$2b$10$7EqJtq98hPqEX7fNZaFWoOhi5g6Y8FDeihh5Z8SGvtQvECOHqWJ/S','https://cdn.demo.com/avatar/20128.png','黄艳',2,'15600000128','user_0128@demo.com','M',0,'1990-02-28',0,'2023-06-01 00:00:00','2023-06-01 00:00:00'),(20129,'user_0129','$2b$10$7EqJtq98hPqEX7fNZaFWoOhi5g6Y8FDeihh5Z8SGvtQvECOHqWJ/S','https://cdn.demo.com/avatar/20129.png','吴涛',2,'15600000129','user_0129@demo.com','F',0,'1990-02-01',0,'2023-06-01 00:00:00','2023-06-01 00:00:00'),(20130,'user_0130','$2b$10$7EqJtq98hPqEX7fNZaFWoOhi5g6Y8FDeihh5Z8SGvtQvECOHqWJ/S','https://cdn.demo.com/avatar/20130.png','周杰',2,'15600000130','user_0130@demo.com','M',0,'1990-02-02',0,'2023-06-01 00:00:00','2023-06-01 00:00:00'),(20131,'user_0131','$2b$10$7EqJtq98hPqEX7fNZaFWoOhi5g6Y8FDeihh5Z8SGvtQvECOHqWJ/S','https://cdn.demo.com/avatar/20131.png','张伟',2,'15600000131','user_0131@demo.com','F',0,'1990-02-03',0,'2023-06-01 00:00:00','2023-06-01 00:00:00'),(20132,'user_0132','$2b$10$7EqJtq98hPqEX7fNZaFWoOhi5g6Y8FDeihh5Z8SGvtQvECOHqWJ/S','https://cdn.demo.com/avatar/20132.png','李芳',2,'15600000132','user_0132@demo.com','M',0,'1990-02-04',0,'2023-06-01 00:00:00','2023-06-01 00:00:00'),(20133,'user_0133','$2b$10$7EqJtq98hPqEX7fNZaFWoOhi5g6Y8FDeihh5Z8SGvtQvECOHqWJ/S','https://cdn.demo.com/avatar/20133.png','王娜',2,'15600000133','user_0133@demo.com','F',0,'1990-02-05',0,'2023-06-01 00:00:00','2023-06-01 00:00:00'),(20134,'user_0134','$2b$10$7EqJtq98hPqEX7fNZaFWoOhi5g6Y8FDeihh5Z8SGvtQvECOHqWJ/S','https://cdn.demo.com/avatar/20134.png','赵敏',2,'15600000134','user_0134@demo.com','M',0,'1990-02-06',0,'2023-06-01 00:00:00','2023-06-01 00:00:00'),(20135,'user_0135','$2b$10$7EqJtq98hPqEX7fNZaFWoOhi5g6Y8FDeihh5Z8SGvtQvECOHqWJ/S','https://cdn.demo.com/avatar/20135.png','刘静',2,'15600000135','user_0135@demo.com','F',0,'1990-02-07',0,'2023-06-01 00:00:00','2023-06-01 00:00:00'),(20136,'user_0136','$2b$10$7EqJtq98hPqEX7fNZaFWoOhi5g6Y8FDeihh5Z8SGvtQvECOHqWJ/S','https://cdn.demo.com/avatar/20136.png','陈军',2,'15600000136','user_0136@demo.com','M',0,'1990-02-08',0,'2023-06-01 00:00:00','2023-06-01 00:00:00'),(20137,'user_0137','$2b$10$7EqJtq98hPqEX7fNZaFWoOhi5g6Y8FDeihh5Z8SGvtQvECOHqWJ/S','https://cdn.demo.com/avatar/20137.png','杨磊',2,'15600000137','user_0137@demo.com','F',0,'1990-02-09',0,'2023-06-01 00:00:00','2023-06-01 00:00:00'),(20138,'user_0138','$2b$10$7EqJtq98hPqEX7fNZaFWoOhi5g6Y8FDeihh5Z8SGvtQvECOHqWJ/S','https://cdn.demo.com/avatar/20138.png','黄艳',2,'15600000138','user_0138@demo.com','M',0,'1990-02-10',0,'2023-06-01 00:00:00','2023-06-01 00:00:00'),(20139,'user_0139','$2b$10$7EqJtq98hPqEX7fNZaFWoOhi5g6Y8FDeihh5Z8SGvtQvECOHqWJ/S','https://cdn.demo.com/avatar/20139.png','吴涛',2,'15600000139','user_0139@demo.com','F',0,'1990-02-11',0,'2023-06-01 00:00:00','2023-06-01 00:00:00'),(20140,'user_0140','$2b$10$7EqJtq98hPqEX7fNZaFWoOhi5g6Y8FDeihh5Z8SGvtQvECOHqWJ/S','https://cdn.demo.com/avatar/20140.png','周杰',2,'15600000140','user_0140@demo.com','M',0,'1990-02-12',0,'2023-06-01 00:00:00','2023-06-01 00:00:00'),(20141,'user_0141','$2b$10$7EqJtq98hPqEX7fNZaFWoOhi5g6Y8FDeihh5Z8SGvtQvECOHqWJ/S','https://cdn.demo.com/avatar/20141.png','张伟',2,'15600000141','user_0141@demo.com','F',0,'1990-02-13',0,'2023-06-01 00:00:00','2023-06-01 00:00:00'),(20142,'user_0142','$2b$10$7EqJtq98hPqEX7fNZaFWoOhi5g6Y8FDeihh5Z8SGvtQvECOHqWJ/S','https://cdn.demo.com/avatar/20142.png','李芳',2,'15600000142','user_0142@demo.com','M',0,'1990-02-14',0,'2023-06-01 00:00:00','2023-06-01 00:00:00'),(20143,'user_0143','$2b$10$7EqJtq98hPqEX7fNZaFWoOhi5g6Y8FDeihh5Z8SGvtQvECOHqWJ/S','https://cdn.demo.com/avatar/20143.png','王娜',2,'15600000143','user_0143@demo.com','F',0,'1990-02-15',0,'2023-06-01 00:00:00','2023-06-01 00:00:00'),(20144,'user_0144','$2b$10$7EqJtq98hPqEX7fNZaFWoOhi5g6Y8FDeihh5Z8SGvtQvECOHqWJ/S','https://cdn.demo.com/avatar/20144.png','赵敏',2,'15600000144','user_0144@demo.com','M',0,'1990-02-16',0,'2023-06-01 00:00:00','2023-06-01 00:00:00'),(20145,'user_0145','$2b$10$7EqJtq98hPqEX7fNZaFWoOhi5g6Y8FDeihh5Z8SGvtQvECOHqWJ/S','https://cdn.demo.com/avatar/20145.png','刘静',2,'15600000145','user_0145@demo.com','F',0,'1990-02-17',0,'2023-06-01 00:00:00','2023-06-01 00:00:00'),(20146,'user_0146','$2b$10$7EqJtq98hPqEX7fNZaFWoOhi5g6Y8FDeihh5Z8SGvtQvECOHqWJ/S','https://cdn.demo.com/avatar/20146.png','陈军',2,'15600000146','user_0146@demo.com','M',0,'1990-02-18',0,'2023-06-01 00:00:00','2023-06-01 00:00:00'),(20147,'user_0147','$2b$10$7EqJtq98hPqEX7fNZaFWoOhi5g6Y8FDeihh5Z8SGvtQvECOHqWJ/S','https://cdn.demo.com/avatar/20147.png','杨磊',2,'15600000147','user_0147@demo.com','F',0,'1990-02-19',0,'2023-06-01 00:00:00','2023-06-01 00:00:00'),(20148,'user_0148','$2b$10$7EqJtq98hPqEX7fNZaFWoOhi5g6Y8FDeihh5Z8SGvtQvECOHqWJ/S','https://cdn.demo.com/avatar/20148.png','黄艳',2,'15600000148','user_0148@demo.com','M',0,'1990-02-20',0,'2023-06-01 00:00:00','2023-06-01 00:00:00'),(20149,'user_0149','$2b$10$7EqJtq98hPqEX7fNZaFWoOhi5g6Y8FDeihh5Z8SGvtQvECOHqWJ/S','https://cdn.demo.com/avatar/20149.png','吴涛',2,'15600000149','user_0149@demo.com','F',0,'1990-02-21',0,'2023-06-01 00:00:00','2023-06-01 00:00:00'),(20150,'user_0150','$2b$10$7EqJtq98hPqEX7fNZaFWoOhi5g6Y8FDeihh5Z8SGvtQvECOHqWJ/S','https://cdn.demo.com/avatar/20150.png','周杰',2,'15600000150','user_0150@demo.com','M',0,'1990-02-22',0,'2023-06-01 00:00:00','2023-06-01 00:00:00'),(20151,'user_0151','$2b$10$7EqJtq98hPqEX7fNZaFWoOhi5g6Y8FDeihh5Z8SGvtQvECOHqWJ/S','https://cdn.demo.com/avatar/20151.png','张伟',2,'15600000151','user_0151@demo.com','F',0,'1990-02-23',0,'2023-06-01 00:00:00','2023-06-01 00:00:00'),(20152,'user_0152','$2b$10$7EqJtq98hPqEX7fNZaFWoOhi5g6Y8FDeihh5Z8SGvtQvECOHqWJ/S','https://cdn.demo.com/avatar/20152.png','李芳',2,'15600000152','user_0152@demo.com','M',0,'1990-02-24',0,'2023-06-01 00:00:00','2023-06-01 00:00:00'),(20153,'user_0153','$2b$10$7EqJtq98hPqEX7fNZaFWoOhi5g6Y8FDeihh5Z8SGvtQvECOHqWJ/S','https://cdn.demo.com/avatar/20153.png','王娜',2,'15600000153','user_0153@demo.com','F',0,'1990-02-25',0,'2023-06-01 00:00:00','2023-06-01 00:00:00'),(20154,'user_0154','$2b$10$7EqJtq98hPqEX7fNZaFWoOhi5g6Y8FDeihh5Z8SGvtQvECOHqWJ/S','https://cdn.demo.com/avatar/20154.png','赵敏',2,'15600000154','user_0154@demo.com','M',0,'1990-02-26',0,'2023-06-01 00:00:00','2023-06-01 00:00:00'),(20155,'user_0155','$2b$10$7EqJtq98hPqEX7fNZaFWoOhi5g6Y8FDeihh5Z8SGvtQvECOHqWJ/S','https://cdn.demo.com/avatar/20155.png','刘静',2,'15600000155','user_0155@demo.com','F',0,'1990-02-27',0,'2023-06-01 00:00:00','2023-06-01 00:00:00'),(20156,'user_0156','$2b$10$7EqJtq98hPqEX7fNZaFWoOhi5g6Y8FDeihh5Z8SGvtQvECOHqWJ/S','https://cdn.demo.com/avatar/20156.png','陈军',2,'15600000156','user_0156@demo.com','M',0,'1990-02-28',0,'2023-06-01 00:00:00','2023-06-01 00:00:00'),(20157,'user_0157','$2b$10$7EqJtq98hPqEX7fNZaFWoOhi5g6Y8FDeihh5Z8SGvtQvECOHqWJ/S','https://cdn.demo.com/avatar/20157.png','杨磊',2,'15600000157','user_0157@demo.com','F',0,'1990-02-01',0,'2023-06-01 00:00:00','2023-06-01 00:00:00'),(20158,'user_0158','$2b$10$7EqJtq98hPqEX7fNZaFWoOhi5g6Y8FDeihh5Z8SGvtQvECOHqWJ/S','https://cdn.demo.com/avatar/20158.png','黄艳',2,'15600000158','user_0158@demo.com','M',0,'1990-02-02',0,'2023-06-01 00:00:00','2023-06-01 00:00:00'),(20159,'user_0159','$2b$10$7EqJtq98hPqEX7fNZaFWoOhi5g6Y8FDeihh5Z8SGvtQvECOHqWJ/S','https://cdn.demo.com/avatar/20159.png','吴涛',2,'15600000159','user_0159@demo.com','F',0,'1990-02-03',0,'2023-06-01 00:00:00','2023-06-01 00:00:00'),(20160,'user_0160','$2b$10$7EqJtq98hPqEX7fNZaFWoOhi5g6Y8FDeihh5Z8SGvtQvECOHqWJ/S','https://cdn.demo.com/avatar/20160.png','周杰',2,'15600000160','user_0160@demo.com','M',0,'1990-02-04',0,'2023-06-01 00:00:00','2023-06-01 00:00:00'),(20161,'user_0161','$2b$10$7EqJtq98hPqEX7fNZaFWoOhi5g6Y8FDeihh5Z8SGvtQvECOHqWJ/S','https://cdn.demo.com/avatar/20161.png','张伟',2,'15600000161','user_0161@demo.com','F',0,'1990-02-05',0,'2023-06-01 00:00:00','2023-06-01 00:00:00'),(20162,'user_0162','$2b$10$7EqJtq98hPqEX7fNZaFWoOhi5g6Y8FDeihh5Z8SGvtQvECOHqWJ/S','https://cdn.demo.com/avatar/20162.png','李芳',2,'15600000162','user_0162@demo.com','M',0,'1990-02-06',0,'2023-06-01 00:00:00','2023-06-01 00:00:00'),(20163,'user_0163','$2b$10$7EqJtq98hPqEX7fNZaFWoOhi5g6Y8FDeihh5Z8SGvtQvECOHqWJ/S','https://cdn.demo.com/avatar/20163.png','王娜',2,'15600000163','user_0163@demo.com','F',0,'1990-02-07',0,'2023-06-01 00:00:00','2023-06-01 00:00:00'),(20164,'user_0164','$2b$10$7EqJtq98hPqEX7fNZaFWoOhi5g6Y8FDeihh5Z8SGvtQvECOHqWJ/S','https://cdn.demo.com/avatar/20164.png','赵敏',2,'15600000164','user_0164@demo.com','M',0,'1990-02-08',0,'2023-06-01 00:00:00','2023-06-01 00:00:00'),(20165,'user_0165','$2b$10$7EqJtq98hPqEX7fNZaFWoOhi5g6Y8FDeihh5Z8SGvtQvECOHqWJ/S','https://cdn.demo.com/avatar/20165.png','刘静',2,'15600000165','user_0165@demo.com','F',0,'1990-02-09',0,'2023-06-01 00:00:00','2023-06-01 00:00:00'),(20166,'user_0166','$2b$10$7EqJtq98hPqEX7fNZaFWoOhi5g6Y8FDeihh5Z8SGvtQvECOHqWJ/S','https://cdn.demo.com/avatar/20166.png','陈军',2,'15600000166','user_0166@demo.com','M',0,'1990-02-10',0,'2023-06-01 00:00:00','2023-06-01 00:00:00'),(20167,'user_0167','$2b$10$7EqJtq98hPqEX7fNZaFWoOhi5g6Y8FDeihh5Z8SGvtQvECOHqWJ/S','https://cdn.demo.com/avatar/20167.png','杨磊',2,'15600000167','user_0167@demo.com','F',0,'1990-02-11',0,'2023-06-01 00:00:00','2023-06-01 00:00:00'),(20168,'user_0168','$2b$10$7EqJtq98hPqEX7fNZaFWoOhi5g6Y8FDeihh5Z8SGvtQvECOHqWJ/S','https://cdn.demo.com/avatar/20168.png','黄艳',2,'15600000168','user_0168@demo.com','M',0,'1990-02-12',0,'2023-06-01 00:00:00','2023-06-01 00:00:00'),(20169,'user_0169','$2b$10$7EqJtq98hPqEX7fNZaFWoOhi5g6Y8FDeihh5Z8SGvtQvECOHqWJ/S','https://cdn.demo.com/avatar/20169.png','吴涛',2,'15600000169','user_0169@demo.com','F',0,'1990-02-13',0,'2023-06-01 00:00:00','2023-06-01 00:00:00'),(20170,'user_0170','$2b$10$7EqJtq98hPqEX7fNZaFWoOhi5g6Y8FDeihh5Z8SGvtQvECOHqWJ/S','https://cdn.demo.com/avatar/20170.png','周杰',2,'15600000170','user_0170@demo.com','M',0,'1990-02-14',0,'2023-06-01 00:00:00','2023-06-01 00:00:00'),(20171,'user_0171','$2b$10$7EqJtq98hPqEX7fNZaFWoOhi5g6Y8FDeihh5Z8SGvtQvECOHqWJ/S','https://cdn.demo.com/avatar/20171.png','张伟',2,'15600000171','user_0171@demo.com','F',0,'1990-02-15',0,'2023-06-01 00:00:00','2023-06-01 00:00:00'),(20172,'user_0172','$2b$10$7EqJtq98hPqEX7fNZaFWoOhi5g6Y8FDeihh5Z8SGvtQvECOHqWJ/S','https://cdn.demo.com/avatar/20172.png','李芳',2,'15600000172','user_0172@demo.com','M',0,'1990-02-16',0,'2023-06-01 00:00:00','2023-06-01 00:00:00'),(20173,'user_0173','$2b$10$7EqJtq98hPqEX7fNZaFWoOhi5g6Y8FDeihh5Z8SGvtQvECOHqWJ/S','https://cdn.demo.com/avatar/20173.png','王娜',2,'15600000173','user_0173@demo.com','F',0,'1990-02-17',0,'2023-06-01 00:00:00','2023-06-01 00:00:00'),(20174,'user_0174','$2b$10$7EqJtq98hPqEX7fNZaFWoOhi5g6Y8FDeihh5Z8SGvtQvECOHqWJ/S','https://cdn.demo.com/avatar/20174.png','赵敏',2,'15600000174','user_0174@demo.com','M',0,'1990-02-18',0,'2023-06-01 00:00:00','2023-06-01 00:00:00'),(20175,'user_0175','$2b$10$7EqJtq98hPqEX7fNZaFWoOhi5g6Y8FDeihh5Z8SGvtQvECOHqWJ/S','https://cdn.demo.com/avatar/20175.png','刘静',2,'15600000175','user_0175@demo.com','F',0,'1990-02-19',0,'2023-06-01 00:00:00','2023-06-01 00:00:00'),(20176,'user_0176','$2b$10$7EqJtq98hPqEX7fNZaFWoOhi5g6Y8FDeihh5Z8SGvtQvECOHqWJ/S','https://cdn.demo.com/avatar/20176.png','陈军',2,'15600000176','user_0176@demo.com','M',0,'1990-02-20',0,'2023-06-01 00:00:00','2023-06-01 00:00:00'),(20177,'user_0177','$2b$10$7EqJtq98hPqEX7fNZaFWoOhi5g6Y8FDeihh5Z8SGvtQvECOHqWJ/S','https://cdn.demo.com/avatar/20177.png','杨磊',2,'15600000177','user_0177@demo.com','F',0,'1990-02-21',0,'2023-06-01 00:00:00','2023-06-01 00:00:00'),(20178,'user_0178','$2b$10$7EqJtq98hPqEX7fNZaFWoOhi5g6Y8FDeihh5Z8SGvtQvECOHqWJ/S','https://cdn.demo.com/avatar/20178.png','黄艳',2,'15600000178','user_0178@demo.com','M',0,'1990-02-22',0,'2023-06-01 00:00:00','2023-06-01 00:00:00'),(20179,'user_0179','$2b$10$7EqJtq98hPqEX7fNZaFWoOhi5g6Y8FDeihh5Z8SGvtQvECOHqWJ/S','https://cdn.demo.com/avatar/20179.png','吴涛',2,'15600000179','user_0179@demo.com','F',0,'1990-02-23',0,'2023-06-01 00:00:00','2023-06-01 00:00:00'),(20180,'user_0180','$2b$10$7EqJtq98hPqEX7fNZaFWoOhi5g6Y8FDeihh5Z8SGvtQvECOHqWJ/S','https://cdn.demo.com/avatar/20180.png','周杰',2,'15600000180','user_0180@demo.com','M',0,'1990-02-24',0,'2023-06-01 00:00:00','2023-06-01 00:00:00'),(20181,'user_0181','$2b$10$7EqJtq98hPqEX7fNZaFWoOhi5g6Y8FDeihh5Z8SGvtQvECOHqWJ/S','https://cdn.demo.com/avatar/20181.png','张伟',2,'15600000181','user_0181@demo.com','F',0,'1990-02-25',0,'2023-06-01 00:00:00','2023-06-01 00:00:00'),(20182,'user_0182','$2b$10$7EqJtq98hPqEX7fNZaFWoOhi5g6Y8FDeihh5Z8SGvtQvECOHqWJ/S','https://cdn.demo.com/avatar/20182.png','李芳',2,'15600000182','user_0182@demo.com','M',0,'1990-02-26',0,'2023-06-01 00:00:00','2023-06-01 00:00:00'),(20183,'user_0183','$2b$10$7EqJtq98hPqEX7fNZaFWoOhi5g6Y8FDeihh5Z8SGvtQvECOHqWJ/S','https://cdn.demo.com/avatar/20183.png','王娜',2,'15600000183','user_0183@demo.com','F',0,'1990-02-27',0,'2023-06-01 00:00:00','2023-06-01 00:00:00'),(20184,'user_0184','$2b$10$7EqJtq98hPqEX7fNZaFWoOhi5g6Y8FDeihh5Z8SGvtQvECOHqWJ/S','https://cdn.demo.com/avatar/20184.png','赵敏',2,'15600000184','user_0184@demo.com','M',0,'1990-02-28',0,'2023-06-01 00:00:00','2023-06-01 00:00:00'),(20185,'user_0185','$2b$10$7EqJtq98hPqEX7fNZaFWoOhi5g6Y8FDeihh5Z8SGvtQvECOHqWJ/S','https://cdn.demo.com/avatar/20185.png','刘静',2,'15600000185','user_0185@demo.com','F',0,'1990-02-01',0,'2023-06-01 00:00:00','2023-06-01 00:00:00'),(20186,'user_0186','$2b$10$7EqJtq98hPqEX7fNZaFWoOhi5g6Y8FDeihh5Z8SGvtQvECOHqWJ/S','https://cdn.demo.com/avatar/20186.png','陈军',2,'15600000186','user_0186@demo.com','M',0,'1990-02-02',0,'2023-06-01 00:00:00','2023-06-01 00:00:00'),(20187,'user_0187','$2b$10$7EqJtq98hPqEX7fNZaFWoOhi5g6Y8FDeihh5Z8SGvtQvECOHqWJ/S','https://cdn.demo.com/avatar/20187.png','杨磊',2,'15600000187','user_0187@demo.com','F',0,'1990-02-03',0,'2023-06-01 00:00:00','2023-06-01 00:00:00'),(20188,'user_0188','$2b$10$7EqJtq98hPqEX7fNZaFWoOhi5g6Y8FDeihh5Z8SGvtQvECOHqWJ/S','https://cdn.demo.com/avatar/20188.png','黄艳',2,'15600000188','user_0188@demo.com','M',0,'1990-02-04',0,'2023-06-01 00:00:00','2023-06-01 00:00:00'),(20189,'user_0189','$2b$10$7EqJtq98hPqEX7fNZaFWoOhi5g6Y8FDeihh5Z8SGvtQvECOHqWJ/S','https://cdn.demo.com/avatar/20189.png','吴涛',2,'15600000189','user_0189@demo.com','F',0,'1990-02-05',0,'2023-06-01 00:00:00','2023-06-01 00:00:00'),(20190,'user_0190','$2b$10$7EqJtq98hPqEX7fNZaFWoOhi5g6Y8FDeihh5Z8SGvtQvECOHqWJ/S','https://cdn.demo.com/avatar/20190.png','周杰',2,'15600000190','user_0190@demo.com','M',0,'1990-02-06',0,'2023-06-01 00:00:00','2023-06-01 00:00:00'),(20191,'user_0191','$2b$10$7EqJtq98hPqEX7fNZaFWoOhi5g6Y8FDeihh5Z8SGvtQvECOHqWJ/S','https://cdn.demo.com/avatar/20191.png','张伟',2,'15600000191','user_0191@demo.com','F',0,'1990-02-07',0,'2023-06-01 00:00:00','2023-06-01 00:00:00'),(20192,'user_0192','$2b$10$7EqJtq98hPqEX7fNZaFWoOhi5g6Y8FDeihh5Z8SGvtQvECOHqWJ/S','https://cdn.demo.com/avatar/20192.png','李芳',2,'15600000192','user_0192@demo.com','M',0,'1990-02-08',0,'2023-06-01 00:00:00','2023-06-01 00:00:00'),(20193,'user_0193','$2b$10$7EqJtq98hPqEX7fNZaFWoOhi5g6Y8FDeihh5Z8SGvtQvECOHqWJ/S','https://cdn.demo.com/avatar/20193.png','王娜',2,'15600000193','user_0193@demo.com','F',0,'1990-02-09',0,'2023-06-01 00:00:00','2023-06-01 00:00:00'),(20194,'user_0194','$2b$10$7EqJtq98hPqEX7fNZaFWoOhi5g6Y8FDeihh5Z8SGvtQvECOHqWJ/S','https://cdn.demo.com/avatar/20194.png','赵敏',2,'15600000194','user_0194@demo.com','M',0,'1990-02-10',0,'2023-06-01 00:00:00','2023-06-01 00:00:00'),(20195,'user_0195','$2b$10$7EqJtq98hPqEX7fNZaFWoOhi5g6Y8FDeihh5Z8SGvtQvECOHqWJ/S','https://cdn.demo.com/avatar/20195.png','刘静',2,'15600000195','user_0195@demo.com','F',0,'1990-02-11',0,'2023-06-01 00:00:00','2023-06-01 00:00:00'),(20196,'user_0196','$2b$10$7EqJtq98hPqEX7fNZaFWoOhi5g6Y8FDeihh5Z8SGvtQvECOHqWJ/S','https://cdn.demo.com/avatar/20196.png','陈军',2,'15600000196','user_0196@demo.com','M',0,'1990-02-12',0,'2023-06-01 00:00:00','2023-06-01 00:00:00'),(20197,'user_0197','$2b$10$7EqJtq98hPqEX7fNZaFWoOhi5g6Y8FDeihh5Z8SGvtQvECOHqWJ/S','https://cdn.demo.com/avatar/20197.png','杨磊',2,'15600000197','user_0197@demo.com','F',0,'1990-02-13',0,'2023-06-01 00:00:00','2023-06-01 00:00:00'),(20198,'user_0198','$2b$10$7EqJtq98hPqEX7fNZaFWoOhi5g6Y8FDeihh5Z8SGvtQvECOHqWJ/S','https://cdn.demo.com/avatar/20198.png','黄艳',2,'15600000198','user_0198@demo.com','M',0,'1990-02-14',0,'2023-06-01 00:00:00','2023-06-01 00:00:00'),(20199,'user_0199','$2b$10$7EqJtq98hPqEX7fNZaFWoOhi5g6Y8FDeihh5Z8SGvtQvECOHqWJ/S','https://cdn.demo.com/avatar/20199.png','吴涛',2,'15600000199','user_0199@demo.com','F',0,'1990-02-15',0,'2023-06-01 00:00:00','2023-06-01 00:00:00'),(20200,'user_0200','$2b$10$7EqJtq98hPqEX7fNZaFWoOhi5g6Y8FDeihh5Z8SGvtQvECOHqWJ/S','https://cdn.demo.com/avatar/20200.png','周杰',2,'15600000200','user_0200@demo.com','M',0,'1990-02-16',0,'2023-06-01 00:00:00','2023-06-01 00:00:00'),(20201,'user_0201','$2b$10$7EqJtq98hPqEX7fNZaFWoOhi5g6Y8FDeihh5Z8SGvtQvECOHqWJ/S','https://cdn.demo.com/avatar/20201.png','张伟',2,'15900000201','user_0201@demo.com','F',0,'1990-03-01',0,'2023-06-01 00:00:00','2023-06-01 00:00:00'),(20202,'user_0202','$2b$10$7EqJtq98hPqEX7fNZaFWoOhi5g6Y8FDeihh5Z8SGvtQvECOHqWJ/S','https://cdn.demo.com/avatar/20202.png','李芳',2,'15900000202','user_0202@demo.com','M',0,'1990-03-02',0,'2023-06-01 00:00:00','2023-06-01 00:00:00'),(20203,'user_0203','$2b$10$7EqJtq98hPqEX7fNZaFWoOhi5g6Y8FDeihh5Z8SGvtQvECOHqWJ/S','https://cdn.demo.com/avatar/20203.png','王娜',2,'15900000203','user_0203@demo.com','F',0,'1990-03-03',0,'2023-06-01 00:00:00','2023-06-01 00:00:00'),(20204,'user_0204','$2b$10$7EqJtq98hPqEX7fNZaFWoOhi5g6Y8FDeihh5Z8SGvtQvECOHqWJ/S','https://cdn.demo.com/avatar/20204.png','赵敏',2,'15900000204','user_0204@demo.com','M',0,'1990-03-04',0,'2023-06-01 00:00:00','2023-06-01 00:00:00'),(20205,'user_0205','$2b$10$7EqJtq98hPqEX7fNZaFWoOhi5g6Y8FDeihh5Z8SGvtQvECOHqWJ/S','https://cdn.demo.com/avatar/20205.png','刘静',2,'15900000205','user_0205@demo.com','F',0,'1990-03-05',0,'2023-06-01 00:00:00','2023-06-01 00:00:00'),(20206,'user_0206','$2b$10$7EqJtq98hPqEX7fNZaFWoOhi5g6Y8FDeihh5Z8SGvtQvECOHqWJ/S','https://cdn.demo.com/avatar/20206.png','陈军',2,'15900000206','user_0206@demo.com','M',0,'1990-03-06',0,'2023-06-01 00:00:00','2023-06-01 00:00:00'),(20207,'user_0207','$2b$10$7EqJtq98hPqEX7fNZaFWoOhi5g6Y8FDeihh5Z8SGvtQvECOHqWJ/S','https://cdn.demo.com/avatar/20207.png','杨磊',2,'15900000207','user_0207@demo.com','F',0,'1990-03-07',0,'2023-06-01 00:00:00','2023-06-01 00:00:00'),(20208,'user_0208','$2b$10$7EqJtq98hPqEX7fNZaFWoOhi5g6Y8FDeihh5Z8SGvtQvECOHqWJ/S','https://cdn.demo.com/avatar/20208.png','黄艳',2,'15900000208','user_0208@demo.com','M',0,'1990-03-08',0,'2023-06-01 00:00:00','2023-06-01 00:00:00'),(20209,'user_0209','$2b$10$7EqJtq98hPqEX7fNZaFWoOhi5g6Y8FDeihh5Z8SGvtQvECOHqWJ/S','https://cdn.demo.com/avatar/20209.png','吴涛',2,'15900000209','user_0209@demo.com','F',0,'1990-03-09',0,'2023-06-01 00:00:00','2023-06-01 00:00:00'),(20210,'user_0210','$2b$10$7EqJtq98hPqEX7fNZaFWoOhi5g6Y8FDeihh5Z8SGvtQvECOHqWJ/S','https://cdn.demo.com/avatar/20210.png','周杰',2,'15900000210','user_0210@demo.com','M',0,'1990-03-10',0,'2023-06-01 00:00:00','2023-06-01 00:00:00'),(20211,'user_0211','$2b$10$7EqJtq98hPqEX7fNZaFWoOhi5g6Y8FDeihh5Z8SGvtQvECOHqWJ/S','https://cdn.demo.com/avatar/20211.png','张伟',2,'15900000211','user_0211@demo.com','F',0,'1990-03-11',0,'2023-06-01 00:00:00','2023-06-01 00:00:00'),(20212,'user_0212','$2b$10$7EqJtq98hPqEX7fNZaFWoOhi5g6Y8FDeihh5Z8SGvtQvECOHqWJ/S','https://cdn.demo.com/avatar/20212.png','李芳',2,'15900000212','user_0212@demo.com','M',0,'1990-03-12',0,'2023-06-01 00:00:00','2023-06-01 00:00:00'),(20213,'user_0213','$2b$10$7EqJtq98hPqEX7fNZaFWoOhi5g6Y8FDeihh5Z8SGvtQvECOHqWJ/S','https://cdn.demo.com/avatar/20213.png','王娜',2,'15900000213','user_0213@demo.com','F',0,'1990-03-13',0,'2023-06-01 00:00:00','2023-06-01 00:00:00'),(20214,'user_0214','$2b$10$7EqJtq98hPqEX7fNZaFWoOhi5g6Y8FDeihh5Z8SGvtQvECOHqWJ/S','https://cdn.demo.com/avatar/20214.png','赵敏',2,'15900000214','user_0214@demo.com','M',0,'1990-03-14',0,'2023-06-01 00:00:00','2023-06-01 00:00:00'),(20215,'user_0215','$2b$10$7EqJtq98hPqEX7fNZaFWoOhi5g6Y8FDeihh5Z8SGvtQvECOHqWJ/S','https://cdn.demo.com/avatar/20215.png','刘静',2,'15900000215','user_0215@demo.com','F',0,'1990-03-15',0,'2023-06-01 00:00:00','2023-06-01 00:00:00'),(20216,'user_0216','$2b$10$7EqJtq98hPqEX7fNZaFWoOhi5g6Y8FDeihh5Z8SGvtQvECOHqWJ/S','https://cdn.demo.com/avatar/20216.png','陈军',2,'15900000216','user_0216@demo.com','M',0,'1990-03-16',0,'2023-06-01 00:00:00','2023-06-01 00:00:00'),(20217,'user_0217','$2b$10$7EqJtq98hPqEX7fNZaFWoOhi5g6Y8FDeihh5Z8SGvtQvECOHqWJ/S','https://cdn.demo.com/avatar/20217.png','杨磊',2,'15900000217','user_0217@demo.com','F',0,'1990-03-17',0,'2023-06-01 00:00:00','2023-06-01 00:00:00'),(20218,'user_0218','$2b$10$7EqJtq98hPqEX7fNZaFWoOhi5g6Y8FDeihh5Z8SGvtQvECOHqWJ/S','https://cdn.demo.com/avatar/20218.png','黄艳',2,'15900000218','user_0218@demo.com','M',0,'1990-03-18',0,'2023-06-01 00:00:00','2023-06-01 00:00:00'),(20219,'user_0219','$2b$10$7EqJtq98hPqEX7fNZaFWoOhi5g6Y8FDeihh5Z8SGvtQvECOHqWJ/S','https://cdn.demo.com/avatar/20219.png','吴涛',2,'15900000219','user_0219@demo.com','F',0,'1990-03-19',0,'2023-06-01 00:00:00','2023-06-01 00:00:00'),(20220,'user_0220','$2b$10$7EqJtq98hPqEX7fNZaFWoOhi5g6Y8FDeihh5Z8SGvtQvECOHqWJ/S','https://cdn.demo.com/avatar/20220.png','周杰',2,'15900000220','user_0220@demo.com','M',0,'1990-03-20',0,'2023-06-01 00:00:00','2023-06-01 00:00:00'),(20221,'user_0221','$2b$10$7EqJtq98hPqEX7fNZaFWoOhi5g6Y8FDeihh5Z8SGvtQvECOHqWJ/S','https://cdn.demo.com/avatar/20221.png','张伟',2,'15900000221','user_0221@demo.com','F',0,'1990-03-21',0,'2023-06-01 00:00:00','2023-06-01 00:00:00'),(20222,'user_0222','$2b$10$7EqJtq98hPqEX7fNZaFWoOhi5g6Y8FDeihh5Z8SGvtQvECOHqWJ/S','https://cdn.demo.com/avatar/20222.png','李芳',2,'15900000222','user_0222@demo.com','M',0,'1990-03-22',0,'2023-06-01 00:00:00','2023-06-01 00:00:00'),(20223,'user_0223','$2b$10$7EqJtq98hPqEX7fNZaFWoOhi5g6Y8FDeihh5Z8SGvtQvECOHqWJ/S','https://cdn.demo.com/avatar/20223.png','王娜',2,'15900000223','user_0223@demo.com','F',0,'1990-03-23',0,'2023-06-01 00:00:00','2023-06-01 00:00:00'),(20224,'user_0224','$2b$10$7EqJtq98hPqEX7fNZaFWoOhi5g6Y8FDeihh5Z8SGvtQvECOHqWJ/S','https://cdn.demo.com/avatar/20224.png','赵敏',2,'15900000224','user_0224@demo.com','M',0,'1990-03-24',0,'2023-06-01 00:00:00','2023-06-01 00:00:00'),(20225,'user_0225','$2b$10$7EqJtq98hPqEX7fNZaFWoOhi5g6Y8FDeihh5Z8SGvtQvECOHqWJ/S','https://cdn.demo.com/avatar/20225.png','刘静',2,'15900000225','user_0225@demo.com','F',0,'1990-03-25',0,'2023-06-01 00:00:00','2023-06-01 00:00:00'),(20226,'user_0226','$2b$10$7EqJtq98hPqEX7fNZaFWoOhi5g6Y8FDeihh5Z8SGvtQvECOHqWJ/S','https://cdn.demo.com/avatar/20226.png','陈军',2,'15900000226','user_0226@demo.com','M',0,'1990-03-26',0,'2023-06-01 00:00:00','2023-06-01 00:00:00'),(20227,'user_0227','$2b$10$7EqJtq98hPqEX7fNZaFWoOhi5g6Y8FDeihh5Z8SGvtQvECOHqWJ/S','https://cdn.demo.com/avatar/20227.png','杨磊',2,'15900000227','user_0227@demo.com','F',0,'1990-03-27',0,'2023-06-01 00:00:00','2023-06-01 00:00:00'),(20228,'user_0228','$2b$10$7EqJtq98hPqEX7fNZaFWoOhi5g6Y8FDeihh5Z8SGvtQvECOHqWJ/S','https://cdn.demo.com/avatar/20228.png','黄艳',2,'15900000228','user_0228@demo.com','M',0,'1990-03-28',0,'2023-06-01 00:00:00','2023-06-01 00:00:00'),(20229,'user_0229','$2b$10$7EqJtq98hPqEX7fNZaFWoOhi5g6Y8FDeihh5Z8SGvtQvECOHqWJ/S','https://cdn.demo.com/avatar/20229.png','吴涛',2,'15900000229','user_0229@demo.com','F',0,'1990-03-01',0,'2023-06-01 00:00:00','2023-06-01 00:00:00'),(20230,'user_0230','$2b$10$7EqJtq98hPqEX7fNZaFWoOhi5g6Y8FDeihh5Z8SGvtQvECOHqWJ/S','https://cdn.demo.com/avatar/20230.png','周杰',2,'15900000230','user_0230@demo.com','M',0,'1990-03-02',0,'2023-06-01 00:00:00','2023-06-01 00:00:00'),(20231,'user_0231','$2b$10$7EqJtq98hPqEX7fNZaFWoOhi5g6Y8FDeihh5Z8SGvtQvECOHqWJ/S','https://cdn.demo.com/avatar/20231.png','张伟',2,'15900000231','user_0231@demo.com','F',0,'1990-03-03',0,'2023-06-01 00:00:00','2023-06-01 00:00:00'),(20232,'user_0232','$2b$10$7EqJtq98hPqEX7fNZaFWoOhi5g6Y8FDeihh5Z8SGvtQvECOHqWJ/S','https://cdn.demo.com/avatar/20232.png','李芳',2,'15900000232','user_0232@demo.com','M',0,'1990-03-04',0,'2023-06-01 00:00:00','2023-06-01 00:00:00'),(20233,'user_0233','$2b$10$7EqJtq98hPqEX7fNZaFWoOhi5g6Y8FDeihh5Z8SGvtQvECOHqWJ/S','https://cdn.demo.com/avatar/20233.png','王娜',2,'15900000233','user_0233@demo.com','F',0,'1990-03-05',0,'2023-06-01 00:00:00','2023-06-01 00:00:00'),(20234,'user_0234','$2b$10$7EqJtq98hPqEX7fNZaFWoOhi5g6Y8FDeihh5Z8SGvtQvECOHqWJ/S','https://cdn.demo.com/avatar/20234.png','赵敏',2,'15900000234','user_0234@demo.com','M',0,'1990-03-06',0,'2023-06-01 00:00:00','2023-06-01 00:00:00'),(20235,'user_0235','$2b$10$7EqJtq98hPqEX7fNZaFWoOhi5g6Y8FDeihh5Z8SGvtQvECOHqWJ/S','https://cdn.demo.com/avatar/20235.png','刘静',2,'15900000235','user_0235@demo.com','F',0,'1990-03-07',0,'2023-06-01 00:00:00','2023-06-01 00:00:00'),(20236,'user_0236','$2b$10$7EqJtq98hPqEX7fNZaFWoOhi5g6Y8FDeihh5Z8SGvtQvECOHqWJ/S','https://cdn.demo.com/avatar/20236.png','陈军',2,'15900000236','user_0236@demo.com','M',0,'1990-03-08',0,'2023-06-01 00:00:00','2023-06-01 00:00:00'),(20237,'user_0237','$2b$10$7EqJtq98hPqEX7fNZaFWoOhi5g6Y8FDeihh5Z8SGvtQvECOHqWJ/S','https://cdn.demo.com/avatar/20237.png','杨磊',2,'15900000237','user_0237@demo.com','F',0,'1990-03-09',0,'2023-06-01 00:00:00','2023-06-01 00:00:00'),(20238,'user_0238','$2b$10$7EqJtq98hPqEX7fNZaFWoOhi5g6Y8FDeihh5Z8SGvtQvECOHqWJ/S','https://cdn.demo.com/avatar/20238.png','黄艳',2,'15900000238','user_0238@demo.com','M',0,'1990-03-10',0,'2023-06-01 00:00:00','2023-06-01 00:00:00'),(20239,'user_0239','$2b$10$7EqJtq98hPqEX7fNZaFWoOhi5g6Y8FDeihh5Z8SGvtQvECOHqWJ/S','https://cdn.demo.com/avatar/20239.png','吴涛',2,'15900000239','user_0239@demo.com','F',0,'1990-03-11',0,'2023-06-01 00:00:00','2023-06-01 00:00:00'),(20240,'user_0240','$2b$10$7EqJtq98hPqEX7fNZaFWoOhi5g6Y8FDeihh5Z8SGvtQvECOHqWJ/S','https://cdn.demo.com/avatar/20240.png','周杰',2,'15900000240','user_0240@demo.com','M',0,'1990-03-12',0,'2023-06-01 00:00:00','2023-06-01 00:00:00'),(20241,'user_0241','$2b$10$7EqJtq98hPqEX7fNZaFWoOhi5g6Y8FDeihh5Z8SGvtQvECOHqWJ/S','https://cdn.demo.com/avatar/20241.png','张伟',2,'15900000241','user_0241@demo.com','F',0,'1990-03-13',0,'2023-06-01 00:00:00','2023-06-01 00:00:00'),(20242,'user_0242','$2b$10$7EqJtq98hPqEX7fNZaFWoOhi5g6Y8FDeihh5Z8SGvtQvECOHqWJ/S','https://cdn.demo.com/avatar/20242.png','李芳',2,'15900000242','user_0242@demo.com','M',0,'1990-03-14',0,'2023-06-01 00:00:00','2023-06-01 00:00:00'),(20243,'user_0243','$2b$10$7EqJtq98hPqEX7fNZaFWoOhi5g6Y8FDeihh5Z8SGvtQvECOHqWJ/S','https://cdn.demo.com/avatar/20243.png','王娜',2,'15900000243','user_0243@demo.com','F',0,'1990-03-15',0,'2023-06-01 00:00:00','2023-06-01 00:00:00'),(20244,'user_0244','$2b$10$7EqJtq98hPqEX7fNZaFWoOhi5g6Y8FDeihh5Z8SGvtQvECOHqWJ/S','https://cdn.demo.com/avatar/20244.png','赵敏',2,'15900000244','user_0244@demo.com','M',0,'1990-03-16',0,'2023-06-01 00:00:00','2023-06-01 00:00:00'),(20245,'user_0245','$2b$10$7EqJtq98hPqEX7fNZaFWoOhi5g6Y8FDeihh5Z8SGvtQvECOHqWJ/S','https://cdn.demo.com/avatar/20245.png','刘静',2,'15900000245','user_0245@demo.com','F',0,'1990-03-17',0,'2023-06-01 00:00:00','2023-06-01 00:00:00'),(20246,'user_0246','$2b$10$7EqJtq98hPqEX7fNZaFWoOhi5g6Y8FDeihh5Z8SGvtQvECOHqWJ/S','https://cdn.demo.com/avatar/20246.png','陈军',2,'15900000246','user_0246@demo.com','M',0,'1990-03-18',0,'2023-06-01 00:00:00','2023-06-01 00:00:00'),(20247,'user_0247','$2b$10$7EqJtq98hPqEX7fNZaFWoOhi5g6Y8FDeihh5Z8SGvtQvECOHqWJ/S','https://cdn.demo.com/avatar/20247.png','杨磊',2,'15900000247','user_0247@demo.com','F',0,'1990-03-19',0,'2023-06-01 00:00:00','2023-06-01 00:00:00'),(20248,'user_0248','$2b$10$7EqJtq98hPqEX7fNZaFWoOhi5g6Y8FDeihh5Z8SGvtQvECOHqWJ/S','https://cdn.demo.com/avatar/20248.png','黄艳',2,'15900000248','user_0248@demo.com','M',0,'1990-03-20',0,'2023-06-01 00:00:00','2023-06-01 00:00:00'),(20249,'user_0249','$2b$10$7EqJtq98hPqEX7fNZaFWoOhi5g6Y8FDeihh5Z8SGvtQvECOHqWJ/S','https://cdn.demo.com/avatar/20249.png','吴涛',2,'15900000249','user_0249@demo.com','F',0,'1990-03-21',0,'2023-06-01 00:00:00','2023-06-01 00:00:00'),(20250,'user_0250','$2b$10$7EqJtq98hPqEX7fNZaFWoOhi5g6Y8FDeihh5Z8SGvtQvECOHqWJ/S','https://cdn.demo.com/avatar/20250.png','周杰',2,'15900000250','user_0250@demo.com','M',0,'1990-03-22',0,'2023-06-01 00:00:00','2023-06-01 00:00:00'),(20251,'user_0251','$2b$10$7EqJtq98hPqEX7fNZaFWoOhi5g6Y8FDeihh5Z8SGvtQvECOHqWJ/S','https://cdn.demo.com/avatar/20251.png','张伟',2,'15900000251','user_0251@demo.com','F',0,'1990-03-23',0,'2023-06-01 00:00:00','2023-06-01 00:00:00'),(20252,'user_0252','$2b$10$7EqJtq98hPqEX7fNZaFWoOhi5g6Y8FDeihh5Z8SGvtQvECOHqWJ/S','https://cdn.demo.com/avatar/20252.png','李芳',2,'15900000252','user_0252@demo.com','M',0,'1990-03-24',0,'2023-06-01 00:00:00','2023-06-01 00:00:00'),(20253,'user_0253','$2b$10$7EqJtq98hPqEX7fNZaFWoOhi5g6Y8FDeihh5Z8SGvtQvECOHqWJ/S','https://cdn.demo.com/avatar/20253.png','王娜',2,'15900000253','user_0253@demo.com','F',0,'1990-03-25',0,'2023-06-01 00:00:00','2023-06-01 00:00:00'),(20254,'user_0254','$2b$10$7EqJtq98hPqEX7fNZaFWoOhi5g6Y8FDeihh5Z8SGvtQvECOHqWJ/S','https://cdn.demo.com/avatar/20254.png','赵敏',2,'15900000254','user_0254@demo.com','M',0,'1990-03-26',0,'2023-06-01 00:00:00','2023-06-01 00:00:00'),(20255,'user_0255','$2b$10$7EqJtq98hPqEX7fNZaFWoOhi5g6Y8FDeihh5Z8SGvtQvECOHqWJ/S','https://cdn.demo.com/avatar/20255.png','刘静',2,'15900000255','user_0255@demo.com','F',0,'1990-03-27',0,'2023-06-01 00:00:00','2023-06-01 00:00:00'),(20256,'user_0256','$2b$10$7EqJtq98hPqEX7fNZaFWoOhi5g6Y8FDeihh5Z8SGvtQvECOHqWJ/S','https://cdn.demo.com/avatar/20256.png','陈军',2,'15900000256','user_0256@demo.com','M',0,'1990-03-28',0,'2023-06-01 00:00:00','2023-06-01 00:00:00'),(20257,'user_0257','$2b$10$7EqJtq98hPqEX7fNZaFWoOhi5g6Y8FDeihh5Z8SGvtQvECOHqWJ/S','https://cdn.demo.com/avatar/20257.png','杨磊',2,'15900000257','user_0257@demo.com','F',0,'1990-03-01',0,'2023-06-01 00:00:00','2023-06-01 00:00:00'),(20258,'user_0258','$2b$10$7EqJtq98hPqEX7fNZaFWoOhi5g6Y8FDeihh5Z8SGvtQvECOHqWJ/S','https://cdn.demo.com/avatar/20258.png','黄艳',2,'15900000258','user_0258@demo.com','M',0,'1990-03-02',0,'2023-06-01 00:00:00','2023-06-01 00:00:00'),(20259,'user_0259','$2b$10$7EqJtq98hPqEX7fNZaFWoOhi5g6Y8FDeihh5Z8SGvtQvECOHqWJ/S','https://cdn.demo.com/avatar/20259.png','吴涛',2,'15900000259','user_0259@demo.com','F',0,'1990-03-03',0,'2023-06-01 00:00:00','2023-06-01 00:00:00'),(20260,'user_0260','$2b$10$7EqJtq98hPqEX7fNZaFWoOhi5g6Y8FDeihh5Z8SGvtQvECOHqWJ/S','https://cdn.demo.com/avatar/20260.png','周杰',2,'15900000260','user_0260@demo.com','M',0,'1990-03-04',0,'2023-06-01 00:00:00','2023-06-01 00:00:00'),(20261,'user_0261','$2b$10$7EqJtq98hPqEX7fNZaFWoOhi5g6Y8FDeihh5Z8SGvtQvECOHqWJ/S','https://cdn.demo.com/avatar/20261.png','张伟',2,'15900000261','user_0261@demo.com','F',0,'1990-03-05',0,'2023-06-01 00:00:00','2023-06-01 00:00:00'),(20262,'user_0262','$2b$10$7EqJtq98hPqEX7fNZaFWoOhi5g6Y8FDeihh5Z8SGvtQvECOHqWJ/S','https://cdn.demo.com/avatar/20262.png','李芳',2,'15900000262','user_0262@demo.com','M',0,'1990-03-06',0,'2023-06-01 00:00:00','2023-06-01 00:00:00'),(20263,'user_0263','$2b$10$7EqJtq98hPqEX7fNZaFWoOhi5g6Y8FDeihh5Z8SGvtQvECOHqWJ/S','https://cdn.demo.com/avatar/20263.png','王娜',2,'15900000263','user_0263@demo.com','F',0,'1990-03-07',0,'2023-06-01 00:00:00','2023-06-01 00:00:00'),(20264,'user_0264','$2b$10$7EqJtq98hPqEX7fNZaFWoOhi5g6Y8FDeihh5Z8SGvtQvECOHqWJ/S','https://cdn.demo.com/avatar/20264.png','赵敏',2,'15900000264','user_0264@demo.com','M',0,'1990-03-08',0,'2023-06-01 00:00:00','2023-06-01 00:00:00'),(20265,'user_0265','$2b$10$7EqJtq98hPqEX7fNZaFWoOhi5g6Y8FDeihh5Z8SGvtQvECOHqWJ/S','https://cdn.demo.com/avatar/20265.png','刘静',2,'15900000265','user_0265@demo.com','F',0,'1990-03-09',0,'2023-06-01 00:00:00','2023-06-01 00:00:00'),(20266,'user_0266','$2b$10$7EqJtq98hPqEX7fNZaFWoOhi5g6Y8FDeihh5Z8SGvtQvECOHqWJ/S','https://cdn.demo.com/avatar/20266.png','陈军',2,'15900000266','user_0266@demo.com','M',0,'1990-03-10',0,'2023-06-01 00:00:00','2023-06-01 00:00:00'),(20267,'user_0267','$2b$10$7EqJtq98hPqEX7fNZaFWoOhi5g6Y8FDeihh5Z8SGvtQvECOHqWJ/S','https://cdn.demo.com/avatar/20267.png','杨磊',2,'15900000267','user_0267@demo.com','F',0,'1990-03-11',0,'2023-06-01 00:00:00','2023-06-01 00:00:00'),(20268,'user_0268','$2b$10$7EqJtq98hPqEX7fNZaFWoOhi5g6Y8FDeihh5Z8SGvtQvECOHqWJ/S','https://cdn.demo.com/avatar/20268.png','黄艳',2,'15900000268','user_0268@demo.com','M',0,'1990-03-12',0,'2023-06-01 00:00:00','2023-06-01 00:00:00'),(20269,'user_0269','$2b$10$7EqJtq98hPqEX7fNZaFWoOhi5g6Y8FDeihh5Z8SGvtQvECOHqWJ/S','https://cdn.demo.com/avatar/20269.png','吴涛',2,'15900000269','user_0269@demo.com','F',0,'1990-03-13',0,'2023-06-01 00:00:00','2023-06-01 00:00:00'),(20270,'user_0270','$2b$10$7EqJtq98hPqEX7fNZaFWoOhi5g6Y8FDeihh5Z8SGvtQvECOHqWJ/S','https://cdn.demo.com/avatar/20270.png','周杰',2,'15900000270','user_0270@demo.com','M',0,'1990-03-14',0,'2023-06-01 00:00:00','2023-06-01 00:00:00'),(20271,'user_0271','$2b$10$7EqJtq98hPqEX7fNZaFWoOhi5g6Y8FDeihh5Z8SGvtQvECOHqWJ/S','https://cdn.demo.com/avatar/20271.png','张伟',2,'15900000271','user_0271@demo.com','F',0,'1990-03-15',0,'2023-06-01 00:00:00','2023-06-01 00:00:00'),(20272,'user_0272','$2b$10$7EqJtq98hPqEX7fNZaFWoOhi5g6Y8FDeihh5Z8SGvtQvECOHqWJ/S','https://cdn.demo.com/avatar/20272.png','李芳',2,'15900000272','user_0272@demo.com','M',0,'1990-03-16',0,'2023-06-01 00:00:00','2023-06-01 00:00:00'),(20273,'user_0273','$2b$10$7EqJtq98hPqEX7fNZaFWoOhi5g6Y8FDeihh5Z8SGvtQvECOHqWJ/S','https://cdn.demo.com/avatar/20273.png','王娜',2,'15900000273','user_0273@demo.com','F',0,'1990-03-17',0,'2023-06-01 00:00:00','2023-06-01 00:00:00'),(20274,'user_0274','$2b$10$7EqJtq98hPqEX7fNZaFWoOhi5g6Y8FDeihh5Z8SGvtQvECOHqWJ/S','https://cdn.demo.com/avatar/20274.png','赵敏',2,'15900000274','user_0274@demo.com','M',0,'1990-03-18',0,'2023-06-01 00:00:00','2023-06-01 00:00:00'),(20275,'user_0275','$2b$10$7EqJtq98hPqEX7fNZaFWoOhi5g6Y8FDeihh5Z8SGvtQvECOHqWJ/S','https://cdn.demo.com/avatar/20275.png','刘静',2,'15900000275','user_0275@demo.com','F',0,'1990-03-19',0,'2023-06-01 00:00:00','2023-06-01 00:00:00'),(20276,'user_0276','$2b$10$7EqJtq98hPqEX7fNZaFWoOhi5g6Y8FDeihh5Z8SGvtQvECOHqWJ/S','https://cdn.demo.com/avatar/20276.png','陈军',2,'15900000276','user_0276@demo.com','M',0,'1990-03-20',0,'2023-06-01 00:00:00','2023-06-01 00:00:00'),(20277,'user_0277','$2b$10$7EqJtq98hPqEX7fNZaFWoOhi5g6Y8FDeihh5Z8SGvtQvECOHqWJ/S','https://cdn.demo.com/avatar/20277.png','杨磊',2,'15900000277','user_0277@demo.com','F',0,'1990-03-21',0,'2023-06-01 00:00:00','2023-06-01 00:00:00'),(20278,'user_0278','$2b$10$7EqJtq98hPqEX7fNZaFWoOhi5g6Y8FDeihh5Z8SGvtQvECOHqWJ/S','https://cdn.demo.com/avatar/20278.png','黄艳',2,'15900000278','user_0278@demo.com','M',0,'1990-03-22',0,'2023-06-01 00:00:00','2023-06-01 00:00:00'),(20279,'user_0279','$2b$10$7EqJtq98hPqEX7fNZaFWoOhi5g6Y8FDeihh5Z8SGvtQvECOHqWJ/S','https://cdn.demo.com/avatar/20279.png','吴涛',2,'15900000279','user_0279@demo.com','F',0,'1990-03-23',0,'2023-06-01 00:00:00','2023-06-01 00:00:00'),(20280,'user_0280','$2b$10$7EqJtq98hPqEX7fNZaFWoOhi5g6Y8FDeihh5Z8SGvtQvECOHqWJ/S','https://cdn.demo.com/avatar/20280.png','周杰',2,'15900000280','user_0280@demo.com','M',0,'1990-03-24',0,'2023-06-01 00:00:00','2023-06-01 00:00:00'),(20281,'user_0281','$2b$10$7EqJtq98hPqEX7fNZaFWoOhi5g6Y8FDeihh5Z8SGvtQvECOHqWJ/S','https://cdn.demo.com/avatar/20281.png','张伟',2,'15900000281','user_0281@demo.com','F',0,'1990-03-25',0,'2023-06-01 00:00:00','2023-06-01 00:00:00'),(20282,'user_0282','$2b$10$7EqJtq98hPqEX7fNZaFWoOhi5g6Y8FDeihh5Z8SGvtQvECOHqWJ/S','https://cdn.demo.com/avatar/20282.png','李芳',2,'15900000282','user_0282@demo.com','M',0,'1990-03-26',0,'2023-06-01 00:00:00','2023-06-01 00:00:00'),(20283,'user_0283','$2b$10$7EqJtq98hPqEX7fNZaFWoOhi5g6Y8FDeihh5Z8SGvtQvECOHqWJ/S','https://cdn.demo.com/avatar/20283.png','王娜',2,'15900000283','user_0283@demo.com','F',0,'1990-03-27',0,'2023-06-01 00:00:00','2023-06-01 00:00:00'),(20284,'user_0284','$2b$10$7EqJtq98hPqEX7fNZaFWoOhi5g6Y8FDeihh5Z8SGvtQvECOHqWJ/S','https://cdn.demo.com/avatar/20284.png','赵敏',2,'15900000284','user_0284@demo.com','M',0,'1990-03-28',0,'2023-06-01 00:00:00','2023-06-01 00:00:00'),(20285,'user_0285','$2b$10$7EqJtq98hPqEX7fNZaFWoOhi5g6Y8FDeihh5Z8SGvtQvECOHqWJ/S','https://cdn.demo.com/avatar/20285.png','刘静',2,'15900000285','user_0285@demo.com','F',0,'1990-03-01',0,'2023-06-01 00:00:00','2023-06-01 00:00:00'),(20286,'user_0286','$2b$10$7EqJtq98hPqEX7fNZaFWoOhi5g6Y8FDeihh5Z8SGvtQvECOHqWJ/S','https://cdn.demo.com/avatar/20286.png','陈军',2,'15900000286','user_0286@demo.com','M',0,'1990-03-02',0,'2023-06-01 00:00:00','2023-06-01 00:00:00'),(20287,'user_0287','$2b$10$7EqJtq98hPqEX7fNZaFWoOhi5g6Y8FDeihh5Z8SGvtQvECOHqWJ/S','https://cdn.demo.com/avatar/20287.png','杨磊',2,'15900000287','user_0287@demo.com','F',0,'1990-03-03',0,'2023-06-01 00:00:00','2023-06-01 00:00:00'),(20288,'user_0288','$2b$10$7EqJtq98hPqEX7fNZaFWoOhi5g6Y8FDeihh5Z8SGvtQvECOHqWJ/S','https://cdn.demo.com/avatar/20288.png','黄艳',2,'15900000288','user_0288@demo.com','M',0,'1990-03-04',0,'2023-06-01 00:00:00','2023-06-01 00:00:00'),(20289,'user_0289','$2b$10$7EqJtq98hPqEX7fNZaFWoOhi5g6Y8FDeihh5Z8SGvtQvECOHqWJ/S','https://cdn.demo.com/avatar/20289.png','吴涛',2,'15900000289','user_0289@demo.com','F',0,'1990-03-05',0,'2023-06-01 00:00:00','2023-06-01 00:00:00'),(20290,'user_0290','$2b$10$7EqJtq98hPqEX7fNZaFWoOhi5g6Y8FDeihh5Z8SGvtQvECOHqWJ/S','https://cdn.demo.com/avatar/20290.png','周杰',2,'15900000290','user_0290@demo.com','M',0,'1990-03-06',0,'2023-06-01 00:00:00','2023-06-01 00:00:00'),(20291,'user_0291','$2b$10$7EqJtq98hPqEX7fNZaFWoOhi5g6Y8FDeihh5Z8SGvtQvECOHqWJ/S','https://cdn.demo.com/avatar/20291.png','张伟',2,'15900000291','user_0291@demo.com','F',0,'1990-03-07',0,'2023-06-01 00:00:00','2023-06-01 00:00:00'),(20292,'user_0292','$2b$10$7EqJtq98hPqEX7fNZaFWoOhi5g6Y8FDeihh5Z8SGvtQvECOHqWJ/S','https://cdn.demo.com/avatar/20292.png','李芳',2,'15900000292','user_0292@demo.com','M',0,'1990-03-08',0,'2023-06-01 00:00:00','2023-06-01 00:00:00'),(20293,'user_0293','$2b$10$7EqJtq98hPqEX7fNZaFWoOhi5g6Y8FDeihh5Z8SGvtQvECOHqWJ/S','https://cdn.demo.com/avatar/20293.png','王娜',2,'15900000293','user_0293@demo.com','F',0,'1990-03-09',0,'2023-06-01 00:00:00','2023-06-01 00:00:00'),(20294,'user_0294','$2b$10$7EqJtq98hPqEX7fNZaFWoOhi5g6Y8FDeihh5Z8SGvtQvECOHqWJ/S','https://cdn.demo.com/avatar/20294.png','赵敏',2,'15900000294','user_0294@demo.com','M',0,'1990-03-10',0,'2023-06-01 00:00:00','2023-06-01 00:00:00'),(20295,'user_0295','$2b$10$7EqJtq98hPqEX7fNZaFWoOhi5g6Y8FDeihh5Z8SGvtQvECOHqWJ/S','https://cdn.demo.com/avatar/20295.png','刘静',2,'15900000295','user_0295@demo.com','F',0,'1990-03-11',0,'2023-06-01 00:00:00','2023-06-01 00:00:00'),(20296,'user_0296','$2b$10$7EqJtq98hPqEX7fNZaFWoOhi5g6Y8FDeihh5Z8SGvtQvECOHqWJ/S','https://cdn.demo.com/avatar/20296.png','陈军',2,'15900000296','user_0296@demo.com','M',0,'1990-03-12',0,'2023-06-01 00:00:00','2023-06-01 00:00:00'),(20297,'user_0297','$2b$10$7EqJtq98hPqEX7fNZaFWoOhi5g6Y8FDeihh5Z8SGvtQvECOHqWJ/S','https://cdn.demo.com/avatar/20297.png','杨磊',2,'15900000297','user_0297@demo.com','F',0,'1990-03-13',0,'2023-06-01 00:00:00','2023-06-01 00:00:00'),(20298,'user_0298','$2b$10$7EqJtq98hPqEX7fNZaFWoOhi5g6Y8FDeihh5Z8SGvtQvECOHqWJ/S','https://cdn.demo.com/avatar/20298.png','黄艳',2,'15900000298','user_0298@demo.com','M',0,'1990-03-14',0,'2023-06-01 00:00:00','2023-06-01 00:00:00'),(20299,'user_0299','$2b$10$7EqJtq98hPqEX7fNZaFWoOhi5g6Y8FDeihh5Z8SGvtQvECOHqWJ/S','https://cdn.demo.com/avatar/20299.png','吴涛',2,'15900000299','user_0299@demo.com','F',0,'1990-03-15',0,'2023-06-01 00:00:00','2023-06-01 00:00:00'),(20300,'user_0300','$2b$10$7EqJtq98hPqEX7fNZaFWoOhi5g6Y8FDeihh5Z8SGvtQvECOHqWJ/S','https://cdn.demo.com/avatar/20300.png','周杰',2,'15900000300','user_0300@demo.com','M',0,'1990-03-16',0,'2023-06-01 00:00:00','2023-06-01 00:00:00'),(20301,'user_0301','$2b$10$7EqJtq98hPqEX7fNZaFWoOhi5g6Y8FDeihh5Z8SGvtQvECOHqWJ/S','https://cdn.demo.com/avatar/20301.png','张伟',2,'15200000301','user_0301@demo.com','F',0,'1990-04-01',0,'2023-06-01 00:00:00','2023-06-01 00:00:00'),(20302,'user_0302','$2b$10$7EqJtq98hPqEX7fNZaFWoOhi5g6Y8FDeihh5Z8SGvtQvECOHqWJ/S','https://cdn.demo.com/avatar/20302.png','李芳',2,'15200000302','user_0302@demo.com','M',0,'1990-04-02',0,'2023-06-01 00:00:00','2023-06-01 00:00:00'),(20303,'user_0303','$2b$10$7EqJtq98hPqEX7fNZaFWoOhi5g6Y8FDeihh5Z8SGvtQvECOHqWJ/S','https://cdn.demo.com/avatar/20303.png','王娜',2,'15200000303','user_0303@demo.com','F',0,'1990-04-03',0,'2023-06-01 00:00:00','2023-06-01 00:00:00'),(20304,'user_0304','$2b$10$7EqJtq98hPqEX7fNZaFWoOhi5g6Y8FDeihh5Z8SGvtQvECOHqWJ/S','https://cdn.demo.com/avatar/20304.png','赵敏',2,'15200000304','user_0304@demo.com','M',0,'1990-04-04',0,'2023-06-01 00:00:00','2023-06-01 00:00:00'),(20305,'user_0305','$2b$10$7EqJtq98hPqEX7fNZaFWoOhi5g6Y8FDeihh5Z8SGvtQvECOHqWJ/S','https://cdn.demo.com/avatar/20305.png','刘静',2,'15200000305','user_0305@demo.com','F',0,'1990-04-05',0,'2023-06-01 00:00:00','2023-06-01 00:00:00'),(20306,'user_0306','$2b$10$7EqJtq98hPqEX7fNZaFWoOhi5g6Y8FDeihh5Z8SGvtQvECOHqWJ/S','https://cdn.demo.com/avatar/20306.png','陈军',2,'15200000306','user_0306@demo.com','M',0,'1990-04-06',0,'2023-06-01 00:00:00','2023-06-01 00:00:00'),(20307,'user_0307','$2b$10$7EqJtq98hPqEX7fNZaFWoOhi5g6Y8FDeihh5Z8SGvtQvECOHqWJ/S','https://cdn.demo.com/avatar/20307.png','杨磊',2,'15200000307','user_0307@demo.com','F',0,'1990-04-07',0,'2023-06-01 00:00:00','2023-06-01 00:00:00'),(20308,'user_0308','$2b$10$7EqJtq98hPqEX7fNZaFWoOhi5g6Y8FDeihh5Z8SGvtQvECOHqWJ/S','https://cdn.demo.com/avatar/20308.png','黄艳',2,'15200000308','user_0308@demo.com','M',0,'1990-04-08',0,'2023-06-01 00:00:00','2023-06-01 00:00:00'),(20309,'user_0309','$2b$10$7EqJtq98hPqEX7fNZaFWoOhi5g6Y8FDeihh5Z8SGvtQvECOHqWJ/S','https://cdn.demo.com/avatar/20309.png','吴涛',2,'15200000309','user_0309@demo.com','F',0,'1990-04-09',0,'2023-06-01 00:00:00','2023-06-01 00:00:00'),(20310,'user_0310','$2b$10$7EqJtq98hPqEX7fNZaFWoOhi5g6Y8FDeihh5Z8SGvtQvECOHqWJ/S','https://cdn.demo.com/avatar/20310.png','周杰',2,'15200000310','user_0310@demo.com','M',0,'1990-04-10',0,'2023-06-01 00:00:00','2023-06-01 00:00:00'),(20311,'user_0311','$2b$10$7EqJtq98hPqEX7fNZaFWoOhi5g6Y8FDeihh5Z8SGvtQvECOHqWJ/S','https://cdn.demo.com/avatar/20311.png','张伟',2,'15200000311','user_0311@demo.com','F',0,'1990-04-11',0,'2023-06-01 00:00:00','2023-06-01 00:00:00'),(20312,'user_0312','$2b$10$7EqJtq98hPqEX7fNZaFWoOhi5g6Y8FDeihh5Z8SGvtQvECOHqWJ/S','https://cdn.demo.com/avatar/20312.png','李芳',2,'15200000312','user_0312@demo.com','M',0,'1990-04-12',0,'2023-06-01 00:00:00','2023-06-01 00:00:00'),(20313,'user_0313','$2b$10$7EqJtq98hPqEX7fNZaFWoOhi5g6Y8FDeihh5Z8SGvtQvECOHqWJ/S','https://cdn.demo.com/avatar/20313.png','王娜',2,'15200000313','user_0313@demo.com','F',0,'1990-04-13',0,'2023-06-01 00:00:00','2023-06-01 00:00:00'),(20314,'user_0314','$2b$10$7EqJtq98hPqEX7fNZaFWoOhi5g6Y8FDeihh5Z8SGvtQvECOHqWJ/S','https://cdn.demo.com/avatar/20314.png','赵敏',2,'15200000314','user_0314@demo.com','M',0,'1990-04-14',0,'2023-06-01 00:00:00','2023-06-01 00:00:00'),(20315,'user_0315','$2b$10$7EqJtq98hPqEX7fNZaFWoOhi5g6Y8FDeihh5Z8SGvtQvECOHqWJ/S','https://cdn.demo.com/avatar/20315.png','刘静',2,'15200000315','user_0315@demo.com','F',0,'1990-04-15',0,'2023-06-01 00:00:00','2023-06-01 00:00:00'),(20316,'user_0316','$2b$10$7EqJtq98hPqEX7fNZaFWoOhi5g6Y8FDeihh5Z8SGvtQvECOHqWJ/S','https://cdn.demo.com/avatar/20316.png','陈军',2,'15200000316','user_0316@demo.com','M',0,'1990-04-16',0,'2023-06-01 00:00:00','2023-06-01 00:00:00'),(20317,'user_0317','$2b$10$7EqJtq98hPqEX7fNZaFWoOhi5g6Y8FDeihh5Z8SGvtQvECOHqWJ/S','https://cdn.demo.com/avatar/20317.png','杨磊',2,'15200000317','user_0317@demo.com','F',0,'1990-04-17',0,'2023-06-01 00:00:00','2023-06-01 00:00:00'),(20318,'user_0318','$2b$10$7EqJtq98hPqEX7fNZaFWoOhi5g6Y8FDeihh5Z8SGvtQvECOHqWJ/S','https://cdn.demo.com/avatar/20318.png','黄艳',2,'15200000318','user_0318@demo.com','M',0,'1990-04-18',0,'2023-06-01 00:00:00','2023-06-01 00:00:00'),(20319,'user_0319','$2b$10$7EqJtq98hPqEX7fNZaFWoOhi5g6Y8FDeihh5Z8SGvtQvECOHqWJ/S','https://cdn.demo.com/avatar/20319.png','吴涛',2,'15200000319','user_0319@demo.com','F',0,'1990-04-19',0,'2023-06-01 00:00:00','2023-06-01 00:00:00'),(20320,'user_0320','$2b$10$7EqJtq98hPqEX7fNZaFWoOhi5g6Y8FDeihh5Z8SGvtQvECOHqWJ/S','https://cdn.demo.com/avatar/20320.png','周杰',2,'15200000320','user_0320@demo.com','M',0,'1990-04-20',0,'2023-06-01 00:00:00','2023-06-01 00:00:00'),(20321,'user_0321','$2b$10$7EqJtq98hPqEX7fNZaFWoOhi5g6Y8FDeihh5Z8SGvtQvECOHqWJ/S','https://cdn.demo.com/avatar/20321.png','张伟',2,'15200000321','user_0321@demo.com','F',0,'1990-04-21',0,'2023-06-01 00:00:00','2023-06-01 00:00:00'),(20322,'user_0322','$2b$10$7EqJtq98hPqEX7fNZaFWoOhi5g6Y8FDeihh5Z8SGvtQvECOHqWJ/S','https://cdn.demo.com/avatar/20322.png','李芳',2,'15200000322','user_0322@demo.com','M',0,'1990-04-22',0,'2023-06-01 00:00:00','2023-06-01 00:00:00'),(20323,'user_0323','$2b$10$7EqJtq98hPqEX7fNZaFWoOhi5g6Y8FDeihh5Z8SGvtQvECOHqWJ/S','https://cdn.demo.com/avatar/20323.png','王娜',2,'15200000323','user_0323@demo.com','F',0,'1990-04-23',0,'2023-06-01 00:00:00','2023-06-01 00:00:00'),(20324,'user_0324','$2b$10$7EqJtq98hPqEX7fNZaFWoOhi5g6Y8FDeihh5Z8SGvtQvECOHqWJ/S','https://cdn.demo.com/avatar/20324.png','赵敏',2,'15200000324','user_0324@demo.com','M',0,'1990-04-24',0,'2023-06-01 00:00:00','2023-06-01 00:00:00'),(20325,'user_0325','$2b$10$7EqJtq98hPqEX7fNZaFWoOhi5g6Y8FDeihh5Z8SGvtQvECOHqWJ/S','https://cdn.demo.com/avatar/20325.png','刘静',2,'15200000325','user_0325@demo.com','F',0,'1990-04-25',0,'2023-06-01 00:00:00','2023-06-01 00:00:00'),(20326,'user_0326','$2b$10$7EqJtq98hPqEX7fNZaFWoOhi5g6Y8FDeihh5Z8SGvtQvECOHqWJ/S','https://cdn.demo.com/avatar/20326.png','陈军',2,'15200000326','user_0326@demo.com','M',0,'1990-04-26',0,'2023-06-01 00:00:00','2023-06-01 00:00:00'),(20327,'user_0327','$2b$10$7EqJtq98hPqEX7fNZaFWoOhi5g6Y8FDeihh5Z8SGvtQvECOHqWJ/S','https://cdn.demo.com/avatar/20327.png','杨磊',2,'15200000327','user_0327@demo.com','F',0,'1990-04-27',0,'2023-06-01 00:00:00','2023-06-01 00:00:00'),(20328,'user_0328','$2b$10$7EqJtq98hPqEX7fNZaFWoOhi5g6Y8FDeihh5Z8SGvtQvECOHqWJ/S','https://cdn.demo.com/avatar/20328.png','黄艳',2,'15200000328','user_0328@demo.com','M',0,'1990-04-28',0,'2023-06-01 00:00:00','2023-06-01 00:00:00'),(20329,'user_0329','$2b$10$7EqJtq98hPqEX7fNZaFWoOhi5g6Y8FDeihh5Z8SGvtQvECOHqWJ/S','https://cdn.demo.com/avatar/20329.png','吴涛',2,'15200000329','user_0329@demo.com','F',0,'1990-04-01',0,'2023-06-01 00:00:00','2023-06-01 00:00:00'),(20330,'user_0330','$2b$10$7EqJtq98hPqEX7fNZaFWoOhi5g6Y8FDeihh5Z8SGvtQvECOHqWJ/S','https://cdn.demo.com/avatar/20330.png','周杰',2,'15200000330','user_0330@demo.com','M',0,'1990-04-02',0,'2023-06-01 00:00:00','2023-06-01 00:00:00'),(20331,'user_0331','$2b$10$7EqJtq98hPqEX7fNZaFWoOhi5g6Y8FDeihh5Z8SGvtQvECOHqWJ/S','https://cdn.demo.com/avatar/20331.png','张伟',2,'15200000331','user_0331@demo.com','F',0,'1990-04-03',0,'2023-06-01 00:00:00','2023-06-01 00:00:00'),(20332,'user_0332','$2b$10$7EqJtq98hPqEX7fNZaFWoOhi5g6Y8FDeihh5Z8SGvtQvECOHqWJ/S','https://cdn.demo.com/avatar/20332.png','李芳',2,'15200000332','user_0332@demo.com','M',0,'1990-04-04',0,'2023-06-01 00:00:00','2023-06-01 00:00:00'),(20333,'user_0333','$2b$10$7EqJtq98hPqEX7fNZaFWoOhi5g6Y8FDeihh5Z8SGvtQvECOHqWJ/S','https://cdn.demo.com/avatar/20333.png','王娜',2,'15200000333','user_0333@demo.com','F',0,'1990-04-05',0,'2023-06-01 00:00:00','2023-06-01 00:00:00'),(20334,'user_0334','$2b$10$7EqJtq98hPqEX7fNZaFWoOhi5g6Y8FDeihh5Z8SGvtQvECOHqWJ/S','https://cdn.demo.com/avatar/20334.png','赵敏',2,'15200000334','user_0334@demo.com','M',0,'1990-04-06',0,'2023-06-01 00:00:00','2023-06-01 00:00:00'),(20335,'user_0335','$2b$10$7EqJtq98hPqEX7fNZaFWoOhi5g6Y8FDeihh5Z8SGvtQvECOHqWJ/S','https://cdn.demo.com/avatar/20335.png','刘静',2,'15200000335','user_0335@demo.com','F',0,'1990-04-07',0,'2023-06-01 00:00:00','2023-06-01 00:00:00'),(20336,'user_0336','$2b$10$7EqJtq98hPqEX7fNZaFWoOhi5g6Y8FDeihh5Z8SGvtQvECOHqWJ/S','https://cdn.demo.com/avatar/20336.png','陈军',2,'15200000336','user_0336@demo.com','M',0,'1990-04-08',0,'2023-06-01 00:00:00','2023-06-01 00:00:00'),(20337,'user_0337','$2b$10$7EqJtq98hPqEX7fNZaFWoOhi5g6Y8FDeihh5Z8SGvtQvECOHqWJ/S','https://cdn.demo.com/avatar/20337.png','杨磊',2,'15200000337','user_0337@demo.com','F',0,'1990-04-09',0,'2023-06-01 00:00:00','2023-06-01 00:00:00'),(20338,'user_0338','$2b$10$7EqJtq98hPqEX7fNZaFWoOhi5g6Y8FDeihh5Z8SGvtQvECOHqWJ/S','https://cdn.demo.com/avatar/20338.png','黄艳',2,'15200000338','user_0338@demo.com','M',0,'1990-04-10',0,'2023-06-01 00:00:00','2023-06-01 00:00:00'),(20339,'user_0339','$2b$10$7EqJtq98hPqEX7fNZaFWoOhi5g6Y8FDeihh5Z8SGvtQvECOHqWJ/S','https://cdn.demo.com/avatar/20339.png','吴涛',2,'15200000339','user_0339@demo.com','F',0,'1990-04-11',0,'2023-06-01 00:00:00','2023-06-01 00:00:00'),(20340,'user_0340','$2b$10$7EqJtq98hPqEX7fNZaFWoOhi5g6Y8FDeihh5Z8SGvtQvECOHqWJ/S','https://cdn.demo.com/avatar/20340.png','周杰',2,'15200000340','user_0340@demo.com','M',0,'1990-04-12',0,'2023-06-01 00:00:00','2023-06-01 00:00:00'),(20341,'user_0341','$2b$10$7EqJtq98hPqEX7fNZaFWoOhi5g6Y8FDeihh5Z8SGvtQvECOHqWJ/S','https://cdn.demo.com/avatar/20341.png','张伟',2,'15200000341','user_0341@demo.com','F',0,'1990-04-13',0,'2023-06-01 00:00:00','2023-06-01 00:00:00'),(20342,'user_0342','$2b$10$7EqJtq98hPqEX7fNZaFWoOhi5g6Y8FDeihh5Z8SGvtQvECOHqWJ/S','https://cdn.demo.com/avatar/20342.png','李芳',2,'15200000342','user_0342@demo.com','M',0,'1990-04-14',0,'2023-06-01 00:00:00','2023-06-01 00:00:00'),(20343,'user_0343','$2b$10$7EqJtq98hPqEX7fNZaFWoOhi5g6Y8FDeihh5Z8SGvtQvECOHqWJ/S','https://cdn.demo.com/avatar/20343.png','王娜',2,'15200000343','user_0343@demo.com','F',0,'1990-04-15',0,'2023-06-01 00:00:00','2023-06-01 00:00:00'),(20344,'user_0344','$2b$10$7EqJtq98hPqEX7fNZaFWoOhi5g6Y8FDeihh5Z8SGvtQvECOHqWJ/S','https://cdn.demo.com/avatar/20344.png','赵敏',2,'15200000344','user_0344@demo.com','M',0,'1990-04-16',0,'2023-06-01 00:00:00','2023-06-01 00:00:00'),(20345,'user_0345','$2b$10$7EqJtq98hPqEX7fNZaFWoOhi5g6Y8FDeihh5Z8SGvtQvECOHqWJ/S','https://cdn.demo.com/avatar/20345.png','刘静',2,'15200000345','user_0345@demo.com','F',0,'1990-04-17',0,'2023-06-01 00:00:00','2023-06-01 00:00:00'),(20346,'user_0346','$2b$10$7EqJtq98hPqEX7fNZaFWoOhi5g6Y8FDeihh5Z8SGvtQvECOHqWJ/S','https://cdn.demo.com/avatar/20346.png','陈军',2,'15200000346','user_0346@demo.com','M',0,'1990-04-18',0,'2023-06-01 00:00:00','2023-06-01 00:00:00'),(20347,'user_0347','$2b$10$7EqJtq98hPqEX7fNZaFWoOhi5g6Y8FDeihh5Z8SGvtQvECOHqWJ/S','https://cdn.demo.com/avatar/20347.png','杨磊',2,'15200000347','user_0347@demo.com','F',0,'1990-04-19',0,'2023-06-01 00:00:00','2023-06-01 00:00:00'),(20348,'user_0348','$2b$10$7EqJtq98hPqEX7fNZaFWoOhi5g6Y8FDeihh5Z8SGvtQvECOHqWJ/S','https://cdn.demo.com/avatar/20348.png','黄艳',2,'15200000348','user_0348@demo.com','M',0,'1990-04-20',0,'2023-06-01 00:00:00','2023-06-01 00:00:00'),(20349,'user_0349','$2b$10$7EqJtq98hPqEX7fNZaFWoOhi5g6Y8FDeihh5Z8SGvtQvECOHqWJ/S','https://cdn.demo.com/avatar/20349.png','吴涛',2,'15200000349','user_0349@demo.com','F',0,'1990-04-21',0,'2023-06-01 00:00:00','2023-06-01 00:00:00'),(20350,'user_0350','$2b$10$7EqJtq98hPqEX7fNZaFWoOhi5g6Y8FDeihh5Z8SGvtQvECOHqWJ/S','https://cdn.demo.com/avatar/20350.png','周杰',2,'15200000350','user_0350@demo.com','M',0,'1990-04-22',0,'2023-06-01 00:00:00','2023-06-01 00:00:00'),(20351,'user_0351','$2b$10$7EqJtq98hPqEX7fNZaFWoOhi5g6Y8FDeihh5Z8SGvtQvECOHqWJ/S','https://cdn.demo.com/avatar/20351.png','张伟',2,'15200000351','user_0351@demo.com','F',0,'1990-04-23',0,'2023-06-01 00:00:00','2023-06-01 00:00:00'),(20352,'user_0352','$2b$10$7EqJtq98hPqEX7fNZaFWoOhi5g6Y8FDeihh5Z8SGvtQvECOHqWJ/S','https://cdn.demo.com/avatar/20352.png','李芳',2,'15200000352','user_0352@demo.com','M',0,'1990-04-24',0,'2023-06-01 00:00:00','2023-06-01 00:00:00'),(20353,'user_0353','$2b$10$7EqJtq98hPqEX7fNZaFWoOhi5g6Y8FDeihh5Z8SGvtQvECOHqWJ/S','https://cdn.demo.com/avatar/20353.png','王娜',2,'15200000353','user_0353@demo.com','F',0,'1990-04-25',0,'2023-06-01 00:00:00','2023-06-01 00:00:00'),(20354,'user_0354','$2b$10$7EqJtq98hPqEX7fNZaFWoOhi5g6Y8FDeihh5Z8SGvtQvECOHqWJ/S','https://cdn.demo.com/avatar/20354.png','赵敏',2,'15200000354','user_0354@demo.com','M',0,'1990-04-26',0,'2023-06-01 00:00:00','2023-06-01 00:00:00'),(20355,'user_0355','$2b$10$7EqJtq98hPqEX7fNZaFWoOhi5g6Y8FDeihh5Z8SGvtQvECOHqWJ/S','https://cdn.demo.com/avatar/20355.png','刘静',2,'15200000355','user_0355@demo.com','F',0,'1990-04-27',0,'2023-06-01 00:00:00','2023-06-01 00:00:00'),(20356,'user_0356','$2b$10$7EqJtq98hPqEX7fNZaFWoOhi5g6Y8FDeihh5Z8SGvtQvECOHqWJ/S','https://cdn.demo.com/avatar/20356.png','陈军',2,'15200000356','user_0356@demo.com','M',0,'1990-04-28',0,'2023-06-01 00:00:00','2023-06-01 00:00:00'),(20357,'user_0357','$2b$10$7EqJtq98hPqEX7fNZaFWoOhi5g6Y8FDeihh5Z8SGvtQvECOHqWJ/S','https://cdn.demo.com/avatar/20357.png','杨磊',2,'15200000357','user_0357@demo.com','F',0,'1990-04-01',0,'2023-06-01 00:00:00','2023-06-01 00:00:00'),(20358,'user_0358','$2b$10$7EqJtq98hPqEX7fNZaFWoOhi5g6Y8FDeihh5Z8SGvtQvECOHqWJ/S','https://cdn.demo.com/avatar/20358.png','黄艳',2,'15200000358','user_0358@demo.com','M',0,'1990-04-02',0,'2023-06-01 00:00:00','2023-06-01 00:00:00'),(20359,'user_0359','$2b$10$7EqJtq98hPqEX7fNZaFWoOhi5g6Y8FDeihh5Z8SGvtQvECOHqWJ/S','https://cdn.demo.com/avatar/20359.png','吴涛',2,'15200000359','user_0359@demo.com','F',0,'1990-04-03',0,'2023-06-01 00:00:00','2023-06-01 00:00:00'),(20360,'user_0360','$2b$10$7EqJtq98hPqEX7fNZaFWoOhi5g6Y8FDeihh5Z8SGvtQvECOHqWJ/S','https://cdn.demo.com/avatar/20360.png','周杰',2,'15200000360','user_0360@demo.com','M',0,'1990-04-04',0,'2023-06-01 00:00:00','2023-06-01 00:00:00'),(20361,'user_0361','$2b$10$7EqJtq98hPqEX7fNZaFWoOhi5g6Y8FDeihh5Z8SGvtQvECOHqWJ/S','https://cdn.demo.com/avatar/20361.png','张伟',2,'15200000361','user_0361@demo.com','F',0,'1990-04-05',0,'2023-06-01 00:00:00','2023-06-01 00:00:00'),(20362,'user_0362','$2b$10$7EqJtq98hPqEX7fNZaFWoOhi5g6Y8FDeihh5Z8SGvtQvECOHqWJ/S','https://cdn.demo.com/avatar/20362.png','李芳',2,'15200000362','user_0362@demo.com','M',0,'1990-04-06',0,'2023-06-01 00:00:00','2023-06-01 00:00:00'),(20363,'user_0363','$2b$10$7EqJtq98hPqEX7fNZaFWoOhi5g6Y8FDeihh5Z8SGvtQvECOHqWJ/S','https://cdn.demo.com/avatar/20363.png','王娜',2,'15200000363','user_0363@demo.com','F',0,'1990-04-07',0,'2023-06-01 00:00:00','2023-06-01 00:00:00'),(20364,'user_0364','$2b$10$7EqJtq98hPqEX7fNZaFWoOhi5g6Y8FDeihh5Z8SGvtQvECOHqWJ/S','https://cdn.demo.com/avatar/20364.png','赵敏',2,'15200000364','user_0364@demo.com','M',0,'1990-04-08',0,'2023-06-01 00:00:00','2023-06-01 00:00:00'),(20365,'user_0365','$2b$10$7EqJtq98hPqEX7fNZaFWoOhi5g6Y8FDeihh5Z8SGvtQvECOHqWJ/S','https://cdn.demo.com/avatar/20365.png','刘静',2,'15200000365','user_0365@demo.com','F',0,'1990-04-09',0,'2023-06-01 00:00:00','2023-06-01 00:00:00'),(20366,'user_0366','$2b$10$7EqJtq98hPqEX7fNZaFWoOhi5g6Y8FDeihh5Z8SGvtQvECOHqWJ/S','https://cdn.demo.com/avatar/20366.png','陈军',2,'15200000366','user_0366@demo.com','M',0,'1990-04-10',0,'2023-06-01 00:00:00','2023-06-01 00:00:00'),(20367,'user_0367','$2b$10$7EqJtq98hPqEX7fNZaFWoOhi5g6Y8FDeihh5Z8SGvtQvECOHqWJ/S','https://cdn.demo.com/avatar/20367.png','杨磊',2,'15200000367','user_0367@demo.com','F',0,'1990-04-11',0,'2023-06-01 00:00:00','2023-06-01 00:00:00'),(20368,'user_0368','$2b$10$7EqJtq98hPqEX7fNZaFWoOhi5g6Y8FDeihh5Z8SGvtQvECOHqWJ/S','https://cdn.demo.com/avatar/20368.png','黄艳',2,'15200000368','user_0368@demo.com','M',0,'1990-04-12',0,'2023-06-01 00:00:00','2023-06-01 00:00:00'),(20369,'user_0369','$2b$10$7EqJtq98hPqEX7fNZaFWoOhi5g6Y8FDeihh5Z8SGvtQvECOHqWJ/S','https://cdn.demo.com/avatar/20369.png','吴涛',2,'15200000369','user_0369@demo.com','F',0,'1990-04-13',0,'2023-06-01 00:00:00','2023-06-01 00:00:00'),(20370,'user_0370','$2b$10$7EqJtq98hPqEX7fNZaFWoOhi5g6Y8FDeihh5Z8SGvtQvECOHqWJ/S','https://cdn.demo.com/avatar/20370.png','周杰',2,'15200000370','user_0370@demo.com','M',0,'1990-04-14',0,'2023-06-01 00:00:00','2023-06-01 00:00:00'),(20371,'user_0371','$2b$10$7EqJtq98hPqEX7fNZaFWoOhi5g6Y8FDeihh5Z8SGvtQvECOHqWJ/S','https://cdn.demo.com/avatar/20371.png','张伟',2,'15200000371','user_0371@demo.com','F',0,'1990-04-15',0,'2023-06-01 00:00:00','2023-06-01 00:00:00'),(20372,'user_0372','$2b$10$7EqJtq98hPqEX7fNZaFWoOhi5g6Y8FDeihh5Z8SGvtQvECOHqWJ/S','https://cdn.demo.com/avatar/20372.png','李芳',2,'15200000372','user_0372@demo.com','M',0,'1990-04-16',0,'2023-06-01 00:00:00','2023-06-01 00:00:00'),(20373,'user_0373','$2b$10$7EqJtq98hPqEX7fNZaFWoOhi5g6Y8FDeihh5Z8SGvtQvECOHqWJ/S','https://cdn.demo.com/avatar/20373.png','王娜',2,'15200000373','user_0373@demo.com','F',0,'1990-04-17',0,'2023-06-01 00:00:00','2023-06-01 00:00:00'),(20374,'user_0374','$2b$10$7EqJtq98hPqEX7fNZaFWoOhi5g6Y8FDeihh5Z8SGvtQvECOHqWJ/S','https://cdn.demo.com/avatar/20374.png','赵敏',2,'15200000374','user_0374@demo.com','M',0,'1990-04-18',0,'2023-06-01 00:00:00','2023-06-01 00:00:00'),(20375,'user_0375','$2b$10$7EqJtq98hPqEX7fNZaFWoOhi5g6Y8FDeihh5Z8SGvtQvECOHqWJ/S','https://cdn.demo.com/avatar/20375.png','刘静',2,'15200000375','user_0375@demo.com','F',0,'1990-04-19',0,'2023-06-01 00:00:00','2023-06-01 00:00:00'),(20376,'user_0376','$2b$10$7EqJtq98hPqEX7fNZaFWoOhi5g6Y8FDeihh5Z8SGvtQvECOHqWJ/S','https://cdn.demo.com/avatar/20376.png','陈军',2,'15200000376','user_0376@demo.com','M',0,'1990-04-20',0,'2023-06-01 00:00:00','2023-06-01 00:00:00'),(20377,'user_0377','$2b$10$7EqJtq98hPqEX7fNZaFWoOhi5g6Y8FDeihh5Z8SGvtQvECOHqWJ/S','https://cdn.demo.com/avatar/20377.png','杨磊',2,'15200000377','user_0377@demo.com','F',0,'1990-04-21',0,'2023-06-01 00:00:00','2023-06-01 00:00:00'),(20378,'user_0378','$2b$10$7EqJtq98hPqEX7fNZaFWoOhi5g6Y8FDeihh5Z8SGvtQvECOHqWJ/S','https://cdn.demo.com/avatar/20378.png','黄艳',2,'15200000378','user_0378@demo.com','M',0,'1990-04-22',0,'2023-06-01 00:00:00','2023-06-01 00:00:00'),(20379,'user_0379','$2b$10$7EqJtq98hPqEX7fNZaFWoOhi5g6Y8FDeihh5Z8SGvtQvECOHqWJ/S','https://cdn.demo.com/avatar/20379.png','吴涛',2,'15200000379','user_0379@demo.com','F',0,'1990-04-23',0,'2023-06-01 00:00:00','2023-06-01 00:00:00'),(20380,'user_0380','$2b$10$7EqJtq98hPqEX7fNZaFWoOhi5g6Y8FDeihh5Z8SGvtQvECOHqWJ/S','https://cdn.demo.com/avatar/20380.png','周杰',2,'15200000380','user_0380@demo.com','M',0,'1990-04-24',0,'2023-06-01 00:00:00','2023-06-01 00:00:00'),(20381,'user_0381','$2b$10$7EqJtq98hPqEX7fNZaFWoOhi5g6Y8FDeihh5Z8SGvtQvECOHqWJ/S','https://cdn.demo.com/avatar/20381.png','张伟',2,'15200000381','user_0381@demo.com','F',0,'1990-04-25',0,'2023-06-01 00:00:00','2023-06-01 00:00:00'),(20382,'user_0382','$2b$10$7EqJtq98hPqEX7fNZaFWoOhi5g6Y8FDeihh5Z8SGvtQvECOHqWJ/S','https://cdn.demo.com/avatar/20382.png','李芳',2,'15200000382','user_0382@demo.com','M',0,'1990-04-26',0,'2023-06-01 00:00:00','2023-06-01 00:00:00'),(20383,'user_0383','$2b$10$7EqJtq98hPqEX7fNZaFWoOhi5g6Y8FDeihh5Z8SGvtQvECOHqWJ/S','https://cdn.demo.com/avatar/20383.png','王娜',2,'15200000383','user_0383@demo.com','F',0,'1990-04-27',0,'2023-06-01 00:00:00','2023-06-01 00:00:00'),(20384,'user_0384','$2b$10$7EqJtq98hPqEX7fNZaFWoOhi5g6Y8FDeihh5Z8SGvtQvECOHqWJ/S','https://cdn.demo.com/avatar/20384.png','赵敏',2,'15200000384','user_0384@demo.com','M',0,'1990-04-28',0,'2023-06-01 00:00:00','2023-06-01 00:00:00'),(20385,'user_0385','$2b$10$7EqJtq98hPqEX7fNZaFWoOhi5g6Y8FDeihh5Z8SGvtQvECOHqWJ/S','https://cdn.demo.com/avatar/20385.png','刘静',2,'15200000385','user_0385@demo.com','F',0,'1990-04-01',0,'2023-06-01 00:00:00','2023-06-01 00:00:00'),(20386,'user_0386','$2b$10$7EqJtq98hPqEX7fNZaFWoOhi5g6Y8FDeihh5Z8SGvtQvECOHqWJ/S','https://cdn.demo.com/avatar/20386.png','陈军',2,'15200000386','user_0386@demo.com','M',0,'1990-04-02',0,'2023-06-01 00:00:00','2023-06-01 00:00:00'),(20387,'user_0387','$2b$10$7EqJtq98hPqEX7fNZaFWoOhi5g6Y8FDeihh5Z8SGvtQvECOHqWJ/S','https://cdn.demo.com/avatar/20387.png','杨磊',2,'15200000387','user_0387@demo.com','F',0,'1990-04-03',0,'2023-06-01 00:00:00','2023-06-01 00:00:00'),(20388,'user_0388','$2b$10$7EqJtq98hPqEX7fNZaFWoOhi5g6Y8FDeihh5Z8SGvtQvECOHqWJ/S','https://cdn.demo.com/avatar/20388.png','黄艳',2,'15200000388','user_0388@demo.com','M',0,'1990-04-04',0,'2023-06-01 00:00:00','2023-06-01 00:00:00'),(20389,'user_0389','$2b$10$7EqJtq98hPqEX7fNZaFWoOhi5g6Y8FDeihh5Z8SGvtQvECOHqWJ/S','https://cdn.demo.com/avatar/20389.png','吴涛',2,'15200000389','user_0389@demo.com','F',0,'1990-04-05',0,'2023-06-01 00:00:00','2023-06-01 00:00:00'),(20390,'user_0390','$2b$10$7EqJtq98hPqEX7fNZaFWoOhi5g6Y8FDeihh5Z8SGvtQvECOHqWJ/S','https://cdn.demo.com/avatar/20390.png','周杰',2,'15200000390','user_0390@demo.com','M',0,'1990-04-06',0,'2023-06-01 00:00:00','2023-06-01 00:00:00'),(20391,'user_0391','$2b$10$7EqJtq98hPqEX7fNZaFWoOhi5g6Y8FDeihh5Z8SGvtQvECOHqWJ/S','https://cdn.demo.com/avatar/20391.png','张伟',2,'15200000391','user_0391@demo.com','F',0,'1990-04-07',0,'2023-06-01 00:00:00','2023-06-01 00:00:00'),(20392,'user_0392','$2b$10$7EqJtq98hPqEX7fNZaFWoOhi5g6Y8FDeihh5Z8SGvtQvECOHqWJ/S','https://cdn.demo.com/avatar/20392.png','李芳',2,'15200000392','user_0392@demo.com','M',0,'1990-04-08',0,'2023-06-01 00:00:00','2023-06-01 00:00:00'),(20393,'user_0393','$2b$10$7EqJtq98hPqEX7fNZaFWoOhi5g6Y8FDeihh5Z8SGvtQvECOHqWJ/S','https://cdn.demo.com/avatar/20393.png','王娜',2,'15200000393','user_0393@demo.com','F',0,'1990-04-09',0,'2023-06-01 00:00:00','2023-06-01 00:00:00'),(20394,'user_0394','$2b$10$7EqJtq98hPqEX7fNZaFWoOhi5g6Y8FDeihh5Z8SGvtQvECOHqWJ/S','https://cdn.demo.com/avatar/20394.png','赵敏',2,'15200000394','user_0394@demo.com','M',0,'1990-04-10',0,'2023-06-01 00:00:00','2023-06-01 00:00:00'),(20395,'user_0395','$2b$10$7EqJtq98hPqEX7fNZaFWoOhi5g6Y8FDeihh5Z8SGvtQvECOHqWJ/S','https://cdn.demo.com/avatar/20395.png','刘静',2,'15200000395','user_0395@demo.com','F',0,'1990-04-11',0,'2023-06-01 00:00:00','2023-06-01 00:00:00'),(20396,'user_0396','$2b$10$7EqJtq98hPqEX7fNZaFWoOhi5g6Y8FDeihh5Z8SGvtQvECOHqWJ/S','https://cdn.demo.com/avatar/20396.png','陈军',2,'15200000396','user_0396@demo.com','M',0,'1990-04-12',0,'2023-06-01 00:00:00','2023-06-01 00:00:00'),(20397,'user_0397','$2b$10$7EqJtq98hPqEX7fNZaFWoOhi5g6Y8FDeihh5Z8SGvtQvECOHqWJ/S','https://cdn.demo.com/avatar/20397.png','杨磊',2,'15200000397','user_0397@demo.com','F',0,'1990-04-13',0,'2023-06-01 00:00:00','2023-06-01 00:00:00'),(20398,'user_0398','$2b$10$7EqJtq98hPqEX7fNZaFWoOhi5g6Y8FDeihh5Z8SGvtQvECOHqWJ/S','https://cdn.demo.com/avatar/20398.png','黄艳',2,'15200000398','user_0398@demo.com','M',0,'1990-04-14',0,'2023-06-01 00:00:00','2023-06-01 00:00:00'),(20399,'user_0399','$2b$10$7EqJtq98hPqEX7fNZaFWoOhi5g6Y8FDeihh5Z8SGvtQvECOHqWJ/S','https://cdn.demo.com/avatar/20399.png','吴涛',2,'15200000399','user_0399@demo.com','F',0,'1990-04-15',0,'2023-06-01 00:00:00','2023-06-01 00:00:00'),(20400,'user_0400','$2b$10$7EqJtq98hPqEX7fNZaFWoOhi5g6Y8FDeihh5Z8SGvtQvECOHqWJ/S','https://cdn.demo.com/avatar/20400.png','周杰',2,'15200000400','user_0400@demo.com','M',0,'1990-04-16',0,'2023-06-01 00:00:00','2023-06-01 00:00:00'),(20401,'user_0401','$2b$10$7EqJtq98hPqEX7fNZaFWoOhi5g6Y8FDeihh5Z8SGvtQvECOHqWJ/S','https://cdn.demo.com/avatar/20401.png','张伟',2,'15800000401','user_0401@demo.com','F',0,'1990-05-01',0,'2023-06-01 00:00:00','2023-06-01 00:00:00'),(20402,'user_0402','$2b$10$7EqJtq98hPqEX7fNZaFWoOhi5g6Y8FDeihh5Z8SGvtQvECOHqWJ/S','https://cdn.demo.com/avatar/20402.png','李芳',2,'15800000402','user_0402@demo.com','M',0,'1990-05-02',0,'2023-06-01 00:00:00','2023-06-01 00:00:00'),(20403,'user_0403','$2b$10$7EqJtq98hPqEX7fNZaFWoOhi5g6Y8FDeihh5Z8SGvtQvECOHqWJ/S','https://cdn.demo.com/avatar/20403.png','王娜',2,'15800000403','user_0403@demo.com','F',0,'1990-05-03',0,'2023-06-01 00:00:00','2023-06-01 00:00:00'),(20404,'user_0404','$2b$10$7EqJtq98hPqEX7fNZaFWoOhi5g6Y8FDeihh5Z8SGvtQvECOHqWJ/S','https://cdn.demo.com/avatar/20404.png','赵敏',2,'15800000404','user_0404@demo.com','M',0,'1990-05-04',0,'2023-06-01 00:00:00','2023-06-01 00:00:00'),(20405,'user_0405','$2b$10$7EqJtq98hPqEX7fNZaFWoOhi5g6Y8FDeihh5Z8SGvtQvECOHqWJ/S','https://cdn.demo.com/avatar/20405.png','刘静',2,'15800000405','user_0405@demo.com','F',0,'1990-05-05',0,'2023-06-01 00:00:00','2023-06-01 00:00:00'),(20406,'user_0406','$2b$10$7EqJtq98hPqEX7fNZaFWoOhi5g6Y8FDeihh5Z8SGvtQvECOHqWJ/S','https://cdn.demo.com/avatar/20406.png','陈军',2,'15800000406','user_0406@demo.com','M',0,'1990-05-06',0,'2023-06-01 00:00:00','2023-06-01 00:00:00'),(20407,'user_0407','$2b$10$7EqJtq98hPqEX7fNZaFWoOhi5g6Y8FDeihh5Z8SGvtQvECOHqWJ/S','https://cdn.demo.com/avatar/20407.png','杨磊',2,'15800000407','user_0407@demo.com','F',0,'1990-05-07',0,'2023-06-01 00:00:00','2023-06-01 00:00:00'),(20408,'user_0408','$2b$10$7EqJtq98hPqEX7fNZaFWoOhi5g6Y8FDeihh5Z8SGvtQvECOHqWJ/S','https://cdn.demo.com/avatar/20408.png','黄艳',2,'15800000408','user_0408@demo.com','M',0,'1990-05-08',0,'2023-06-01 00:00:00','2023-06-01 00:00:00'),(20409,'user_0409','$2b$10$7EqJtq98hPqEX7fNZaFWoOhi5g6Y8FDeihh5Z8SGvtQvECOHqWJ/S','https://cdn.demo.com/avatar/20409.png','吴涛',2,'15800000409','user_0409@demo.com','F',0,'1990-05-09',0,'2023-06-01 00:00:00','2023-06-01 00:00:00'),(20410,'user_0410','$2b$10$7EqJtq98hPqEX7fNZaFWoOhi5g6Y8FDeihh5Z8SGvtQvECOHqWJ/S','https://cdn.demo.com/avatar/20410.png','周杰',2,'15800000410','user_0410@demo.com','M',0,'1990-05-10',0,'2023-06-01 00:00:00','2023-06-01 00:00:00'),(20411,'user_0411','$2b$10$7EqJtq98hPqEX7fNZaFWoOhi5g6Y8FDeihh5Z8SGvtQvECOHqWJ/S','https://cdn.demo.com/avatar/20411.png','张伟',2,'15800000411','user_0411@demo.com','F',0,'1990-05-11',0,'2023-06-01 00:00:00','2023-06-01 00:00:00'),(20412,'user_0412','$2b$10$7EqJtq98hPqEX7fNZaFWoOhi5g6Y8FDeihh5Z8SGvtQvECOHqWJ/S','https://cdn.demo.com/avatar/20412.png','李芳',2,'15800000412','user_0412@demo.com','M',0,'1990-05-12',0,'2023-06-01 00:00:00','2023-06-01 00:00:00'),(20413,'user_0413','$2b$10$7EqJtq98hPqEX7fNZaFWoOhi5g6Y8FDeihh5Z8SGvtQvECOHqWJ/S','https://cdn.demo.com/avatar/20413.png','王娜',2,'15800000413','user_0413@demo.com','F',0,'1990-05-13',0,'2023-06-01 00:00:00','2023-06-01 00:00:00'),(20414,'user_0414','$2b$10$7EqJtq98hPqEX7fNZaFWoOhi5g6Y8FDeihh5Z8SGvtQvECOHqWJ/S','https://cdn.demo.com/avatar/20414.png','赵敏',2,'15800000414','user_0414@demo.com','M',0,'1990-05-14',0,'2023-06-01 00:00:00','2023-06-01 00:00:00'),(20415,'user_0415','$2b$10$7EqJtq98hPqEX7fNZaFWoOhi5g6Y8FDeihh5Z8SGvtQvECOHqWJ/S','https://cdn.demo.com/avatar/20415.png','刘静',2,'15800000415','user_0415@demo.com','F',0,'1990-05-15',0,'2023-06-01 00:00:00','2023-06-01 00:00:00'),(20416,'user_0416','$2b$10$7EqJtq98hPqEX7fNZaFWoOhi5g6Y8FDeihh5Z8SGvtQvECOHqWJ/S','https://cdn.demo.com/avatar/20416.png','陈军',2,'15800000416','user_0416@demo.com','M',0,'1990-05-16',0,'2023-06-01 00:00:00','2023-06-01 00:00:00'),(20417,'user_0417','$2b$10$7EqJtq98hPqEX7fNZaFWoOhi5g6Y8FDeihh5Z8SGvtQvECOHqWJ/S','https://cdn.demo.com/avatar/20417.png','杨磊',2,'15800000417','user_0417@demo.com','F',0,'1990-05-17',0,'2023-06-01 00:00:00','2023-06-01 00:00:00'),(20418,'user_0418','$2b$10$7EqJtq98hPqEX7fNZaFWoOhi5g6Y8FDeihh5Z8SGvtQvECOHqWJ/S','https://cdn.demo.com/avatar/20418.png','黄艳',2,'15800000418','user_0418@demo.com','M',0,'1990-05-18',0,'2023-06-01 00:00:00','2023-06-01 00:00:00'),(20419,'user_0419','$2b$10$7EqJtq98hPqEX7fNZaFWoOhi5g6Y8FDeihh5Z8SGvtQvECOHqWJ/S','https://cdn.demo.com/avatar/20419.png','吴涛',2,'15800000419','user_0419@demo.com','F',0,'1990-05-19',0,'2023-06-01 00:00:00','2023-06-01 00:00:00'),(20420,'user_0420','$2b$10$7EqJtq98hPqEX7fNZaFWoOhi5g6Y8FDeihh5Z8SGvtQvECOHqWJ/S','https://cdn.demo.com/avatar/20420.png','周杰',2,'15800000420','user_0420@demo.com','M',0,'1990-05-20',0,'2023-06-01 00:00:00','2023-06-01 00:00:00'),(20421,'user_0421','$2b$10$7EqJtq98hPqEX7fNZaFWoOhi5g6Y8FDeihh5Z8SGvtQvECOHqWJ/S','https://cdn.demo.com/avatar/20421.png','张伟',2,'15800000421','user_0421@demo.com','F',0,'1990-05-21',0,'2023-06-01 00:00:00','2023-06-01 00:00:00'),(20422,'user_0422','$2b$10$7EqJtq98hPqEX7fNZaFWoOhi5g6Y8FDeihh5Z8SGvtQvECOHqWJ/S','https://cdn.demo.com/avatar/20422.png','李芳',2,'15800000422','user_0422@demo.com','M',0,'1990-05-22',0,'2023-06-01 00:00:00','2023-06-01 00:00:00'),(20423,'user_0423','$2b$10$7EqJtq98hPqEX7fNZaFWoOhi5g6Y8FDeihh5Z8SGvtQvECOHqWJ/S','https://cdn.demo.com/avatar/20423.png','王娜',2,'15800000423','user_0423@demo.com','F',0,'1990-05-23',0,'2023-06-01 00:00:00','2023-06-01 00:00:00'),(20424,'user_0424','$2b$10$7EqJtq98hPqEX7fNZaFWoOhi5g6Y8FDeihh5Z8SGvtQvECOHqWJ/S','https://cdn.demo.com/avatar/20424.png','赵敏',2,'15800000424','user_0424@demo.com','M',0,'1990-05-24',0,'2023-06-01 00:00:00','2023-06-01 00:00:00'),(20425,'user_0425','$2b$10$7EqJtq98hPqEX7fNZaFWoOhi5g6Y8FDeihh5Z8SGvtQvECOHqWJ/S','https://cdn.demo.com/avatar/20425.png','刘静',2,'15800000425','user_0425@demo.com','F',0,'1990-05-25',0,'2023-06-01 00:00:00','2023-06-01 00:00:00'),(20426,'user_0426','$2b$10$7EqJtq98hPqEX7fNZaFWoOhi5g6Y8FDeihh5Z8SGvtQvECOHqWJ/S','https://cdn.demo.com/avatar/20426.png','陈军',2,'15800000426','user_0426@demo.com','M',0,'1990-05-26',0,'2023-06-01 00:00:00','2023-06-01 00:00:00'),(20427,'user_0427','$2b$10$7EqJtq98hPqEX7fNZaFWoOhi5g6Y8FDeihh5Z8SGvtQvECOHqWJ/S','https://cdn.demo.com/avatar/20427.png','杨磊',2,'15800000427','user_0427@demo.com','F',0,'1990-05-27',0,'2023-06-01 00:00:00','2023-06-01 00:00:00'),(20428,'user_0428','$2b$10$7EqJtq98hPqEX7fNZaFWoOhi5g6Y8FDeihh5Z8SGvtQvECOHqWJ/S','https://cdn.demo.com/avatar/20428.png','黄艳',2,'15800000428','user_0428@demo.com','M',0,'1990-05-28',0,'2023-06-01 00:00:00','2023-06-01 00:00:00'),(20429,'user_0429','$2b$10$7EqJtq98hPqEX7fNZaFWoOhi5g6Y8FDeihh5Z8SGvtQvECOHqWJ/S','https://cdn.demo.com/avatar/20429.png','吴涛',2,'15800000429','user_0429@demo.com','F',0,'1990-05-01',0,'2023-06-01 00:00:00','2023-06-01 00:00:00'),(20430,'user_0430','$2b$10$7EqJtq98hPqEX7fNZaFWoOhi5g6Y8FDeihh5Z8SGvtQvECOHqWJ/S','https://cdn.demo.com/avatar/20430.png','周杰',2,'15800000430','user_0430@demo.com','M',0,'1990-05-02',0,'2023-06-01 00:00:00','2023-06-01 00:00:00'),(20431,'user_0431','$2b$10$7EqJtq98hPqEX7fNZaFWoOhi5g6Y8FDeihh5Z8SGvtQvECOHqWJ/S','https://cdn.demo.com/avatar/20431.png','张伟',2,'15800000431','user_0431@demo.com','F',0,'1990-05-03',0,'2023-01-07 00:00:00','2025-10-18 15:36:31'),(20432,'user_0432','$2b$10$7EqJtq98hPqEX7fNZaFWoOhi5g6Y8FDeihh5Z8SGvtQvECOHqWJ/S','https://cdn.demo.com/avatar/20432.png','李芳',2,'15800000432','user_0432@demo.com','M',0,'1990-05-04',0,'2023-01-07 00:00:00','2025-10-18 15:36:31'),(20433,'user_0433','$2b$10$7EqJtq98hPqEX7fNZaFWoOhi5g6Y8FDeihh5Z8SGvtQvECOHqWJ/S','https://cdn.demo.com/avatar/20433.png','王娜',2,'15800000433','user_0433@demo.com','F',0,'1990-05-05',0,'2023-01-07 00:00:00','2025-10-18 15:36:30'),(20434,'user_0434','$2b$10$7EqJtq98hPqEX7fNZaFWoOhi5g6Y8FDeihh5Z8SGvtQvECOHqWJ/S','https://cdn.demo.com/avatar/20434.png','赵敏',2,'15800000434','user_0434@demo.com','M',0,'1990-05-06',0,'2023-01-07 00:00:00','2025-10-18 15:36:31'),(20435,'user_0435','$2b$10$7EqJtq98hPqEX7fNZaFWoOhi5g6Y8FDeihh5Z8SGvtQvECOHqWJ/S','https://cdn.demo.com/avatar/20435.png','刘静',2,'15800000435','user_0435@demo.com','F',0,'1990-05-07',0,'2023-01-07 00:00:00','2025-10-18 15:36:31'),(20436,'user_0436','$2b$10$7EqJtq98hPqEX7fNZaFWoOhi5g6Y8FDeihh5Z8SGvtQvECOHqWJ/S','https://cdn.demo.com/avatar/20436.png','陈军',2,'15800000436','user_0436@demo.com','M',0,'1990-05-08',0,'2023-01-07 00:00:00','2025-10-18 15:36:31'),(20437,'user_0437','$2b$10$7EqJtq98hPqEX7fNZaFWoOhi5g6Y8FDeihh5Z8SGvtQvECOHqWJ/S','https://cdn.demo.com/avatar/20437.png','杨磊',2,'15800000437','user_0437@demo.com','F',0,'1990-05-09',0,'2023-01-07 00:00:00','2025-10-18 15:36:31'),(20438,'user_0438','$2b$10$7EqJtq98hPqEX7fNZaFWoOhi5g6Y8FDeihh5Z8SGvtQvECOHqWJ/S','https://cdn.demo.com/avatar/20438.png','黄艳',2,'15800000438','user_0438@demo.com','M',0,'1990-05-10',0,'2023-01-07 00:00:00','2025-10-18 15:36:31'),(20439,'user_0439','$2b$10$7EqJtq98hPqEX7fNZaFWoOhi5g6Y8FDeihh5Z8SGvtQvECOHqWJ/S','https://cdn.demo.com/avatar/20439.png','吴涛',2,'15800000439','user_0439@demo.com','F',0,'1990-05-11',0,'2023-01-07 00:00:00','2025-10-18 15:36:31'),(20440,'user_0440','$2b$10$7EqJtq98hPqEX7fNZaFWoOhi5g6Y8FDeihh5Z8SGvtQvECOHqWJ/S','https://cdn.demo.com/avatar/20440.png','周杰',2,'15800000440','user_0440@demo.com','M',0,'1990-05-12',0,'2023-01-07 00:00:00','2025-10-18 15:36:30'),(20441,'user_0441','$2b$10$7EqJtq98hPqEX7fNZaFWoOhi5g6Y8FDeihh5Z8SGvtQvECOHqWJ/S','https://cdn.demo.com/avatar/20441.png','张伟',2,'15800000441','user_0441@demo.com','F',0,'1990-05-13',0,'2023-06-01 00:00:00','2023-06-01 00:00:00'),(20442,'user_0442','$2b$10$7EqJtq98hPqEX7fNZaFWoOhi5g6Y8FDeihh5Z8SGvtQvECOHqWJ/S','https://cdn.demo.com/avatar/20442.png','李芳',2,'15800000442','user_0442@demo.com','M',0,'1990-05-14',0,'2023-06-01 00:00:00','2023-06-01 00:00:00'),(20443,'user_0443','$2b$10$7EqJtq98hPqEX7fNZaFWoOhi5g6Y8FDeihh5Z8SGvtQvECOHqWJ/S','https://cdn.demo.com/avatar/20443.png','王娜',2,'15800000443','user_0443@demo.com','F',0,'1990-05-15',0,'2023-06-01 00:00:00','2023-06-01 00:00:00'),(20444,'user_0444','$2b$10$7EqJtq98hPqEX7fNZaFWoOhi5g6Y8FDeihh5Z8SGvtQvECOHqWJ/S','https://cdn.demo.com/avatar/20444.png','赵敏',2,'15800000444','user_0444@demo.com','M',0,'1990-05-16',0,'2023-06-01 00:00:00','2023-06-01 00:00:00'),(20445,'user_0445','$2b$10$7EqJtq98hPqEX7fNZaFWoOhi5g6Y8FDeihh5Z8SGvtQvECOHqWJ/S','https://cdn.demo.com/avatar/20445.png','刘静',2,'15800000445','user_0445@demo.com','F',0,'1990-05-17',0,'2023-06-01 00:00:00','2023-06-01 00:00:00'),(20446,'user_0446','$2b$10$7EqJtq98hPqEX7fNZaFWoOhi5g6Y8FDeihh5Z8SGvtQvECOHqWJ/S','https://cdn.demo.com/avatar/20446.png','陈军',2,'15800000446','user_0446@demo.com','M',0,'1990-05-18',0,'2023-06-01 00:00:00','2023-06-01 00:00:00'),(20447,'user_0447','$2b$10$7EqJtq98hPqEX7fNZaFWoOhi5g6Y8FDeihh5Z8SGvtQvECOHqWJ/S','https://cdn.demo.com/avatar/20447.png','杨磊',2,'15800000447','user_0447@demo.com','F',0,'1990-05-19',0,'2023-06-01 00:00:00','2023-06-01 00:00:00'),(20448,'user_0448','$2b$10$7EqJtq98hPqEX7fNZaFWoOhi5g6Y8FDeihh5Z8SGvtQvECOHqWJ/S','https://cdn.demo.com/avatar/20448.png','黄艳',2,'15800000448','user_0448@demo.com','M',0,'1990-05-20',0,'2023-06-01 00:00:00','2023-06-01 00:00:00'),(20449,'user_0449','$2b$10$7EqJtq98hPqEX7fNZaFWoOhi5g6Y8FDeihh5Z8SGvtQvECOHqWJ/S','https://cdn.demo.com/avatar/20449.png','吴涛',2,'15800000449','user_0449@demo.com','F',0,'1990-05-21',0,'2023-06-01 00:00:00','2023-06-01 00:00:00'),(20450,'user_0450','$2b$10$7EqJtq98hPqEX7fNZaFWoOhi5g6Y8FDeihh5Z8SGvtQvECOHqWJ/S','https://cdn.demo.com/avatar/20450.png','周杰',2,'15800000450','user_0450@demo.com','M',0,'1990-05-22',0,'2023-06-01 00:00:00','2023-06-01 00:00:00'),(20451,'user_0451','$2b$10$7EqJtq98hPqEX7fNZaFWoOhi5g6Y8FDeihh5Z8SGvtQvECOHqWJ/S','https://cdn.demo.com/avatar/20451.png','张伟',2,'15800000451','user_0451@demo.com','F',0,'1990-05-23',0,'2023-06-01 00:00:00','2023-06-01 00:00:00'),(20452,'user_0452','$2b$10$7EqJtq98hPqEX7fNZaFWoOhi5g6Y8FDeihh5Z8SGvtQvECOHqWJ/S','https://cdn.demo.com/avatar/20452.png','李芳',2,'15800000452','user_0452@demo.com','M',0,'1990-05-24',0,'2023-06-01 00:00:00','2023-06-01 00:00:00'),(20453,'user_0453','$2b$10$7EqJtq98hPqEX7fNZaFWoOhi5g6Y8FDeihh5Z8SGvtQvECOHqWJ/S','https://cdn.demo.com/avatar/20453.png','王娜',2,'15800000453','user_0453@demo.com','F',0,'1990-05-25',0,'2023-06-01 00:00:00','2023-06-01 00:00:00'),(20454,'user_0454','$2b$10$7EqJtq98hPqEX7fNZaFWoOhi5g6Y8FDeihh5Z8SGvtQvECOHqWJ/S','https://cdn.demo.com/avatar/20454.png','赵敏',2,'15800000454','user_0454@demo.com','M',0,'1990-05-26',0,'2023-06-01 00:00:00','2023-06-01 00:00:00'),(20455,'user_0455','$2b$10$7EqJtq98hPqEX7fNZaFWoOhi5g6Y8FDeihh5Z8SGvtQvECOHqWJ/S','https://cdn.demo.com/avatar/20455.png','刘静',2,'15800000455','user_0455@demo.com','F',0,'1990-05-27',0,'2023-06-01 00:00:00','2023-06-01 00:00:00'),(20456,'user_0456','$2b$10$7EqJtq98hPqEX7fNZaFWoOhi5g6Y8FDeihh5Z8SGvtQvECOHqWJ/S','https://cdn.demo.com/avatar/20456.png','陈军',2,'15800000456','user_0456@demo.com','M',0,'1990-05-28',0,'2023-06-01 00:00:00','2023-06-01 00:00:00'),(20457,'user_0457','$2b$10$7EqJtq98hPqEX7fNZaFWoOhi5g6Y8FDeihh5Z8SGvtQvECOHqWJ/S','https://cdn.demo.com/avatar/20457.png','杨磊',2,'15800000457','user_0457@demo.com','F',0,'1990-05-01',0,'2023-06-01 00:00:00','2023-06-01 00:00:00'),(20458,'user_0458','$2b$10$7EqJtq98hPqEX7fNZaFWoOhi5g6Y8FDeihh5Z8SGvtQvECOHqWJ/S','https://cdn.demo.com/avatar/20458.png','黄艳',2,'15800000458','user_0458@demo.com','M',0,'1990-05-02',0,'2023-06-01 00:00:00','2023-06-01 00:00:00'),(20459,'user_0459','$2b$10$7EqJtq98hPqEX7fNZaFWoOhi5g6Y8FDeihh5Z8SGvtQvECOHqWJ/S','https://cdn.demo.com/avatar/20459.png','吴涛',2,'15800000459','user_0459@demo.com','F',0,'1990-05-03',0,'2023-06-01 00:00:00','2023-06-01 00:00:00'),(20460,'user_0460','$2b$10$7EqJtq98hPqEX7fNZaFWoOhi5g6Y8FDeihh5Z8SGvtQvECOHqWJ/S','https://cdn.demo.com/avatar/20460.png','周杰',2,'15800000460','user_0460@demo.com','M',0,'1990-05-04',0,'2023-06-01 00:00:00','2023-06-01 00:00:00'),(20461,'user_0461','$2b$10$7EqJtq98hPqEX7fNZaFWoOhi5g6Y8FDeihh5Z8SGvtQvECOHqWJ/S','https://cdn.demo.com/avatar/20461.png','张伟',2,'15800000461','user_0461@demo.com','F',0,'1990-05-05',0,'2023-06-01 00:00:00','2023-06-01 00:00:00'),(20462,'user_0462','$2b$10$7EqJtq98hPqEX7fNZaFWoOhi5g6Y8FDeihh5Z8SGvtQvECOHqWJ/S','https://cdn.demo.com/avatar/20462.png','李芳',2,'15800000462','user_0462@demo.com','M',0,'1990-05-06',0,'2023-06-01 00:00:00','2023-06-01 00:00:00'),(20463,'user_0463','$2b$10$7EqJtq98hPqEX7fNZaFWoOhi5g6Y8FDeihh5Z8SGvtQvECOHqWJ/S','https://cdn.demo.com/avatar/20463.png','王娜',2,'15800000463','user_0463@demo.com','F',0,'1990-05-07',0,'2023-06-01 00:00:00','2023-06-01 00:00:00'),(20464,'user_0464','$2b$10$7EqJtq98hPqEX7fNZaFWoOhi5g6Y8FDeihh5Z8SGvtQvECOHqWJ/S','https://cdn.demo.com/avatar/20464.png','赵敏',2,'15800000464','user_0464@demo.com','M',0,'1990-05-08',0,'2023-06-01 00:00:00','2023-06-01 00:00:00'),(20465,'user_0465','$2b$10$7EqJtq98hPqEX7fNZaFWoOhi5g6Y8FDeihh5Z8SGvtQvECOHqWJ/S','https://cdn.demo.com/avatar/20465.png','刘静',2,'15800000465','user_0465@demo.com','F',0,'1990-05-09',0,'2023-06-01 00:00:00','2023-06-01 00:00:00'),(20466,'user_0466','$2b$10$7EqJtq98hPqEX7fNZaFWoOhi5g6Y8FDeihh5Z8SGvtQvECOHqWJ/S','https://cdn.demo.com/avatar/20466.png','陈军',2,'15800000466','user_0466@demo.com','M',0,'1990-05-10',0,'2023-06-01 00:00:00','2023-06-01 00:00:00'),(20467,'user_0467','$2b$10$7EqJtq98hPqEX7fNZaFWoOhi5g6Y8FDeihh5Z8SGvtQvECOHqWJ/S','https://cdn.demo.com/avatar/20467.png','杨磊',2,'15800000467','user_0467@demo.com','F',0,'1990-05-11',0,'2023-06-01 00:00:00','2023-06-01 00:00:00'),(20468,'user_0468','$2b$10$7EqJtq98hPqEX7fNZaFWoOhi5g6Y8FDeihh5Z8SGvtQvECOHqWJ/S','https://cdn.demo.com/avatar/20468.png','黄艳',2,'15800000468','user_0468@demo.com','M',0,'1990-05-12',0,'2023-06-01 00:00:00','2023-06-01 00:00:00'),(20469,'user_0469','$2b$10$7EqJtq98hPqEX7fNZaFWoOhi5g6Y8FDeihh5Z8SGvtQvECOHqWJ/S','https://cdn.demo.com/avatar/20469.png','吴涛',2,'15800000469','user_0469@demo.com','F',0,'1990-05-13',0,'2023-06-01 00:00:00','2023-06-01 00:00:00'),(20470,'user_0470','$2b$10$7EqJtq98hPqEX7fNZaFWoOhi5g6Y8FDeihh5Z8SGvtQvECOHqWJ/S','https://cdn.demo.com/avatar/20470.png','周杰',2,'15800000470','user_0470@demo.com','M',0,'1990-05-14',0,'2023-06-01 00:00:00','2023-06-01 00:00:00'),(20471,'user_0471','$2b$10$7EqJtq98hPqEX7fNZaFWoOhi5g6Y8FDeihh5Z8SGvtQvECOHqWJ/S','https://cdn.demo.com/avatar/20471.png','张伟',2,'15800000471','user_0471@demo.com','F',0,'1990-05-15',0,'2023-06-01 00:00:00','2023-06-01 00:00:00'),(20472,'user_0472','$2b$10$7EqJtq98hPqEX7fNZaFWoOhi5g6Y8FDeihh5Z8SGvtQvECOHqWJ/S','https://cdn.demo.com/avatar/20472.png','李芳',2,'15800000472','user_0472@demo.com','M',0,'1990-05-16',0,'2023-06-01 00:00:00','2023-06-01 00:00:00'),(20473,'user_0473','$2b$10$7EqJtq98hPqEX7fNZaFWoOhi5g6Y8FDeihh5Z8SGvtQvECOHqWJ/S','https://cdn.demo.com/avatar/20473.png','王娜',2,'15800000473','user_0473@demo.com','F',0,'1990-05-17',0,'2023-06-01 00:00:00','2023-06-01 00:00:00'),(20474,'user_0474','$2b$10$7EqJtq98hPqEX7fNZaFWoOhi5g6Y8FDeihh5Z8SGvtQvECOHqWJ/S','https://cdn.demo.com/avatar/20474.png','赵敏',2,'15800000474','user_0474@demo.com','M',0,'1990-05-18',0,'2023-06-01 00:00:00','2023-06-01 00:00:00'),(20475,'user_0475','$2b$10$7EqJtq98hPqEX7fNZaFWoOhi5g6Y8FDeihh5Z8SGvtQvECOHqWJ/S','https://cdn.demo.com/avatar/20475.png','刘静',2,'15800000475','user_0475@demo.com','F',0,'1990-05-19',0,'2023-06-01 00:00:00','2023-06-01 00:00:00'),(20476,'user_0476','$2b$10$7EqJtq98hPqEX7fNZaFWoOhi5g6Y8FDeihh5Z8SGvtQvECOHqWJ/S','https://cdn.demo.com/avatar/20476.png','陈军',2,'15800000476','user_0476@demo.com','M',0,'1990-05-20',0,'2023-06-01 00:00:00','2023-06-01 00:00:00'),(20477,'user_0477','$2b$10$7EqJtq98hPqEX7fNZaFWoOhi5g6Y8FDeihh5Z8SGvtQvECOHqWJ/S','https://cdn.demo.com/avatar/20477.png','杨磊',2,'15800000477','user_0477@demo.com','F',0,'1990-05-21',0,'2023-06-01 00:00:00','2023-06-01 00:00:00'),(20478,'user_0478','$2b$10$7EqJtq98hPqEX7fNZaFWoOhi5g6Y8FDeihh5Z8SGvtQvECOHqWJ/S','https://cdn.demo.com/avatar/20478.png','黄艳',2,'15800000478','user_0478@demo.com','M',0,'1990-05-22',0,'2023-06-01 00:00:00','2023-06-01 00:00:00'),(20479,'user_0479','$2b$10$7EqJtq98hPqEX7fNZaFWoOhi5g6Y8FDeihh5Z8SGvtQvECOHqWJ/S','https://cdn.demo.com/avatar/20479.png','吴涛',2,'15800000479','user_0479@demo.com','F',0,'1990-05-23',0,'2023-06-01 00:00:00','2023-06-01 00:00:00'),(20480,'user_0480','$2b$10$7EqJtq98hPqEX7fNZaFWoOhi5g6Y8FDeihh5Z8SGvtQvECOHqWJ/S','https://cdn.demo.com/avatar/20480.png','周杰',2,'15800000480','user_0480@demo.com','M',0,'1990-05-24',0,'2023-06-01 00:00:00','2023-06-01 00:00:00'),(20481,'user_0481','$2b$10$7EqJtq98hPqEX7fNZaFWoOhi5g6Y8FDeihh5Z8SGvtQvECOHqWJ/S','https://cdn.demo.com/avatar/20481.png','张伟',2,'15800000481','user_0481@demo.com','F',0,'1990-05-25',0,'2023-06-01 00:00:00','2023-06-01 00:00:00'),(20482,'user_0482','$2b$10$7EqJtq98hPqEX7fNZaFWoOhi5g6Y8FDeihh5Z8SGvtQvECOHqWJ/S','https://cdn.demo.com/avatar/20482.png','李芳',2,'15800000482','user_0482@demo.com','M',0,'1990-05-26',0,'2023-06-01 00:00:00','2023-06-01 00:00:00'),(20483,'user_0483','$2b$10$7EqJtq98hPqEX7fNZaFWoOhi5g6Y8FDeihh5Z8SGvtQvECOHqWJ/S','https://cdn.demo.com/avatar/20483.png','王娜',2,'15800000483','user_0483@demo.com','F',0,'1990-05-27',0,'2023-06-01 00:00:00','2023-06-01 00:00:00'),(20484,'user_0484','$2b$10$7EqJtq98hPqEX7fNZaFWoOhi5g6Y8FDeihh5Z8SGvtQvECOHqWJ/S','https://cdn.demo.com/avatar/20484.png','赵敏',2,'15800000484','user_0484@demo.com','M',0,'1990-05-28',0,'2023-06-01 00:00:00','2023-06-01 00:00:00'),(20485,'user_0485','$2b$10$7EqJtq98hPqEX7fNZaFWoOhi5g6Y8FDeihh5Z8SGvtQvECOHqWJ/S','https://cdn.demo.com/avatar/20485.png','刘静',2,'15800000485','user_0485@demo.com','F',0,'1990-05-01',0,'2023-06-01 00:00:00','2023-06-01 00:00:00'),(20486,'user_0486','$2b$10$7EqJtq98hPqEX7fNZaFWoOhi5g6Y8FDeihh5Z8SGvtQvECOHqWJ/S','https://cdn.demo.com/avatar/20486.png','陈军',2,'15800000486','user_0486@demo.com','M',0,'1990-05-02',0,'2023-06-01 00:00:00','2023-06-01 00:00:00'),(20487,'user_0487','$2b$10$7EqJtq98hPqEX7fNZaFWoOhi5g6Y8FDeihh5Z8SGvtQvECOHqWJ/S','https://cdn.demo.com/avatar/20487.png','杨磊',2,'15800000487','user_0487@demo.com','F',0,'1990-05-03',0,'2023-06-01 00:00:00','2023-06-01 00:00:00'),(20488,'user_0488','$2b$10$7EqJtq98hPqEX7fNZaFWoOhi5g6Y8FDeihh5Z8SGvtQvECOHqWJ/S','https://cdn.demo.com/avatar/20488.png','黄艳',2,'15800000488','user_0488@demo.com','M',0,'1990-05-04',0,'2023-06-01 00:00:00','2023-06-01 00:00:00'),(20489,'user_0489','$2b$10$7EqJtq98hPqEX7fNZaFWoOhi5g6Y8FDeihh5Z8SGvtQvECOHqWJ/S','https://cdn.demo.com/avatar/20489.png','吴涛',2,'15800000489','user_0489@demo.com','F',0,'1990-05-05',0,'2023-06-01 00:00:00','2023-06-01 00:00:00'),(20490,'user_0490','$2b$10$7EqJtq98hPqEX7fNZaFWoOhi5g6Y8FDeihh5Z8SGvtQvECOHqWJ/S','https://cdn.demo.com/avatar/20490.png','周杰',2,'15800000490','user_0490@demo.com','M',0,'1990-05-06',0,'2023-06-01 00:00:00','2023-06-01 00:00:00'),(20491,'user_0491','$2b$10$7EqJtq98hPqEX7fNZaFWoOhi5g6Y8FDeihh5Z8SGvtQvECOHqWJ/S','https://cdn.demo.com/avatar/20491.png','张伟',2,'15800000491','user_0491@demo.com','F',0,'1990-05-07',0,'2023-06-01 00:00:00','2023-06-01 00:00:00'),(20492,'user_0492','$2b$10$7EqJtq98hPqEX7fNZaFWoOhi5g6Y8FDeihh5Z8SGvtQvECOHqWJ/S','https://cdn.demo.com/avatar/20492.png','李芳',2,'15800000492','user_0492@demo.com','M',0,'1990-05-08',0,'2023-06-01 00:00:00','2023-06-01 00:00:00'),(20493,'user_0493','$2b$10$7EqJtq98hPqEX7fNZaFWoOhi5g6Y8FDeihh5Z8SGvtQvECOHqWJ/S','https://cdn.demo.com/avatar/20493.png','王娜',2,'15800000493','user_0493@demo.com','F',0,'1990-05-09',0,'2023-06-01 00:00:00','2023-06-01 00:00:00'),(20494,'user_0494','$2b$10$7EqJtq98hPqEX7fNZaFWoOhi5g6Y8FDeihh5Z8SGvtQvECOHqWJ/S','https://cdn.demo.com/avatar/20494.png','赵敏',2,'15800000494','user_0494@demo.com','M',0,'1990-05-10',0,'2023-06-01 00:00:00','2023-06-01 00:00:00'),(20495,'user_0495','$2b$10$7EqJtq98hPqEX7fNZaFWoOhi5g6Y8FDeihh5Z8SGvtQvECOHqWJ/S','https://cdn.demo.com/avatar/20495.png','刘静',2,'15800000495','user_0495@demo.com','F',0,'1990-05-11',0,'2023-06-01 00:00:00','2023-06-01 00:00:00'),(20496,'user_0496','$2b$10$7EqJtq98hPqEX7fNZaFWoOhi5g6Y8FDeihh5Z8SGvtQvECOHqWJ/S','https://cdn.demo.com/avatar/20496.png','陈军',2,'15800000496','user_0496@demo.com','M',0,'1990-05-12',0,'2023-06-01 00:00:00','2023-06-01 00:00:00'),(20497,'user_0497','$2b$10$7EqJtq98hPqEX7fNZaFWoOhi5g6Y8FDeihh5Z8SGvtQvECOHqWJ/S','https://cdn.demo.com/avatar/20497.png','杨磊',2,'15800000497','user_0497@demo.com','F',0,'1990-05-13',0,'2023-06-01 00:00:00','2023-06-01 00:00:00'),(20498,'user_0498','$2b$10$7EqJtq98hPqEX7fNZaFWoOhi5g6Y8FDeihh5Z8SGvtQvECOHqWJ/S','https://cdn.demo.com/avatar/20498.png','黄艳',2,'15800000498','user_0498@demo.com','M',0,'1990-05-14',0,'2023-06-01 00:00:00','2023-06-01 00:00:00'),(20499,'user_0499','$2b$10$7EqJtq98hPqEX7fNZaFWoOhi5g6Y8FDeihh5Z8SGvtQvECOHqWJ/S','https://cdn.demo.com/avatar/20499.png','吴涛',2,'15800000499','user_0499@demo.com','F',0,'1990-05-15',0,'2023-06-01 00:00:00','2023-06-01 00:00:00'),(20500,'user_0500','$2b$10$7EqJtq98hPqEX7fNZaFWoOhi5g6Y8FDeihh5Z8SGvtQvECOHqWJ/S','https://cdn.demo.com/avatar/20500.png','周杰',2,'15800000500','user_0500@demo.com','M',0,'1990-05-16',0,'2023-06-01 00:00:00','2023-06-01 00:00:00'),(1760116803804,'yt','$2a$10$g9/2KcCMnp9Xxc4hZ.FJPOt5GRfEz8l82UApPCiXdpT5TKAYUt.3K',NULL,'余涛',2,'18380971310',NULL,'M',0,'1990-01-01',0,'2025-10-11 01:20:04','2025-10-11 01:20:04'),(1760190017284,'yt1','$2a$10$kGwPT7bjL0DrvykcRO.JU.eQv0Uw/Qq.dxKGvo71IG68zu9mgX7xS',NULL,'余涛',0,'18380971311','3157343336@qq.com','F',0,'1990-01-01',0,'2025-10-11 21:40:17','2025-10-11 21:40:17'),(1760190067234,'yt2','$2a$10$RkLfwDpYVzAZzZrVTJ32Y.vIjceL4PQrSoNECQNe1cQhY3A9XM0vK',NULL,'余涛',1,'18380971312',NULL,'F',0,'1990-01-01',0,'2025-10-11 21:41:07','2025-10-11 21:41:07'),(1977360981092118529,'jb1414','$2a$10$o7izsVvZSjuVnt9cGvC8y.vNGv48RNh7AHmDYh.ZyuqaORG3dWt1S',NULL,'yh',2,'13027120888','164565411@qq.com','F',0,'1986-12-30',0,'2025-10-12 21:09:30','2025-10-12 21:09:30');
INSERT INTO `users` VALUES (1760116803804,'patient_001','$2b$10$7EqJtq98hPqEX7fNZaFWoOhi5g6Y8FDeihh5Z8SGvtQvECOHqWJ/S','https://cdn.demo.com/avatar/p001.png','测试患者',2,'13910000001','patient_001@demo.com','M',0,'1990-01-01',0,'2023-01-01 00:00:00','2023-01-01 00:00:00');
INSERT INTO `users` VALUES (10000000000000001,'patient_002','$2b$10$7EqJtq98hPqEX7fNZaFWoOhi5g6Y8FDeihh5Z8SGvtQvECOHqWJ/S','https://cdn.demo.com/avatar/p002.png','模拟患者A',2,'13910000002','patient_002@demo.com','F',0,'1992-02-02',0,'2023-02-02 00:00:00','2023-02-02 00:00:00');
INSERT INTO `users` VALUES (10000000000000002,'patient_003','$2b$10$7EqJtq98hPqEX7fNZaFWoOhi5g6Y8FDeihh5Z8SGvtQvECOHqWJ/S','https://cdn.demo.com/avatar/p003.png','模拟患者B',2,'13910000003','patient_003@demo.com','M',0,'1993-03-03',0,'2023-03-03 00:00:00','2023-03-03 00:00:00');
UPDATE `users` SET `avatar_url` = '/uploads/images/生成医生卡通头像.png' WHERE `id` = 1001;
UPDATE `users` SET `avatar_url` = '/uploads/images/生成医生卡通头像 (1).png' WHERE `id` = 1002;
UPDATE `users` SET `avatar_url` = '/uploads/images/生成医生卡通头像 (2).png' WHERE `id` = 1003;
UPDATE `users` SET `avatar_url` = '/uploads/images/生成医生卡通头像 (3).png' WHERE `id` = 1004;
UPDATE `users` SET `avatar_url` = '/uploads/images/生成医生卡通头像 (4).png' WHERE `id` = 1005;
UPDATE `users` SET `avatar_url` = '/uploads/images/生成医生卡通头像 (5).png' WHERE `id` = 1006;
UPDATE `users` SET `avatar_url` = '/uploads/images/生成医生卡通头像 (6).png' WHERE `id` = 1007;
UPDATE `users` SET `avatar_url` = '/uploads/images/生成医生卡通头像 (7).png' WHERE `id` = 1008;
UPDATE `users` SET `avatar_url` = '/uploads/images/生成医生卡通头像 (8).png' WHERE `id` = 1009;
UPDATE `users` SET `avatar_url` = '/uploads/images/生成医生卡通头像 (9).png' WHERE `id` = 1010;
/*!40000 ALTER TABLE `users` ENABLE KEYS */;
UNLOCK TABLES;

--
-- Table structure for table `video_categories`
--

DROP TABLE IF EXISTS `video_categories`;
/*!40101 SET @saved_cs_client     = @@character_set_client */;
/*!50503 SET character_set_client = utf8mb4 */;
CREATE TABLE `video_categories` (
  `id` bigint NOT NULL COMMENT '主键，雪花ID',
  `name` varchar(50) NOT NULL COMMENT '分类名称',
  `description` varchar(200) DEFAULT NULL COMMENT '分类描述',
  `sort_order` int NOT NULL DEFAULT '0' COMMENT '排序',
  `is_enabled` tinyint NOT NULL DEFAULT '1' COMMENT '是否启用：0 否 1 是',
  `created_at` datetime DEFAULT CURRENT_TIMESTAMP COMMENT '创建时间',
  `updated_at` datetime DEFAULT CURRENT_TIMESTAMP ON UPDATE CURRENT_TIMESTAMP COMMENT '更新时间',
  PRIMARY KEY (`id`)
) ENGINE=InnoDB DEFAULT CHARSET=utf8mb4 COLLATE=utf8mb4_0900_ai_ci COMMENT='视频分类表';
/*!40101 SET character_set_client = @saved_cs_client */;

--
-- Dumping data for table `video_categories`
--

LOCK TABLES `video_categories` WRITE;
/*!40000 ALTER TABLE `video_categories` DISABLE KEYS */;
INSERT INTO `video_categories` VALUES (2001,'健身教学','各类健身动作教学视频',1,1,'2025-12-01 15:16:23','2025-12-01 22:00:18'),(2002,'营养烹饪','健康食谱制作教程',2,1,'2025-12-01 15:16:23','2025-12-01 22:00:19'),(2003,'医学科普','专业医学知识科普视频',3,1,'2025-12-01 15:16:23','2025-12-01 22:00:19'),(2004,'心理疏导','心理健康指导和放松训练',4,1,'2025-12-01 15:16:23','2025-12-01 22:00:19'),(2005,'急救技能','日常急救方法和技能培训',5,1,'2025-12-01 15:16:23','2025-12-01 22:00:20'),(2006,'康复训练','术后康复、伤病恢复训练指导',6,1,'2025-12-01 15:16:23','2025-12-01 15:16:23'),(2007,'健康讲座','专家健康讲座和专题报告',7,1,'2025-12-01 15:16:23','2025-12-01 15:16:23'),(2008,'体检解读','体检报告解读和健康评估',8,1,'2025-12-01 15:16:23','2025-12-01 15:16:23');
/*!40000 ALTER TABLE `video_categories` ENABLE KEYS */;
UNLOCK TABLES;

--
-- Table structure for table `video_category_relations`
--

DROP TABLE IF EXISTS `video_category_relations`;
/*!40101 SET @saved_cs_client     = @@character_set_client */;
/*!50503 SET character_set_client = utf8mb4 */;
CREATE TABLE `video_category_relations` (
  `id` bigint NOT NULL COMMENT '主键，雪花ID',
  `video_id` bigint NOT NULL COMMENT '视频ID',
  `category_id` bigint NOT NULL COMMENT '分类ID',
  `created_at` datetime DEFAULT CURRENT_TIMESTAMP COMMENT '创建时间',
  PRIMARY KEY (`id`),
  UNIQUE KEY `uk_video_category` (`video_id`,`category_id`),
  KEY `idx_vcr_video_id` (`video_id`),
  KEY `idx_vcr_category_id` (`category_id`)
) ENGINE=InnoDB DEFAULT CHARSET=utf8mb4 COLLATE=utf8mb4_0900_ai_ci COMMENT='视频分类关联表';
/*!40101 SET character_set_client = @saved_cs_client */;

--
-- Dumping data for table `video_category_relations`
--

LOCK TABLES `video_category_relations` WRITE;
/*!40000 ALTER TABLE `video_category_relations` DISABLE KEYS */;
INSERT INTO `video_category_relations` VALUES (20001,1,2001,'2025-12-01 15:16:23'),(20002,1,2002,'2025-12-01 15:16:23'),(20003,2,2003,'2025-12-01 15:16:23'),(20004,3,2001,'2025-12-01 15:16:23'),(20005,4,2004,'2025-12-01 15:16:23'),(20006,5,2005,'2025-12-01 15:16:23'),(20007,6,2006,'2025-12-01 15:16:23'),(20008,7,2007,'2025-12-01 15:16:23'),(20009,8,2001,'2025-12-01 15:16:23'),(20010,9,2003,'2025-12-01 15:16:23'),(20011,10,2008,'2025-12-01 15:16:23'),(20012,12,2002,'2025-12-01 15:16:23'),(20014,15,2001,'2025-12-01 15:16:23'),(20015,16,2005,'2025-12-01 15:16:23'),(20016,18,2006,'2025-12-01 15:16:23'),(20017,20,2007,'2025-12-01 15:16:23'),(20018,21,2003,'2025-12-01 15:16:23'),(20019,22,2008,'2025-12-01 15:16:23'),(20020,23,2001,'2025-12-01 15:16:23'),(20021,24,2002,'2025-12-01 15:16:23'),(1995481000963399682,19,2002,'2025-12-01 21:12:00'),(1995481000963399683,19,2004,'2025-12-01 21:12:00'),(1995481000963399684,19,2003,'2025-12-01 21:12:00'),(1995481030843621378,17,2003,'2025-12-01 21:12:07'),(1995481030843621379,17,2006,'2025-12-01 21:12:07'),(1995481030843621380,17,2007,'2025-12-01 21:12:07'),(1995481030843621381,17,2004,'2025-12-01 21:12:07'),(1995481030843621382,17,2005,'2025-12-01 21:12:07'),(1995487002114859010,14,2004,'2025-12-01 21:35:50');
/*!40000 ALTER TABLE `video_category_relations` ENABLE KEYS */;
UNLOCK TABLES;
DROP TABLE IF EXISTS `medicine_categories`;
/*!40101 SET @saved_cs_client     = @@character_set_client */;
/*!50503 SET character_set_client = utf8mb4 */;
CREATE TABLE `medicine_categories` (
  `id` bigint NOT NULL COMMENT '主键，雪花ID',
  `parent_id` bigint DEFAULT NULL COMMENT '父分类ID（为空表示一级分类）',
  `name` varchar(64) NOT NULL COMMENT '分类名称',
  `description` varchar(200) DEFAULT NULL COMMENT '分类描述',
  `sort_order` int NOT NULL DEFAULT '0' COMMENT '排序',
  `is_enabled` tinyint NOT NULL DEFAULT '1' COMMENT '是否启用：0 否 1 是',
  `created_at` datetime DEFAULT CURRENT_TIMESTAMP COMMENT '创建时间',
  `updated_at` datetime DEFAULT CURRENT_TIMESTAMP ON UPDATE CURRENT_TIMESTAMP COMMENT '更新时间',
  PRIMARY KEY (`id`),
  KEY `idx_medicine_categories_parent_id` (`parent_id`)
) ENGINE=InnoDB DEFAULT CHARSET=utf8mb4 COLLATE=utf8mb4_0900_ai_ci COMMENT='药品分类表（支持父子层级）';
/*!40101 SET character_set_client = @saved_cs_client */;

DROP TABLE IF EXISTS `medicines`;
/*!40101 SET @saved_cs_client     = @@character_set_client */;
/*!50503 SET character_set_client = utf8mb4 */;
CREATE TABLE `medicines` (
  `id` bigint NOT NULL COMMENT '主键，雪花ID',
  `name` varchar(100) NOT NULL COMMENT '药品名称（展示名）',
  `common_name` varchar(100) DEFAULT NULL COMMENT '通用名称',
  `brand_name` varchar(100) DEFAULT NULL COMMENT '品牌/商品名',
  `description` varchar(500) DEFAULT NULL COMMENT '简介摘要（用于卡片文案）',
  `cover_image_url` varchar(255) DEFAULT NULL COMMENT '封面图片URL',
  `images` json DEFAULT NULL COMMENT '图片列表JSON数组',
  `specs` json DEFAULT NULL COMMENT '规格列表JSON数组（如“10包/盒”）',
  `tags` json DEFAULT NULL COMMENT '标签JSON数组',
  `recommendation_level` varchar(50) DEFAULT NULL COMMENT '推荐级别文案（如“首选推荐”）',
  `is_prescription` tinyint NOT NULL DEFAULT '0' COMMENT '是否处方药：0 否（OTC） 1 是',
  `price` decimal(10,2) NOT NULL COMMENT '现价',
  `original_price` decimal(10,2) DEFAULT NULL COMMENT '原价',
  `sales` int NOT NULL DEFAULT '0' COMMENT '月售/销量',
  `rating` decimal(5,2) NOT NULL DEFAULT '0.00' COMMENT '好评率百分比（0-100）',
  `indications` text COMMENT '适应症',
  `functions` text COMMENT '功能主治',
  `dosage` text COMMENT '用法用量',
  `adverse_reactions` text COMMENT '不良反应',
  `contraindications` text COMMENT '禁忌',
  `precautions` text COMMENT '注意事项',
  `status` tinyint NOT NULL DEFAULT '1' COMMENT '状态：0 隐藏 1 显示',
  `is_deleted` tinyint NOT NULL DEFAULT '0' COMMENT '逻辑删除：0 正常 1 已删',
  `created_at` datetime DEFAULT CURRENT_TIMESTAMP COMMENT '创建时间',
  `updated_at` datetime DEFAULT CURRENT_TIMESTAMP ON UPDATE CURRENT_TIMESTAMP COMMENT '更新时间',
  PRIMARY KEY (`id`),
  KEY `idx_medicines_name` (`name`),
  KEY `idx_medicines_status` (`status`),
  KEY `idx_medicines_is_prescription` (`is_prescription`)
) ENGINE=InnoDB DEFAULT CHARSET=utf8mb4 COLLATE=utf8mb4_0900_ai_ci COMMENT='药品信息主表（含客户端详情字段）';
/*!40101 SET character_set_client = @saved_cs_client */;

DROP TABLE IF EXISTS `medicine_category_relations`;
/*!40101 SET @saved_cs_client     = @@character_set_client */;
/*!50503 SET character_set_client = utf8mb4 */;
CREATE TABLE `medicine_category_relations` (
  `id` bigint NOT NULL COMMENT '主键，雪花ID',
  `medicine_id` bigint NOT NULL COMMENT '药品ID',
  `category_id` bigint NOT NULL COMMENT '分类ID',
  `created_at` datetime DEFAULT CURRENT_TIMESTAMP COMMENT '创建时间',
  PRIMARY KEY (`id`),
  UNIQUE KEY `uk_medicine_category` (`medicine_id`,`category_id`),
  KEY `idx_mcr_medicine_id` (`medicine_id`),
  KEY `idx_mcr_category_id` (`category_id`)
) ENGINE=InnoDB DEFAULT CHARSET=utf8mb4 COLLATE=utf8mb4_0900_ai_ci COMMENT='药品与分类的关联表';
/*!40101 SET character_set_client = @saved_cs_client */;
/*!40103 SET TIME_ZONE=@OLD_TIME_ZONE */;

/*!40101 SET SQL_MODE=@OLD_SQL_MODE */;
/*!40014 SET FOREIGN_KEY_CHECKS=@OLD_FOREIGN_KEY_CHECKS */;
/*!40014 SET UNIQUE_CHECKS=@OLD_UNIQUE_CHECKS */;
/*!40101 SET CHARACTER_SET_CLIENT=@OLD_CHARACTER_SET_CLIENT */;
/*!40101 SET CHARACTER_SET_RESULTS=@OLD_CHARACTER_SET_RESULTS */;
/*!40101 SET COLLATION_CONNECTION=@OLD_COLLATION_CONNECTION */;
/*!40111 SET SQL_NOTES=@OLD_SQL_NOTES */;

-- Dump completed on 2025-12-06 22:31:30
